# 3ds Max Wavefront OBJ Exporter v0.97b - (c)2007 guruware
# File Created: 08.08.2019 03:48:22

mtllib Diadumenos_Bust.mtl

#
# object Diadumenos_Bust_model
#

v  -0.4284 28.5733 10.2596
v  -0.3735 28.5517 10.1312
v  -0.1731 28.5524 10.2320
v  -0.2124 28.6149 10.3708
v  -0.5162 28.5316 10.4128
v  -0.2774 28.5860 10.5527
v  -0.6856 28.5014 10.2273
v  -0.5804 28.5445 10.1204
v  -0.4997 28.5430 10.0587
v  0.5817 27.5691 9.7596
v  0.6068 27.7441 9.8531
v  0.2791 27.7301 9.8307
v  0.2084 27.5672 9.7045
v  0.5544 27.4194 9.5767
v  0.1367 27.4313 9.4768
v  0.9580 27.4827 9.6338
v  0.9393 27.6371 9.7754
v  0.9190 27.8053 9.8537
v  1.2518 27.7697 9.7318
v  1.1940 27.9171 9.8007
v  1.3088 27.6345 9.6061
v  1.4975 27.9376 9.6788
v  1.5776 27.8332 9.5592
v  1.4138 28.0554 9.7422
v  1.2960 28.7746 10.4435
v  1.2157 28.6941 10.3530
v  1.4136 28.6765 10.1650
v  1.5206 28.7201 10.2412
v  1.3329 28.9486 10.4383
v  1.5758 28.8735 10.2235
v  1.0322 28.9924 10.6324
v  1.0228 28.7870 10.6512
v  0.9585 28.6893 10.5244
v  0.6810 28.7971 10.7851
v  0.3140 28.8065 10.8047
v  0.3246 28.6555 10.6949
v  0.6524 28.6746 10.6484
v  0.6767 29.0199 10.7588
v  0.2986 29.0271 10.7973
v  -0.0325 28.7925 10.7360
v  -0.3437 28.7529 10.6109
v  0.0078 28.6225 10.6586
v  -0.0654 29.0124 10.7279
v  -0.3961 28.9789 10.5852
v  -0.6067 28.6894 10.4522
v  -0.8078 28.6031 10.2712
v  -0.6890 28.9109 10.4191
v  -0.9278 28.8032 10.2388
v  -0.1530 27.6341 9.6276
v  -0.2745 27.4951 9.3944
v  -0.0444 27.7709 9.7787
v  -0.3343 27.8621 9.7189
v  -0.4690 27.7539 9.5661
v  -0.6432 27.6130 9.3762
v  -0.7127 27.9146 9.5445
v  -0.9155 27.7857 9.4691
v  -0.5545 28.0022 9.6442
v  -0.7038 28.1665 9.5892
v  -0.8857 28.1126 9.5321
v  -1.1009 28.0070 9.5648
v  -0.9777 28.2829 9.6633
v  -1.1557 28.2041 9.7614
v  -0.7972 28.3263 9.6504
v  -0.8225 28.4053 9.8318
v  -0.9791 28.3603 9.8976
v  -1.1733 28.4353 9.8912
v  -0.7852 28.4552 10.0320
v  -0.9320 28.4957 10.0769
v  -1.0939 28.6616 10.0369
v  1.0564 29.1960 10.6255
v  1.1611 29.3472 10.7818
v  0.7353 29.3913 10.9218
v  0.6777 29.2394 10.7392
v  0.2954 29.3959 10.9875
v  0.2819 29.2525 10.7830
v  1.3698 29.1459 10.4084
v  1.5294 29.2794 10.5425
v  1.6123 29.0641 10.1482
v  1.8050 29.1863 10.2314
v  1.8331 28.9011 9.9450
v  1.9761 29.0516 9.8958
v  1.7486 28.7616 10.0089
v  1.8067 28.6637 9.7640
v  1.9571 28.7110 9.7329
v  2.0828 28.8383 9.6094
v  -0.1051 29.2132 10.7792
v  -0.1304 29.3417 11.0016
v  -0.5402 29.2443 10.9488
v  -0.4777 29.1615 10.6782
v  -0.5262 28.4679 9.9730
v  -0.6577 28.5027 9.9615
v  -0.6740 28.4219 9.8141
v  -0.5318 28.3790 9.8666
v  -0.6499 28.3110 9.7095
v  -0.5706 28.2036 9.6539
v  -0.5176 28.2841 9.7783
v  -0.4878 28.2204 9.7188
v  0.6139 27.9223 9.8658
v  0.8841 27.9807 9.8355
v  0.6145 28.0555 9.9472
v  0.8691 28.1117 9.9113
v  0.3441 28.0355 9.9410
v  0.3282 27.9129 9.8363
v  0.6191 28.6643 10.4628
v  0.3265 28.6781 10.4829
v  0.3328 28.5472 10.3723
v  0.6109 28.5388 10.3646
v  0.8973 28.6629 10.3734
v  0.8759 28.5450 10.2911
v  0.6113 28.4082 10.2791
v  0.3397 28.4016 10.2883
v  0.3467 28.2694 10.1824
v  0.6142 28.2823 10.1806
v  0.8663 28.4326 10.2119
v  0.8633 28.3241 10.1212
v  0.6159 28.1645 10.0664
v  0.8644 28.2187 10.0162
v  0.3488 28.1457 10.0649
v  0.0447 28.6512 10.4531
v  0.0666 28.5472 10.3242
v  -0.3664 28.4411 10.0465
v  -0.3648 28.3309 9.9555
v  -0.1601 28.2880 10.0573
v  -0.1663 28.4128 10.1537
v  -0.1569 28.1818 9.9473
v  -0.3585 28.2338 9.8597
v  -0.3661 28.1595 9.7634
v  -0.1692 28.0918 9.8354
v  -0.4174 28.1012 9.6595
v  -0.2147 27.9982 9.7376
v  0.0418 27.9324 9.8058
v  0.0754 28.0480 9.9006
v  0.0840 28.1483 10.0244
v  0.0836 28.2708 10.1363
v  0.0754 28.4036 10.2393
v  1.1412 28.6533 10.2459
v  1.1078 28.5548 10.1834
v  1.2842 28.5658 10.0599
v  1.3272 28.6458 10.0938
v  1.0865 28.2808 9.9526
v  1.2595 28.3580 9.8741
v  1.2511 28.4321 9.9528
v  1.0844 28.3709 10.0444
v  1.0962 28.1879 9.8573
v  1.2772 28.2785 9.7902
v  1.1304 28.0671 9.7997
v  1.3307 28.1745 9.7502
v  1.6401 28.6826 10.0039
v  1.5293 28.6655 9.9642
v  1.5901 28.6150 9.7894
v  1.6796 28.6526 9.7668
v  1.6946 28.5265 9.6033
v  1.8045 28.5305 9.5482
v  1.6128 28.5164 9.6651
v  1.6136 28.3656 9.6438
v  1.7151 28.3230 9.6084
v  1.8273 28.2867 9.5389
v  1.4675 28.2883 9.7061
v  1.5314 28.4017 9.6787
v  1.4782 28.4173 9.7240
v  1.4067 28.3618 9.7418
v  1.5522 28.2089 9.6805
v  1.6470 28.1285 9.6264
v  1.7474 28.0559 9.5322
v  1.0897 28.4622 10.1197
v  1.2556 28.4985 10.0171
v  1.3665 28.4839 9.8868
v  1.4485 28.5297 9.8506
v  1.3907 28.5657 9.9441
v  1.3449 28.5231 9.9435
v  1.3851 28.4253 9.8144
v  1.4745 28.4740 9.7707
v  1.4499 28.6194 9.9472
v  1.5179 28.5730 9.8191
v  1.5446 28.5013 9.7218
v  1.9409 28.5444 9.4743
v  2.1197 28.5727 9.3726
v  1.9573 28.2621 9.4343
v  2.1485 28.2288 9.3438
v  0.5481 27.2002 9.4537
v  0.0631 27.1680 9.4268
v  0.5901 26.9228 9.5043
v  0.0464 26.8605 9.5120
v  1.0045 27.2994 9.5026
v  1.1067 27.0634 9.5146
v  1.8781 27.9825 9.4333
v  2.0815 27.8899 9.4153
v  1.6992 27.7137 9.4705
v  1.8828 27.5694 9.4708
v  1.3984 27.4791 9.4930
v  1.5501 27.2858 9.5108
v  -1.2948 28.6668 10.1870
v  -1.4782 28.6317 10.3550
v  -1.5410 28.3610 10.2132
v  -1.3830 28.4189 10.0136
v  -1.1090 28.8645 10.3887
v  -1.3340 28.8911 10.6434
v  -0.8248 29.0401 10.5518
v  -0.9345 29.1075 10.8327
v  -1.6029 28.5595 10.4635
v  -1.6400 28.6931 10.6552
v  -1.7979 28.4083 10.6192
v  -1.6720 28.3387 10.4037
v  -5.9806 27.3126 7.7248
v  -5.9206 27.2286 7.6973
v  -5.9065 27.2427 7.7783
v  -5.9542 27.3079 7.8008
v  -6.0132 27.3801 7.8011
v  -5.9807 27.3562 7.8363
v  -6.0542 27.4195 7.7478
v  -6.0026 27.3306 7.6437
v  -5.9293 27.2156 7.6057
v  -4.0902 27.7291 8.5360
v  -3.9321 27.6879 8.5922
v  -4.0385 27.8687 8.7499
v  -4.1946 27.8383 8.6467
v  -4.2379 27.6968 8.5716
v  -4.2739 27.7538 8.6537
v  -4.2279 27.5853 8.4938
v  -4.0891 27.5547 8.4796
v  -3.9594 27.4689 8.5533
v  -5.4853 27.5941 8.6462
v  -5.5431 27.7059 8.7111
v  -5.7642 27.6502 8.5285
v  -5.6971 27.5436 8.4753
v  -5.4474 27.4747 8.6094
v  -5.6532 27.4378 8.4324
v  -5.1937 27.5341 8.7317
v  -5.2306 27.6491 8.7752
v  -5.2736 27.7691 8.8429
v  -5.1848 27.0388 8.2691
v  -5.4280 27.0340 8.1257
v  -5.3819 26.9217 8.0552
v  -5.1256 26.9293 8.1781
v  -5.3860 26.7548 8.0569
v  -5.1109 26.7503 8.2035
v  -4.8600 26.9684 8.3266
v  -4.8076 26.8062 8.3319
v  -4.9114 27.0918 8.3823
v  -5.2589 27.1382 8.3804
v  -4.9867 27.1924 8.4986
v  -5.0684 27.3090 8.5995
v  -5.3306 27.2579 8.4723
v  -5.5528 27.2365 8.3024
v  -5.4927 27.1306 8.2186
v  -5.3937 27.3687 8.5476
v  -5.6052 27.3388 8.3733
v  -5.1401 27.4191 8.6802
v  -4.5800 27.0790 8.4030
v  -4.6410 27.1995 8.4360
v  -4.5012 26.9315 8.4096
v  -4.3384 27.2261 8.4405
v  -4.2408 27.0945 8.4666
v  -4.4180 27.3337 8.4447
v  -4.1744 27.3823 8.4707
v  -4.0649 27.2694 8.5339
v  -4.2758 27.4569 8.4638
v  -4.4035 27.6510 8.6389
v  -4.6110 27.5760 8.7130
v  -4.5556 27.4893 8.6236
v  -4.3729 27.5624 8.5600
v  -4.4205 27.7266 8.7219
v  -4.6503 27.6678 8.7844
v  -4.3942 27.8050 8.7785
v  -4.3469 27.8583 8.8842
v  -4.6539 27.8456 8.9351
v  -4.6589 27.7608 8.8405
v  -4.9469 27.7097 8.8361
v  -4.9705 27.8093 8.9238
v  -4.9189 27.5967 8.7971
v  -4.8665 27.4902 8.7382
v  -4.7959 27.3918 8.6495
v  -4.7139 27.2845 8.5546
v  -4.4908 27.4016 8.5407
v  -4.3617 27.4813 8.5172
v  -5.8358 27.1403 7.7166
v  -5.7207 27.0530 7.7849
v  -5.7561 27.1160 7.8618
v  -5.8419 27.1792 7.7903
v  -5.8434 27.0828 7.6349
v  -5.7490 26.9426 7.7393
v  -5.5791 26.9693 7.9112
v  -5.6053 26.8228 7.8958
v  -5.6215 27.0620 7.9834
v  -5.8525 27.5046 8.2805
v  -5.8002 27.4185 8.2396
v  -5.9253 27.6010 8.3161
v  -6.0326 27.5353 8.1077
v  -5.9595 27.4622 8.0938
v  -5.9053 27.3946 8.0672
v  -5.7585 27.3278 8.1901
v  -5.7143 27.2392 8.1274
v  -5.8609 27.3221 8.0258
v  -5.8197 27.2502 7.9758
v  -5.9228 27.3127 7.8977
v  -5.9629 27.3730 7.9254
v  -5.8809 27.2527 7.8652
v  -6.0115 27.4234 7.9285
v  -6.0731 27.4779 7.9112
v  -5.7822 27.1822 7.9234
v  -5.8434 27.2054 7.8496
v  -5.6665 27.1509 8.0563
v  -5.6518 27.7107 8.8778
v  -5.3485 27.7453 9.0497
v  -5.7468 27.8329 8.9892
v  -5.4034 27.9002 9.1740
v  -6.0268 27.7554 8.7487
v  -5.9027 27.6354 8.6697
v  -6.1762 27.5300 8.1500
v  -6.0712 27.6011 8.4060
v  -6.2117 27.6861 8.4501
v  -6.3298 27.5913 8.1527
v  -4.9993 27.7894 9.1367
v  -5.0042 27.9755 9.2424
v  -4.6440 27.8315 9.1353
v  -4.6079 28.0302 9.2292
v  -4.0522 27.8137 9.0058
v  -3.9743 27.9923 9.0622
v  -4.2582 28.0372 9.1579
v  -4.3167 27.8193 9.0936
v  -3.8048 27.7771 8.7882
v  -3.6256 27.7311 8.8671
v  -3.7704 27.8768 8.9864
v  -3.8780 27.8238 8.9297
v  -3.7375 27.6170 8.6323
v  -3.5536 27.5065 8.7380
v  -3.8042 27.3626 8.6021
v  -3.6403 27.2341 8.6650
v  -3.8903 27.1647 8.4640
v  -3.7333 27.0063 8.5091
v  -4.0797 26.9788 8.3629
v  -3.9104 26.8149 8.3291
v  -4.3584 26.8033 8.3002
v  -4.6885 26.6585 8.2365
v  -4.5421 26.5518 8.0675
v  -4.1920 26.6654 8.1739
v  -5.0246 26.5991 8.1149
v  -5.3277 26.6189 7.9630
v  -5.2621 26.4890 7.8464
v  -4.9151 26.4800 7.9773
v  -5.7722 26.8320 7.6621
v  -5.7694 26.7400 7.5306
v  -5.5491 26.5835 7.6850
v  -5.5918 26.6893 7.8161
v  -5.9711 27.1829 7.5040
v  -6.0399 27.1445 7.3727
v  -5.9364 26.9305 7.4214
v  -5.9148 26.9925 7.5646
v  -6.0288 27.3612 7.5361
v  -6.1224 27.4667 7.6771
v  -6.2597 27.4403 7.6026
v  -6.0949 27.3782 7.4050
v  -6.1862 27.5033 7.8937
v  -6.3440 27.5040 7.8603
v  -6.2560 27.8889 8.3862
v  -6.0619 27.9804 8.7076
v  -6.1278 28.2171 8.6702
v  -6.3545 28.0978 8.3258
v  -6.3808 27.7767 8.0573
v  -6.4835 27.9691 7.9451
v  -5.7721 28.0717 8.9758
v  -5.8027 28.3370 8.9371
v  -5.3839 28.1685 9.1387
v  -5.3972 28.4546 9.1281
v  -4.1208 28.3148 9.1602
v  -3.8131 28.1754 9.1280
v  -3.9913 28.3907 9.3813
v  -3.7223 28.1890 9.3592
v  -4.3904 28.5076 9.4765
v  -4.5017 28.3441 9.1881
v  -4.9426 28.2659 9.2041
v  -4.9438 28.5136 9.3209
v  -4.0211 28.4256 9.7300
v  -3.9002 28.3310 9.5616
v  -3.6916 28.1598 9.5897
v  -3.7148 28.2025 9.8549
v  -3.6144 27.9283 9.1064
v  -3.5063 27.9102 9.3265
v  -3.5247 27.6431 9.0544
v  -3.4221 27.5571 9.2803
v  -3.4616 27.8534 9.5922
v  -3.4547 27.8339 9.9033
v  -3.3654 27.4457 9.5548
v  -3.3567 27.2868 9.9109
v  -3.4983 27.3574 8.9620
v  -3.4275 27.2191 9.1953
v  -3.5600 27.0721 8.8470
v  -3.4821 26.9050 9.0597
v  -3.6710 26.8167 8.6827
v  -3.5985 26.6186 8.8775
v  -3.8436 26.6045 8.4732
v  -3.7795 26.3839 8.6412
v  -4.1148 26.4507 8.2554
v  -4.4556 26.3594 8.0460
v  -4.4219 26.1380 8.1067
v  -4.0503 26.2234 8.3605
v  -5.1993 26.3664 7.7088
v  -5.2319 26.1671 7.6635
v  -4.8313 26.1162 7.8821
v  -4.8381 26.3268 7.8813
v  -5.5148 26.4755 7.5304
v  -5.5687 26.3030 7.4128
v  -5.7580 26.6582 7.3518
v  -5.8342 26.5190 7.1738
v  -5.9410 26.8893 7.2198
v  -6.0392 26.7995 6.9991
v  -6.0824 27.1380 7.1699
v  -6.1651 27.1237 6.9056
v  -3.3585 27.0793 9.4473
v  -3.3246 26.9300 9.6947
v  -3.4012 26.7445 9.2920
v  -3.3330 26.6075 9.5400
v  -2.5813 23.4452 9.4690
v  -2.6532 23.4066 9.5297
v  -2.6920 23.3927 9.4246
v  -2.6506 23.3980 9.3633
v  -2.5219 23.4258 9.3870
v  -2.5991 23.3853 9.3183
v  -2.4085 23.4749 9.4933
v  -2.4913 23.4806 9.5905
v  -2.5797 23.4202 9.6761
v  -2.2899 23.1829 10.0383
v  -2.2374 23.2507 9.9618
v  -2.1330 23.1559 10.0010
v  -2.2225 23.0859 10.1056
v  -2.4072 23.0362 10.1663
v  -2.3943 23.2059 10.0125
v  -2.3430 23.3157 9.9099
v  -2.3840 23.4639 9.7164
v  -2.4651 23.3866 9.8168
v  -2.3118 23.4431 9.6174
v  -2.2520 23.3956 9.7047
v  -2.2860 23.3787 9.7973
v  -1.4061 23.3733 10.2556
v  -1.4608 23.1709 10.3095
v  -1.4683 23.1791 10.1585
v  -1.4269 23.3369 10.1245
v  -1.3589 23.5370 10.1784
v  -1.3606 23.4574 10.0547
v  -1.2798 23.5572 10.2879
v  -1.3344 23.4099 10.3680
v  -1.3787 23.1829 10.4959
v  -0.9698 23.7092 9.9621
v  -1.1146 23.6885 10.0262
v  -1.1002 23.6098 9.9180
v  -0.9520 23.6655 9.8584
v  -0.8416 23.7344 9.8994
v  -0.8479 23.7061 9.8230
v  -0.8441 23.7352 9.9890
v  -0.9452 23.7192 10.0615
v  -1.0806 23.6998 10.1435
v  -1.2582 23.6448 10.0963
v  -1.1961 23.6462 10.2118
v  -1.2456 23.5449 9.9834
v  -1.1350 23.6081 10.2666
v  -1.1747 23.5413 10.3336
v  -1.0313 23.6336 10.2319
v  -1.0201 23.5216 10.3540
v  -1.5967 22.9531 10.3074
v  -1.8460 22.9355 10.2928
v  -1.7989 23.0395 10.1275
v  -1.5903 23.0301 10.1449
v  -1.5922 22.8629 10.5232
v  -1.9014 22.7942 10.4924
v  -1.2412 23.4530 10.4011
v  -1.2041 23.3947 10.4885
v  -0.7844 23.5817 10.2203
v  -0.8770 23.6739 10.1390
v  -0.7473 23.7275 10.0045
v  -0.5583 23.6578 10.0322
v  -0.2664 23.6753 9.9425
v  -0.0786 23.8050 9.8919
v  -0.2389 23.8028 10.1149
v  -0.3244 23.7120 10.0903
v  -0.4401 23.7770 10.3139
v  -0.4894 23.6675 10.2117
v  -1.5994 22.7664 10.8444
v  -1.9857 22.6287 10.7895
v  -1.3286 23.0855 10.7806
v  -1.3628 23.1849 11.0656
v  -1.6777 22.8722 11.2071
v  -2.1218 22.7572 11.1425
v  -2.7421 23.3396 9.5480
v  -2.6631 23.2968 9.7236
v  -2.7715 23.1648 9.7440
v  -2.8440 23.2404 9.5261
v  -2.7584 23.3588 9.3829
v  -2.8563 23.2920 9.3080
v  -2.5342 23.2414 9.8864
v  -2.6336 23.0928 9.9580
v  -1.9837 23.0691 10.0620
v  -2.0600 22.9597 10.1946
v  -2.1754 22.8147 10.3441
v  -2.3466 22.7004 10.6033
v  -2.5435 22.7648 10.9335
v  -2.7806 23.0449 10.5863
v  -2.5971 22.9580 10.3648
v  -2.8224 23.0586 10.0758
v  -2.9602 23.1526 9.7788
v  -2.9994 23.2016 10.2164
v  -3.1393 23.3647 9.7752
v  -3.0056 23.2211 9.4882
v  -3.1747 23.3058 9.3946
v  -3.0040 23.2123 9.2036
v  -3.1869 23.2281 9.0634
v  -1.1488 23.3628 10.6650
v  -0.9334 23.5140 10.5191
v  -0.9220 23.6301 10.6684
v  -1.1396 23.4508 10.8699
v  -0.7028 23.5990 10.3680
v  -0.6737 23.7238 10.4934
v  -2.7132 23.0401 11.2344
v  -2.9669 23.2496 10.8074
v  -2.2556 23.0322 11.4574
v  -2.3588 23.4425 11.6495
v  -2.8330 23.4399 11.4399
v  -3.0836 23.5771 10.9747
v  -2.8277 23.8841 11.4507
v  -3.1006 23.9502 11.0365
v  -2.4002 23.8865 11.6399
v  -2.4244 24.3039 11.5734
v  -2.8202 24.2920 11.4101
v  -3.0945 24.3139 11.0390
v  -1.1441 23.6324 11.0522
v  -1.3874 23.3957 11.3281
v  -0.9242 23.8062 10.7894
v  -1.1875 23.8907 11.1549
v  -0.9668 24.0368 10.8403
v  -1.4409 23.7135 11.4956
v  -1.7752 23.1518 11.5039
v  -1.8702 23.5434 11.6729
v  -1.9414 23.9564 11.6913
v  -1.9980 24.3535 11.6107
v  -1.5310 24.0651 11.4906
v  -1.6042 24.4169 11.4286
v  -3.3220 26.7835 9.8623
v  -3.3002 26.5208 9.8066
v  -3.3012 26.5156 10.1167
v  -3.3368 26.8756 10.0767
v  -2.0462 24.7308 11.5354
v  -2.4519 24.6927 11.5035
v  -1.6676 24.7721 11.3629
v  -2.0976 25.1067 11.4674
v  -1.7335 25.1436 11.3065
v  -2.4874 25.0714 11.4393
v  -2.8392 24.6718 11.3712
v  -3.0952 24.6602 11.0179
v  -2.8629 25.0404 11.3188
v  -3.1124 25.0064 10.9897
v  -3.2663 26.1350 10.5059
v  -3.3062 26.5417 10.4778
v  -3.2636 26.1338 10.0931
v  -3.2230 25.7335 10.5116
v  -3.2217 25.7384 10.0516
v  -3.2183 26.1626 10.8925
v  -3.1781 25.7568 10.9304
v  -3.2660 26.5828 10.8412
v  -2.8942 25.4157 11.2654
v  -3.1434 25.3708 10.9622
v  -2.5298 25.4562 11.3711
v  -2.5808 25.8534 11.3117
v  -2.9332 25.8059 11.2123
v  -3.3474 26.9519 10.4106
v  -3.3140 27.0157 10.7665
v  -3.3935 27.3977 10.3222
v  -3.3830 27.4797 10.6846
v  -2.9782 26.2143 11.1543
v  -2.6367 26.2638 11.2501
v  -2.6983 26.6912 11.1876
v  -3.0367 26.6410 11.1002
v  -2.1588 25.4964 11.4013
v  -1.8102 25.5395 11.2636
v  -1.8937 25.9423 11.2274
v  -2.2265 25.8973 11.3403
v  -2.2962 26.3046 11.2817
v  -1.9754 26.3372 11.1927
v  -2.0514 26.7446 11.1617
v  -2.3674 26.7269 11.2238
v  -2.4406 27.1768 11.1664
v  -2.7685 27.1429 11.1322
v  -2.1275 27.1855 11.1222
v  -2.2030 27.6655 11.0625
v  -2.5118 27.6674 11.1023
v  -2.8460 27.6316 11.0670
v  -3.1017 27.0859 11.0352
v  -3.1815 27.5635 10.9595
v  -0.4163 27.2031 9.4273
v  -0.4860 26.8688 9.5849
v  -0.8282 27.3329 9.5240
v  -1.0283 26.9578 9.7980
v  -1.1025 27.5726 9.6501
v  -1.2780 27.8528 9.7635
v  -1.3119 27.3544 9.9103
v  -1.4701 27.7111 10.0051
v  -1.5302 27.2150 10.2465
v  -1.6389 27.6205 10.2990
v  -1.7068 27.1584 10.6084
v  -1.7931 27.5940 10.6065
v  -1.6166 26.7515 10.5989
v  -1.4097 26.8136 10.1930
v  -1.3677 28.1354 9.8868
v  -1.5614 28.0558 10.0887
v  -1.7124 28.0106 10.3322
v  -1.8554 28.0278 10.5902
v  -1.8881 27.1638 10.9159
v  -1.9607 27.6255 10.8855
v  -1.8020 26.7420 10.9418
v  -1.7297 26.3623 10.9442
v  -1.5414 26.3900 10.5831
v  -1.6531 25.9895 10.9431
v  -1.4590 26.0339 10.5763
v  -0.4445 26.5026 9.6907
v  -0.9324 26.4909 9.8792
v  -0.8398 26.1042 9.9361
v  -0.3603 26.1221 9.7523
v  0.1090 26.5309 9.5915
v  0.2121 26.1723 9.6508
v  -1.2095 26.0723 10.2146
v  -1.3076 26.4367 10.1891
v  0.6979 26.6301 9.5593
v  1.2675 26.8110 9.5527
v  0.8466 26.3034 9.6000
v  1.4862 26.5240 9.5657
v  1.7596 27.0738 9.5310
v  2.1323 27.4018 9.4803
v  2.0670 26.8294 9.5294
v  2.5085 27.2045 9.4380
v  2.4376 28.1759 9.3343
v  2.3590 27.7745 9.4082
v  2.7608 27.6325 9.3485
v  2.8276 28.1045 9.2784
v  2.3673 28.6018 9.2665
v  2.7157 28.6130 9.2082
v  2.5851 29.0772 9.4131
v  2.2827 28.9706 9.4888
v  2.2470 29.1565 9.9416
v  2.4919 29.3987 9.8721
v  2.2349 29.6676 10.2891
v  2.0143 29.3799 10.2864
v  1.6712 29.5267 10.6047
v  1.8596 29.8243 10.6948
v  1.3805 29.9059 11.0168
v  1.2550 29.6046 10.8779
v  0.7993 29.6252 11.0851
v  0.8661 29.9284 11.2451
v  0.3519 29.9011 11.3938
v  0.3328 29.5867 11.2319
v  -0.1223 29.4979 11.3078
v  -0.1418 29.8334 11.4709
v  -0.6065 29.7170 11.5139
v  -0.5596 29.3719 11.3078
v  -0.9706 29.1991 11.2529
v  -1.0469 29.5584 11.5035
v  -1.4544 29.3666 11.4535
v  -1.3492 29.0115 11.1513
v  -2.0098 28.1067 10.8541
v  -2.2564 28.2003 11.0042
v  -1.9276 28.5436 10.9116
v  -2.2021 28.8418 11.1781
v  -1.6779 28.8187 11.0403
v  -1.8266 29.1490 11.3596
v  -2.5745 28.2162 11.0290
v  -2.9319 28.1740 10.9866
v  -2.6491 28.8327 11.0805
v  -3.0564 28.7766 11.0123
v  -3.4672 28.0131 10.5932
v  -3.2775 28.0965 10.8629
v  -3.4659 28.6882 10.8888
v  -3.9268 28.5373 10.6965
v  -3.4834 27.9084 10.2584
v  -3.7946 28.3207 10.2048
v  -4.2106 28.5378 10.0615
v  -4.6414 28.6683 9.8317
v  -4.4755 28.7168 10.4915
v  -4.9498 28.7925 10.2494
v  -5.1155 28.6834 9.5984
v  -5.5704 28.6279 9.3520
v  -5.4057 28.8144 9.9672
v  -5.8299 28.8070 9.6291
v  -5.9892 28.5134 9.0917
v  -6.3437 28.3839 8.7612
v  -6.1923 28.7777 9.2154
v  -6.5439 28.6582 8.7923
v  -6.1977 27.3817 7.2382
v  -6.4328 27.4391 7.4745
v  -6.4543 27.6384 7.2345
v  -6.3499 27.3869 7.0126
v  -6.6147 28.2316 8.3539
v  -6.7959 28.0436 7.9057
v  -6.8475 28.4792 8.3101
v  -7.0514 28.2693 7.7574
v  -6.4396 27.6330 7.7429
v  -6.4984 27.8349 7.5596
v  -6.8509 27.8365 7.4363
v  -6.6898 27.7076 6.9811
v  -7.1054 28.0498 7.1548
v  -6.9907 27.8067 6.6224
v  -6.4501 27.0229 6.6734
v  -6.4954 27.4502 6.6780
v  -6.8448 27.4270 6.3148
v  -6.7799 26.9161 6.3121
v  -6.2974 26.6377 6.8051
v  -6.5829 26.4359 6.4905
v  -6.2773 26.0392 6.8034
v  -6.0445 26.3095 7.0327
v  -5.7196 26.0697 7.3340
v  -5.8783 25.7709 7.1909
v  -5.4042 25.6239 7.5797
v  -5.3118 25.9253 7.6323
v  -4.8492 25.8706 7.8937
v  -4.8740 25.5760 7.8985
v  -4.3845 25.8895 8.1613
v  -4.3533 25.5998 8.2119
v  -3.2835 26.1650 9.6979
v  -3.2879 25.7711 9.5881
v  -3.3824 26.2532 9.3535
v  -3.5111 25.8365 9.0794
v  -3.9710 25.9731 8.4786
v  -3.6759 26.1441 8.8244
v  -3.8805 25.6787 8.5738
v  -3.4994 26.4210 9.0918
v  -0.6028 22.0595 9.4200
v  -0.3274 22.1215 9.3726
v  -0.3147 22.2305 9.5498
v  -0.6109 22.1783 9.6010
v  -0.6249 22.3465 9.6805
v  -0.3121 22.3894 9.6243
v  -0.9253 22.2750 9.7318
v  -0.8977 22.0927 9.6379
v  -0.8663 21.9564 9.4534
v  -1.1853 22.0133 9.6261
v  -1.2248 22.2141 9.7121
v  -1.5046 22.1755 9.5992
v  -1.4664 21.9643 9.5473
v  -1.1341 21.8647 9.4453
v  -1.4005 21.7963 9.3829
v  -1.0902 21.8603 9.1605
v  -1.0362 21.7543 8.9560
v  -0.8138 21.7859 9.0310
v  -0.8567 21.9486 9.1693
v  -1.3212 21.8238 9.0906
v  -1.2544 21.7206 8.8834
v  -1.7271 21.9481 9.4137
v  -1.6467 21.8087 9.2457
v  -1.7810 22.1347 9.4926
v  -2.0497 22.0897 9.3714
v  -1.9759 21.9247 9.2663
v  -1.8799 21.7887 9.0962
v  -2.1902 21.9242 9.0722
v  -2.0828 21.8090 8.9105
v  -2.2753 22.0640 9.1781
v  -2.4792 22.0209 8.9741
v  -2.3946 21.8896 8.8857
v  -2.2779 21.7994 8.7321
v  -2.5783 21.8362 8.7088
v  -2.4643 21.7642 8.5688
v  -2.6630 21.9526 8.7801
v  -2.8053 21.8714 8.5983
v  -2.7149 21.7984 8.5425
v  -2.6234 21.7264 8.4255
v  0.2063 22.2821 9.3390
v  0.2483 22.3904 9.3851
v  -0.0074 22.4045 9.5190
v  -0.0263 22.2606 9.4579
v  -0.0550 22.1648 9.2934
v  0.1815 22.1982 9.2027
v  0.3647 22.2130 9.1420
v  0.5252 22.2346 9.1183
v  0.4350 22.3278 9.2728
v  0.3492 22.2736 9.2617
v  -2.7916 21.7673 8.4291
v  -2.7516 21.6988 8.3186
v  -2.8694 21.8003 8.4177
v  -2.8760 21.6927 8.2512
v  -2.6385 21.7132 8.1159
v  -2.7792 21.6665 8.0262
v  -2.5563 21.5923 7.9760
v  -2.6412 21.6183 7.8200
v  -2.4375 21.5878 8.1288
v  -2.4916 21.7506 8.2239
v  -2.3193 21.7862 8.3546
v  -2.2751 21.5998 8.2817
v  -2.0840 21.6203 8.4312
v  -2.1202 21.8326 8.4911
v  -2.5832 21.0405 7.9990
v  -2.5114 20.9852 8.1176
v  -2.5162 21.1599 8.1578
v  -2.6117 21.1737 7.9960
v  -2.6131 20.9826 7.8964
v  -2.6785 21.1562 7.8442
v  -2.5162 20.8512 8.0147
v  -2.4917 21.3736 8.1514
v  -2.6025 21.3764 7.9817
v  -2.6892 21.3757 7.8192
v  -0.6137 22.0269 9.1523
v  -0.5752 21.8371 9.0610
v  -0.3255 21.8944 9.0375
v  -0.3690 22.1170 9.0852
v  -0.3960 21.0399 9.1843
v  -0.4700 21.3183 9.1925
v  -0.7359 21.2586 9.1490
v  -0.6733 20.9724 9.1312
v  -0.3072 20.8093 9.0230
v  -0.5906 20.7114 8.9875
v  -0.1244 21.1418 9.1624
v  -0.0326 20.9320 9.0239
v  -0.1992 21.3903 9.2078
v  -0.5302 21.5938 9.1667
v  -0.2650 21.6553 9.1567
v  -0.7838 21.5375 9.1141
v  0.3418 22.1644 8.9285
v  0.1390 22.1646 8.9713
v  0.1719 21.9604 8.9359
v  0.3720 21.9796 8.8638
v  0.5181 22.1875 8.8715
v  0.5467 22.0042 8.7662
v  -0.1058 22.1537 9.0270
v  -0.0682 21.9342 8.9930
v  0.3369 21.3566 9.0380
v  0.2902 21.5348 9.0726
v  0.0682 21.4674 9.1741
v  0.1298 21.2510 9.1106
v  0.2115 21.0839 8.9785
v  0.4147 21.2327 8.9284
v  0.4547 21.4371 8.9681
v  0.5491 21.3902 8.8862
v  0.4581 21.5756 8.9667
v  0.6113 21.5762 8.8636
v  0.4369 21.7775 8.9377
v  0.6081 21.7912 8.8226
v  0.2395 21.7511 9.0312
v  -0.0004 21.7095 9.1080
v  -1.5420 21.7996 8.9868
v  -1.4738 21.6787 8.8187
v  -1.7332 21.8375 8.8229
v  -1.6810 21.6578 8.7100
v  -1.9187 21.8597 8.6458
v  -1.8846 21.6393 8.5767
v  -0.9930 21.2132 9.0842
v  -1.0225 21.4964 9.0370
v  -1.2554 21.4615 8.9568
v  -1.2481 21.1761 9.0195
v  -2.3356 21.3744 8.3263
v  -2.3806 21.1375 8.3487
v  -2.2024 21.1208 8.5431
v  -2.1537 21.3810 8.5044
v  -1.5000 21.4310 8.9043
v  -1.5010 21.1459 8.9403
v  -1.7313 21.4079 8.8009
v  -1.7483 21.1265 8.8380
v  -1.9502 21.3926 8.6648
v  -1.9835 21.1176 8.7033
v  -2.3803 20.9226 8.2989
v  -2.3730 20.7423 8.1873
v  -2.1927 20.6460 8.3851
v  -2.2119 20.8676 8.5059
v  -0.9445 20.9246 9.0635
v  -0.8700 20.6572 8.9227
v  -1.2134 20.8845 8.9946
v  -1.1462 20.6138 8.8569
v  -1.9881 20.8428 8.6749
v  -1.9597 20.5909 8.5551
v  -1.6984 20.5678 8.6903
v  -1.7410 20.8395 8.8123
v  -1.4836 20.8506 8.9251
v  -1.4227 20.5886 8.7798
v  -1.2585 22.6329 9.6570
v  -1.5159 22.5983 9.4743
v  -1.5089 22.3884 9.5368
v  -1.2457 22.4282 9.7053
v  -0.9441 22.4713 9.7498
v  -0.9621 22.6708 9.7355
v  -0.6298 22.5226 9.7023
v  -0.6330 22.7152 9.7080
v  -0.2893 22.5557 9.6766
v  -0.2759 22.7555 9.6307
v  0.0371 22.5639 9.5433
v  0.0822 22.7711 9.4667
v  0.3230 22.5306 9.3821
v  0.4106 22.7337 9.2801
v  0.5411 22.4451 9.2248
v  0.6809 22.6207 9.1135
v  0.7013 22.3017 9.0853
v  0.8865 22.4461 8.9778
v  0.7229 22.2123 8.8250
v  0.9768 22.2665 8.7814
v  0.7272 22.0474 8.6402
v  0.9787 22.0998 8.5365
v  0.7874 21.8035 8.6940
v  0.7729 21.5628 8.7283
v  0.9715 21.5480 8.5703
v  1.0065 21.8177 8.5545
v  0.6856 21.3379 8.7511
v  0.5348 21.1384 8.7756
v  0.7099 21.0388 8.6237
v  0.8772 21.2809 8.6053
v  0.3155 20.9720 8.7771
v  0.0376 20.8837 8.7169
v  0.1548 20.8048 8.4406
v  0.4533 20.8737 8.5663
v  -0.2418 20.8130 8.6475
v  -0.5219 20.8077 8.5520
v  -0.1348 20.7502 8.3302
v  -0.4148 20.7098 8.2265
v  -0.7903 20.7751 8.4758
v  -1.0505 20.7077 8.4255
v  -0.9509 20.6093 8.0937
v  -0.6862 20.6640 8.1454
v  -1.3114 20.6604 8.3718
v  -1.5727 20.6061 8.3136
v  -1.4765 20.5042 8.0049
v  -1.2122 20.5562 8.0483
v  -1.8383 20.5570 8.2389
v  -1.7456 20.4704 7.9409
v  -2.1063 20.5415 8.1390
v  -2.0247 20.4571 7.8660
v  -2.3493 20.6013 8.0034
v  -2.3140 20.4823 7.7781
v  -2.5187 20.7396 7.8501
v  -2.5523 20.6069 7.6633
v  -2.6493 20.9094 7.7395
v  -2.6984 20.8211 7.5512
v  -2.7308 21.1237 7.6731
v  -2.7846 21.0810 7.4796
v  -2.7610 21.3695 7.6502
v  -2.7482 21.6326 7.6817
v  -2.8881 21.6349 7.5479
v  -2.8284 21.3646 7.4625
v  -2.9279 21.6397 7.9383
v  -3.0079 21.7290 8.1820
v  -3.0932 21.8383 8.0755
v  -3.0776 21.6580 7.8473
v  -2.9630 21.8774 8.3783
v  -2.8650 22.0004 8.5782
v  -2.9090 22.1572 8.5219
v  -3.0285 22.0064 8.2974
v  -2.7125 23.3574 9.2543
v  -2.6151 23.3467 9.2072
v  -2.7978 23.2709 9.1196
v  -2.6623 23.2041 9.0200
v  -2.7165 22.1027 8.7866
v  -2.7510 22.2774 8.7543
v  -2.5358 22.1806 9.0047
v  -2.5634 22.3680 8.9881
v  -2.7761 22.4727 8.7074
v  -2.7773 22.6973 8.6474
v  -2.9965 22.5512 8.3903
v  -2.9591 22.3351 8.4605
v  -2.5691 22.5710 8.9492
v  -2.5676 22.7887 8.9093
v  -2.0763 23.2112 9.8588
v  -2.1828 23.3094 9.8377
v  -2.1819 23.3279 9.6925
v  -2.0767 23.2038 9.6715
v  -1.8119 22.3383 9.5017
v  -1.8266 22.5463 9.4769
v  -2.1063 22.4900 9.3826
v  -2.1198 22.2741 9.4544
v  -2.3487 22.2294 9.2437
v  -2.3476 22.4349 9.2059
v  -2.3534 22.6426 9.1819
v  -2.3718 22.8508 9.1693
v  -2.1185 22.6971 9.3765
v  -2.1440 22.9198 9.4131
v  -1.9300 23.1339 9.9081
v  -1.8945 23.1443 9.7536
v  -1.7048 23.1657 9.8108
v  -1.7544 23.1355 9.9689
v  -1.5714 23.1272 10.0030
v  -1.4406 23.2072 10.0276
v  -1.5186 23.1775 9.8617
v  -1.3481 23.2534 9.8909
v  -1.4332 23.1016 9.7604
v  -1.2535 23.1848 9.7666
v  -1.6551 23.0607 9.7056
v  -1.6021 22.9527 9.5912
v  -1.3471 22.9860 9.6873
v  -1.0576 23.0882 9.6993
v  -1.3381 23.3652 9.9682
v  -1.1899 23.3451 9.8168
v  -1.2187 23.4438 9.8942
v  -1.0606 23.5216 9.8242
v  -1.0201 23.4188 9.7429
v  -1.1551 23.2662 9.7553
v  -1.0028 23.2833 9.6872
v  -1.4044 23.3029 10.0365
v  -1.5498 22.7978 9.4954
v  -1.2921 22.8217 9.6605
v  -0.9928 22.8720 9.7192
v  -2.4879 23.3511 9.2918
v  -2.4534 23.2258 9.1991
v  -2.3064 23.2363 9.3722
v  -2.3502 23.3751 9.4186
v  -2.2633 23.0817 9.3688
v  -2.4153 23.0471 9.1666
v  -2.5646 23.0244 8.8874
v  -2.2463 23.3564 9.5574
v  -2.1936 23.2338 9.5178
v  -2.1713 23.1268 9.4843
v  -2.0653 23.0782 9.5500
v  -1.8779 23.0522 9.6323
v  -1.8678 22.9154 9.5336
v  -1.8454 22.7416 9.4778
v  -0.8875 23.6092 9.7543
v  -0.7647 23.7259 9.7134
v  -0.8194 23.5280 9.6270
v  -0.5420 23.6697 9.5617
v  -0.7403 23.3493 9.5932
v  -0.6878 23.1388 9.6213
v  -0.3904 23.4396 9.4956
v  -0.3015 23.2126 9.4831
v  -0.7103 23.7605 9.8355
v  -0.5068 23.7510 9.7720
v  -0.6496 22.9248 9.6767
v  -0.2701 22.9781 9.5485
v  -2.9560 23.1348 8.9394
v  -2.8335 23.1595 8.6888
v  -3.1111 23.2297 8.6978
v  -2.9836 23.1899 8.2392
v  -2.7688 22.9552 8.6039
v  -3.0275 22.8181 8.3261
v  1.3190 22.3383 8.7720
v  1.7472 22.4415 8.7085
v  1.6265 22.7576 8.8453
v  1.1855 22.6018 8.9014
v  1.3506 22.0847 8.6162
v  1.7735 22.1319 8.5716
v  1.3227 21.8262 8.4747
v  1.2451 21.5344 8.4224
v  1.6124 21.5175 8.3134
v  1.7292 21.8287 8.4337
v  1.1252 21.2239 8.4508
v  0.9191 20.9467 8.4442
v  1.1896 20.8401 8.2650
v  1.4380 21.1715 8.2799
v  0.6365 20.7436 8.3798
v  0.3317 20.5730 8.3433
v  0.5581 20.2951 8.3334
v  0.8913 20.5432 8.2867
v  0.0139 20.4457 8.3097
v  -0.3037 20.3565 8.2652
v  -0.1647 19.9821 8.3299
v  0.1991 20.1111 8.3558
v  -0.6080 20.2900 8.2063
v  -0.9015 20.2356 8.1442
v  -0.8507 19.8321 8.1857
v  -0.5146 19.8929 8.2644
v  -1.1878 20.1916 8.0699
v  -1.1733 19.7954 8.0846
v  -1.4735 20.1624 7.9821
v  -1.4898 19.7854 7.9621
v  -1.7597 20.1591 7.8682
v  -1.8016 19.8126 7.8052
v  -2.0331 20.2074 7.7141
v  -2.0987 19.8994 7.6103
v  -2.3008 20.3152 7.5562
v  -2.3801 20.0599 7.4010
v  -2.5747 20.4679 7.4441
v  -2.6412 20.2936 7.2222
v  -2.7652 20.7160 7.3407
v  -2.8818 21.0198 7.2767
v  -3.0354 20.9452 7.0580
v  -2.8764 20.5917 7.1162
v  -2.9539 21.3501 7.2662
v  -3.1045 21.5728 7.4643
v  -3.3708 21.5137 7.3918
v  -3.2107 21.2661 7.1517
v  -3.2255 21.7212 7.7441
v  -3.2019 21.9471 7.9738
v  -3.3372 22.0754 7.8705
v  -3.4132 21.7917 7.6299
v  -3.1075 22.1535 8.2154
v  -3.1960 22.3343 8.1329
v  -4.8775 25.2250 7.8774
v  -5.4711 25.2538 7.4909
v  -5.4423 24.8184 7.3955
v  -4.8243 24.8256 7.8581
v  -4.3181 25.2597 8.2368
v  -4.2520 24.8851 8.2575
v  -3.7583 24.9637 8.6399
v  -3.4248 25.0134 9.0696
v  -3.4882 25.3812 9.0778
v  -3.8196 25.3286 8.6140
v  -3.2911 23.8626 8.4756
v  -3.2277 23.6709 8.4244
v  -3.3270 23.5614 8.7569
v  -3.3879 23.6641 8.9120
v  -3.3183 24.0282 8.6139
v  -3.3982 23.8561 9.1566
v  -3.8560 24.1038 8.3590
v  -3.7611 23.7492 8.2094
v  -3.5503 23.5174 8.1194
v  -3.1770 23.4474 8.5114
v  -3.2453 23.3764 8.0829
v  -3.2986 23.3913 8.8957
v  -3.2876 22.5606 8.0411
v  -3.4227 22.8037 7.9387
v  -3.5028 22.2403 7.7558
v  -3.7171 22.4361 7.6171
v  1.0126 25.9287 9.6138
v  1.7581 26.1867 9.5472
v  0.3092 25.7725 9.6762
v  0.3584 25.2658 9.6545
v  1.2099 25.4995 9.6000
v  2.0519 25.7867 9.4682
v  -4.6933 24.3884 7.8739
v  -4.1307 24.4931 8.3110
v  -5.2866 24.3245 7.3517
v  -5.0482 23.8046 7.3573
v  -4.5166 23.9358 7.9155
v  -4.3011 23.5232 7.9053
v  -4.7569 23.3104 7.3819
v  -4.4158 22.9067 7.4302
v  -4.0101 23.2165 7.8640
v  -3.6834 23.0072 7.8627
v  -4.0353 22.6432 7.4986
v  -3.6299 21.9029 7.4735
v  -3.6450 21.5498 7.2181
v  -3.9150 22.0519 7.2854
v  -3.9646 21.6477 6.9628
v  -3.5206 21.1953 7.0002
v  -3.8442 21.2153 6.7047
v  -3.5694 20.7809 6.5442
v  -3.2786 20.8522 6.8422
v  -3.0324 20.4597 6.8620
v  -3.2271 20.3301 6.5488
v  -2.8804 19.8984 6.7035
v  -2.7581 20.0966 6.9926
v  -2.4660 19.8028 7.2033
v  -2.5581 19.5362 6.9592
v  -2.2222 19.2728 7.2444
v  -2.1714 19.5841 7.4619
v  -1.8425 19.4566 7.6928
v  -1.8727 19.1037 7.5224
v  -1.4955 19.0216 7.7534
v  -1.5004 19.3980 7.8912
v  -1.1487 19.3894 8.0495
v  -1.1047 19.0012 7.9328
v  -0.7004 19.0290 8.0743
v  -0.7853 19.4207 8.1766
v  -0.4018 19.4919 8.2688
v  0.0008 19.6120 8.3024
v  -0.2712 19.1175 8.1518
v  0.1736 19.2708 8.1554
v  0.4109 19.7883 8.2768
v  0.8149 20.0290 8.2270
v  0.6311 19.4774 8.1262
v  1.0821 19.7706 8.0452
v  1.1896 20.3488 8.1442
v  1.5251 20.7280 8.0763
v  1.5107 20.1622 7.9362
v  1.9047 20.6301 7.8413
v  1.8207 21.1323 8.0808
v  2.0465 21.5266 8.1507
v  2.2696 21.1233 7.8379
v  2.5512 21.5809 7.9270
v  2.1847 21.8797 8.2820
v  2.2454 22.2199 8.4243
v  2.6856 21.9781 8.0547
v  2.7367 22.3478 8.1842
v  0.9347 22.8450 9.0258
v  1.3767 23.0829 8.9816
v  0.8732 23.4615 9.1142
v  0.5688 23.0129 9.1568
v  2.1928 22.9256 8.6976
v  2.2520 22.5690 8.5566
v  2.7821 22.7262 8.2981
v  2.8116 23.1136 8.4254
v  -1.5660 25.5887 10.9499
v  -1.4711 25.1885 10.9838
v  -1.2524 25.2464 10.6245
v  -1.3625 25.6418 10.5830
v  -1.1084 25.6904 10.2524
v  -0.7623 25.7206 9.9817
v  -1.0167 25.3073 10.3038
v  -0.7040 25.3491 10.0380
v  -0.2962 25.7285 9.7732
v  -0.2956 25.3410 9.7746
v  -1.2581 24.1751 11.1516
v  -1.3233 24.4824 11.1028
v  -1.0195 24.2852 10.8274
v  -1.0787 24.5636 10.7735
v  -1.3908 24.8190 11.0407
v  -1.1554 24.8842 10.6969
v  -0.9376 24.9526 10.3781
v  -0.8531 24.6468 10.4751
v  -0.6445 24.6966 10.1771
v  -0.6902 24.9992 10.0836
v  -0.0854 24.5173 9.7754
v  -0.2014 24.7003 9.7333
v  -0.3958 24.7141 9.9169
v  -0.2951 24.4849 10.0549
v  -0.5525 24.4483 10.2927
v  -0.2230 24.2358 10.1191
v  -0.4818 24.2094 10.3547
v  0.0157 24.2656 9.8316
v  -0.4469 23.9747 10.3530
v  -0.2095 23.9949 10.1238
v  0.0173 24.0127 9.8619
v  -0.6889 23.9166 10.5650
v  -0.7278 24.1450 10.5864
v  -0.7848 24.3831 10.5500
v  1.4567 25.0307 9.5245
v  0.6870 24.8076 9.5516
v  0.7710 24.3323 9.3758
v  1.6566 24.5546 9.3786
v  2.3290 25.3241 9.3334
v  2.5407 24.8391 9.1482
v  -0.3894 24.9942 9.7919
v  -0.0599 24.8963 9.5984
v  -3.3201 23.4645 9.1981
v  -3.3134 23.5838 9.4607
v  -3.2785 23.6966 9.6544
v  -3.1887 23.6023 9.9434
v  -3.1863 23.8658 9.9811
v  -3.3035 23.9002 9.5819
v  -3.1373 23.7468 10.4604
v  -3.1054 23.4450 10.3618
v  -3.1513 24.9890 10.5144
v  -3.1854 25.3463 10.5144
v  -3.1831 25.3483 10.0252
v  -3.1687 24.9912 10.0082
v  -3.2823 25.3721 9.5465
v  -3.2563 25.0100 9.5293
v  -3.6339 24.6235 8.6504
v  -3.3434 24.6943 9.0606
v  -3.4261 24.3510 8.6537
v  -3.2643 24.4125 9.0682
v  -3.3112 24.1647 8.7736
v  -3.3016 24.1495 9.1224
v  -3.2344 24.7034 9.5102
v  -3.2171 24.4298 9.5001
v  -3.1579 24.4157 9.9687
v  -3.1621 24.6892 9.9851
v  -3.2547 24.1610 9.5265
v  -3.1681 24.1401 9.9743
v  -3.1449 24.0578 10.4999
v  -3.1461 24.3669 10.5087
v  -3.1443 24.6697 10.5125
v  -0.1836 23.6209 9.7448
v  0.0617 23.8070 9.6434
v  -0.1093 23.6300 9.5459
v  0.1155 23.8486 9.3276
v  0.1120 24.0825 9.4774
v  0.1239 24.3526 9.3458
v  0.3468 24.0649 9.2287
v  0.5717 23.8950 9.2204
v  0.9973 23.9462 9.2361
v  0.3802 23.7000 9.2214
v  0.1136 24.6439 9.4368
v  1.8823 23.6828 9.0349
v  2.7384 23.9266 8.7603
v  2.6660 24.3696 8.9524
v  1.7857 24.1103 9.2000
v  0.1390 23.0245 9.3414
v  0.1617 23.3089 9.3016
v  0.0128 23.5434 9.3434
v  2.0531 23.2913 8.8633
v  2.7916 23.5112 8.5803
v  -9.9263 5.0201 6.3321
v  -9.1652 3.6719 7.6012
v  -8.8443 4.0287 7.4185
v  -9.9027 5.2323 6.5420
v  -10.5750 6.5551 5.1505
v  -10.5601 6.6855 5.3448
v  -9.8377 4.8322 5.9883
v  -10.5407 6.3964 4.8537
v  -9.3103 3.1983 7.2118
v  -11.1041 7.8942 4.1570
v  -11.0771 7.7445 3.8862
v  -11.0900 7.9963 4.3463
v  -11.5512 9.2157 3.4072
v  -11.5590 9.1131 3.2289
v  -11.5465 8.9393 2.9812
v  -10.9249 7.1488 2.8825
v  -10.9730 7.2894 3.1296
v  -11.4359 8.3934 2.2469
v  -11.3691 8.2229 2.0016
v  -11.2258 8.1555 1.8822
v  -10.7764 7.1342 2.7869
v  -10.3467 5.8676 3.7616
v  -10.2899 5.8053 3.5999
v  -10.4032 5.9761 4.0167
v  -11.0277 7.5149 3.5039
v  -10.5012 6.1671 4.4298
v  -11.4981 8.6655 2.6139
v  -11.9907 10.1333 1.9748
v  -12.0220 10.3494 2.2138
v  -12.0274 10.4781 2.3869
v  -12.5013 11.7060 1.2530
v  -12.4493 11.5379 1.0682
v  -12.3783 11.2775 0.8332
v  -11.8179 9.4452 1.2524
v  -12.0888 10.4563 0.1463
v  -12.0092 10.1974 -0.0631
v  -11.7375 9.2329 1.0198
v  -11.8807 10.0654 -0.1610
v  -11.5838 9.1520 0.9200
v  -11.9131 9.7875 1.6129
v  -12.2516 10.8599 0.4845
v  -12.6793 12.2859 -0.4403
v  -12.7831 12.5804 -0.2195
v  -12.7566 12.7589 -0.0717
v  -13.0040 13.7036 -1.4778
v  -12.9649 13.4830 -1.6307
v  -12.8261 13.1574 -1.8270
v  -12.1925 11.0776 -1.2365
v  -12.2696 11.8264 -2.5220
v  -12.1220 11.6741 -2.5557
v  -12.0468 10.9619 -1.2837
v  -12.3016 11.3636 -1.0587
v  -12.3921 12.1477 -2.3686
v  -12.4958 11.8207 -0.7573
v  -12.6072 12.6503 -2.1053
v  -12.9441 14.2499 -3.1368
v  -12.7882 13.8899 -3.2990
v  -13.0453 14.5103 -3.0143
v  -12.7689 15.0940 -4.6006
v  -12.6740 14.8300 -4.6750
v  -12.5186 14.4504 -4.7982
v  -12.2044 12.4176 -3.9174
v  -11.8719 12.9184 -5.2813
v  -11.6619 12.8943 -5.2112
v  -12.0092 12.2827 -3.9124
v  -12.3199 12.7858 -3.7772
v  -12.0435 13.2657 -5.1955
v  -12.5595 13.3321 -3.5459
v  -12.2728 13.8560 -4.9990
v  -12.1074 15.1773 -6.1621
v  -11.9799 14.8000 -6.2538
v  -12.1908 15.4105 -6.1234
v  -11.5093 15.4852 -7.6076
v  -11.4358 15.2468 -7.6239
v  -11.3232 14.8712 -7.6806
v  -11.3813 13.1984 -6.5795
v  -11.5542 13.5569 -6.5372
v  -10.8888 13.6204 -7.7985
v  -10.7134 13.2502 -7.7917
v  -11.1755 13.1803 -6.4929
v  -10.5075 13.2022 -7.6820
v  -11.7748 14.1753 -6.4039
v  -11.1154 14.2461 -7.7492
v  -10.5383 15.0685 -8.9560
v  -10.3972 14.7127 -8.9417
v  -10.5856 15.3111 -8.9553
v  -9.4377 15.0583 -10.0026
v  -9.4812 14.8316 -10.0884
v  -9.3541 14.4779 -10.0232
v  -9.7879 13.1866 -8.8448
v  -9.9620 13.5306 -8.8995
v  -8.8931 13.4319 -9.7720
v  -8.7696 13.0794 -9.7238
v  -9.6166 13.1123 -8.7178
v  -8.6367 12.9401 -9.5839
v  -10.1942 14.1183 -8.9347
v  -9.1264 13.9511 -9.9002
v  -8.2020 14.7231 -10.7968
v  -8.1252 14.3921 -10.7215
v  -8.1623 14.9254 -10.6916
v  -6.8298 14.6870 -11.1766
v  -6.8069 14.8760 -11.1147
v  -6.8116 14.3916 -11.1225
v  -7.7059 13.1406 -10.3030
v  -7.8152 13.4332 -10.4062
v  -6.6912 13.4977 -10.8181
v  -6.6380 13.2104 -10.7250
v  -7.6215 12.9896 -10.1909
v  -6.5815 13.0611 -10.6090
v  -7.9768 13.9063 -10.5710
v  -6.7575 13.9422 -10.9770
v  -5.4389 14.6538 -11.4556
v  -4.0053 14.5859 -11.6349
v  -4.0409 14.3268 -11.5578
v  -5.4528 14.3823 -11.3654
v  -5.4131 14.8435 -11.4291
v  -3.9719 14.7733 -11.6270
v  -5.4703 13.5551 -11.0647
v  -4.1251 13.5732 -11.2695
v  -4.1417 13.3040 -11.2073
v  -5.4612 13.2908 -10.9709
v  -4.1234 13.2254 -11.0334
v  -5.4349 13.1419 -10.8656
v  -5.4659 13.9677 -11.2175
v  -4.0852 13.9522 -11.4038
v  -2.4786 14.4833 -11.7424
v  -0.6588 14.4472 -11.7107
v  -0.6705 14.2241 -11.6962
v  -2.5095 14.2465 -11.6709
v  -2.4445 14.6672 -11.7253
v  -0.6390 14.6064 -11.6630
v  -0.7012 13.4462 -11.3643
v  -0.6841 13.3326 -11.2470
v  -2.5757 13.2280 -11.1994
v  -2.5925 13.3712 -11.3236
v  -2.5826 13.6063 -11.3914
v  -0.7026 13.6483 -11.4454
v  -2.5490 13.9248 -11.5284
v  -0.6882 13.9330 -11.5717
v  1.5719 14.3247 -11.6635
v  1.5611 14.5628 -11.6991
v  1.5535 14.7328 -11.6563
v  3.8012 14.7717 -11.6788
v  3.7716 14.9811 -11.6802
v  3.8234 14.4971 -11.6221
v  1.5676 13.4800 -11.3607
v  3.8278 13.5317 -11.2875
v  3.8106 13.3876 -11.1752
v  1.5706 13.3148 -11.2850
v  1.5687 13.6971 -11.4280
v  3.8364 13.7638 -11.3839
v  1.5729 14.0041 -11.5530
v  3.8351 14.1227 -11.5069
v  5.6728 13.7021 -11.0279
v  7.1587 13.8578 -10.7530
v  7.1340 13.6977 -10.6387
v  5.6557 13.5407 -10.9399
v  5.6737 13.9562 -11.0980
v  7.1558 14.1290 -10.8259
v  8.4191 13.9593 -10.4531
v  9.4491 14.0802 -9.9272
v  9.3617 13.9705 -9.7639
v  8.3713 13.7675 -10.3024
v  8.4146 14.2579 -10.5039
v  9.4762 14.3458 -10.0048
v  5.6680 14.3347 -11.2332
v  7.1476 14.5147 -10.9503
v  5.6571 14.7227 -11.3612
v  7.1390 14.9027 -11.0583
v  8.4056 14.6374 -10.5790
v  8.3882 15.0105 -10.6220
v  9.4653 15.0645 -10.0551
v  9.4781 14.7082 -10.0455
v  5.6468 14.9936 -11.4349
v  7.1397 15.1700 -11.1109
v  5.6228 15.2000 -11.4511
v  7.1218 15.3715 -11.0932
v  10.3999 15.5710 -9.3193
v  11.2407 15.5631 -8.3699
v  11.2497 15.3440 -8.3966
v  10.4148 15.3555 -9.3426
v  11.2375 15.0651 -8.4121
v  10.4172 15.0911 -9.3487
v  9.4586 15.3196 -10.0568
v  9.4406 15.5229 -10.0285
v  8.3815 15.2680 -10.6331
v  8.3652 15.4634 -10.6043
v  10.3679 14.0775 -9.2874
v  10.4035 14.3470 -9.3441
v  11.1891 14.2594 -8.4617
v  11.1457 13.9867 -8.4387
v  10.2639 13.9510 -9.1466
v  11.0421 13.8342 -8.3510
v  10.4108 14.7214 -9.3506
v  11.2165 14.6619 -8.4419
v  11.9962 14.9370 -7.2512
v  12.0198 15.2375 -7.2072
v  12.0060 15.4680 -7.1555
v  12.5340 14.8996 -5.7717
v  12.5490 15.1281 -5.7072
v  12.5096 14.5945 -5.8454
v  11.8379 13.7466 -7.4124
v  11.8903 14.0502 -7.3824
v  12.4280 13.6537 -6.0870
v  12.3749 13.3203 -6.1651
v  11.6840 13.6150 -7.3459
v  12.1868 13.1937 -6.1285
v  12.4699 14.1281 -5.9643
v  11.9451 14.4937 -7.3177
v  12.8687 14.2675 -4.2357
v  12.8394 13.9610 -4.3262
v  12.8772 14.4929 -4.1527
v  12.9576 13.5984 -2.5649
v  13.0055 13.4084 -2.6511
v  12.9783 13.1139 -2.7592
v  12.7058 12.6885 -4.7107
v  12.7801 13.0142 -4.6238
v  12.9093 12.2210 -3.0981
v  12.8672 11.9055 -3.2055
v  12.5029 12.6091 -4.6718
v  12.6801 11.7906 -3.2100
v  12.8030 13.4930 -4.4717
v  12.9479 12.6695 -2.9292
v  13.0170 12.4175 -1.0824
v  12.9771 12.1471 -1.2196
v  12.9662 12.5934 -0.9786
v  12.9369 11.5032 0.5647
v  12.9002 11.3002 0.4015
v  12.8471 11.0570 0.2298
v  12.8122 11.0889 -1.7629
v  12.8561 11.3573 -1.6343
v  12.7380 10.3620 -0.2825
v  12.6446 10.1420 -0.4416
v  12.6644 10.9792 -1.8068
v  12.4782 10.0948 -0.4878
v  12.9220 11.7498 -1.4290
v  12.7938 10.7086 -0.0265
v  12.6164 10.0442 1.7426
v  12.5579 9.8327 1.5460
v  12.5853 10.2159 1.8884
v  12.0553 8.8379 3.1062
v  12.1458 8.6932 2.9914
v  12.1145 8.5057 2.7700
v  12.3463 9.0326 0.7719
v  12.4500 9.2263 0.9602
v  11.9367 8.0133 2.1059
v  11.8307 7.8740 1.9130
v  12.1722 8.9823 0.6857
v  11.6852 7.8655 1.8430
v  12.5184 9.5268 1.2535
v  12.0321 8.2553 2.4342
v  11.4193 7.4289 4.3210
v  11.5666 7.2914 4.2200
v  10.8266 5.9002 5.3379
v  10.7304 6.0471 5.4821
v  10.7780 5.7471 5.0376
v  11.5419 7.1159 3.9481
v  11.2834 6.5621 2.8935
v  10.6109 5.1748 3.7932
v  10.5057 5.1416 3.5829
v  11.1522 6.5446 2.7551
v  11.3718 6.6867 3.1487
v  10.6504 5.3158 4.1106
v  11.4620 6.8963 3.5462
v  10.6940 5.5407 4.5772
v  9.4280 3.5868 7.3796
v  9.5649 3.1355 7.0764
v  9.9995 4.4397 6.0261
v  10.0104 4.6160 6.2931
v  9.9416 4.7595 6.3953
v  9.1937 3.8909 7.3318
v  9.7123 3.8283 4.6409
v  9.0018 2.3246 5.1894
v  8.7515 2.4859 4.9396
v  9.6623 3.7748 4.4187
v  9.7647 3.9691 4.9759
v  9.1652 2.4758 5.6650
v  9.3720 2.7810 6.3595
v  9.8886 4.1988 5.5122
v  8.1074 3.2130 7.6608
v  7.9940 3.4956 7.6267
v  6.5175 3.2510 7.5911
v  6.4886 3.4499 7.6621
v  6.4992 2.9551 7.3125
v  8.1346 2.8347 7.3658
v  8.0767 2.1734 6.8543
v  7.8347 1.9341 6.0688
v  6.3905 2.3985 6.8015
v  6.2175 2.0159 6.1760
v  -7.5273 3.2394 7.6721
v  -7.5647 2.9623 7.3199
v  -5.8118 2.9990 7.2825
v  -5.8057 3.2678 7.5541
v  -7.4403 3.5058 7.7129
v  -5.7920 3.4352 7.6744
v  -5.8032 2.5776 6.7507
v  -7.5652 2.5838 6.7221
v  -9.2732 2.8498 6.5183
v  -7.5553 2.2136 6.1071
v  -9.2468 2.5356 5.8452
v  -5.7823 2.2118 6.1961
v  -9.6541 4.2581 4.6634
v  -9.6997 4.3638 4.9662
v  -9.6312 4.2106 4.4717
v  -8.9337 2.5118 4.9378
v  -9.2040 2.3519 5.3149
v  -9.7687 4.5837 5.4749
v  -7.4816 4.3569 7.3726
v  -8.4784 4.5754 7.1475
v  -8.6584 4.2535 7.2859
v  -7.3763 3.7635 7.6102
v  -5.7985 3.6774 7.6524
v  -5.9332 4.2935 7.4969
v  -10.3681 6.8062 5.4487
v  -9.6541 5.4002 6.5287
v  -9.0941 5.5174 6.5714
v  -9.7423 6.8845 5.5959
v  7.8973 3.7515 7.4972
v  6.4755 3.7106 7.6455
v  8.9721 4.0985 7.1583
v  7.9218 4.2523 7.2362
v  8.7672 4.3665 7.0002
v  6.5352 4.2658 7.4407
v  9.2420 5.0883 6.4953
v  9.7602 4.9330 6.4508
v  10.4672 6.1603 5.5079
v  9.8474 6.2960 5.6305
v  -7.9026 5.5041 6.7591
v  -6.2619 5.4600 6.9534
v  -6.6807 6.8606 6.1337
v  -8.4243 6.8996 5.8611
v  -10.9002 8.0917 4.4874
v  -10.2396 8.1543 4.6566
v  -10.6589 9.3499 3.7022
v  -11.3403 9.2963 3.5376
v  8.1884 5.1763 6.6722
v  8.6113 6.4356 5.8670
v  6.9598 6.5615 6.1503
v  6.7008 5.2640 6.8972
v  11.1544 7.5260 4.3622
v  11.7838 8.9348 3.1567
v  11.0589 9.0697 3.3989
v  10.4792 7.6640 4.5519
v  12.3142 10.3408 1.9990
v  12.7205 11.7178 0.7897
v  11.8428 11.8195 1.1013
v  11.5326 10.4732 2.2960
v  -11.8408 10.5993 2.5521
v  -11.1312 10.6664 2.7294
v  -11.5869 11.9931 1.6743
v  -12.3380 11.9030 1.4667
v  -8.8663 8.1789 4.9280
v  -7.0750 8.1659 5.2230
v  -7.4605 9.4482 4.3430
v  -9.2731 9.4182 4.0117
v  9.0919 7.8122 4.8985
v  9.5470 9.2169 3.8722
v  7.5611 9.2848 4.3598
v  7.2650 7.9154 5.2661
v  12.6776 12.6612 -0.8751
v  12.7027 13.7140 -2.4431
v  11.9066 13.8954 -2.0309
v  11.8328 12.7488 -0.5401
v  -12.5459 12.8830 0.0562
v  -11.8262 12.9414 0.2643
v  -12.0493 13.9622 -1.0936
v  -12.7995 13.8949 -1.3146
v  -9.7047 10.7244 3.0560
v  -7.8521 10.7672 3.4627
v  -8.2052 12.0697 2.5301
v  -10.1207 12.0625 2.0766
v  9.9078 10.6170 2.8684
v  10.0768 11.8819 1.6721
v  7.8226 11.8176 2.3238
v  7.7813 10.6379 3.4519
v  -10.3532 13.0279 0.7153
v  -8.4190 13.0789 1.2651
v  -8.5742 13.8644 -0.2265
v  -10.5404 13.9298 -0.7151
v  -12.8793 14.7790 -2.8390
v  -12.1837 14.9566 -2.5390
v  -12.0216 15.5866 -4.1460
v  -12.6217 15.3602 -4.4633
v  -11.4418 15.7872 -7.5369
v  -12.1554 15.7165 -6.0422
v  -11.6296 15.9861 -5.7158
v  -11.0102 16.1450 -7.2074
v  -9.3018 15.2457 -9.8445
v  -10.4432 15.5360 -8.8259
v  -10.0724 15.8977 -8.4851
v  -8.9933 15.6333 -9.4986
v  -8.0678 15.1133 -10.5352
v  -6.7504 15.0757 -10.9844
v  -7.8273 15.5143 -10.1945
v  -6.5748 15.4863 -10.6653
v  -5.3703 15.0588 -11.3327
v  -3.9246 14.9923 -11.5498
v  -5.2349 15.4713 -11.0255
v  -3.8124 15.4245 -11.2714
v  -2.3900 14.8763 -11.6301
v  -0.5970 14.7886 -11.5575
v  -2.2902 15.2875 -11.3156
v  -0.5417 15.2083 -11.2703
v  3.7205 15.2100 -11.6003
v  1.5530 14.9203 -11.5594
v  1.5062 15.3372 -11.2765
v  3.5609 15.6311 -11.3009
v  5.5457 15.4265 -11.3546
v  5.3176 15.8212 -11.0289
v  6.7716 15.9444 -10.6049
v  7.0317 15.5796 -10.9556
v  8.2810 15.6783 -10.4774
v  8.0102 16.0368 -10.1189
v  9.0558 16.0752 -9.5112
v  9.3469 15.7316 -9.8886
v  10.2946 15.7985 -9.1835
v  11.1218 15.7967 -8.2364
v  9.9528 16.1308 -8.7761
v  10.7297 16.1543 -7.8217
v  11.8650 15.7106 -7.0083
v  12.3778 15.3412 -5.5521
v  11.3707 16.0281 -6.5711
v  11.8078 15.6574 -5.1036
v  11.9746 14.9518 -3.5409
v  12.6824 14.6970 -3.9915
v  -10.8171 15.1396 -1.9740
v  -8.9150 15.0207 -1.4692
v  -9.2388 16.1487 -2.7391
v  -10.8674 15.9541 -3.4932
v  -10.6320 16.4230 -5.0593
v  -9.2584 16.8075 -4.2342
v  -9.0039 17.1839 -5.6817
v  -10.1629 16.6824 -6.5385
v  -9.3716 16.5451 -7.8137
v  -8.4396 17.2523 -6.9494
v  -7.6319 17.1232 -7.9329
v  -8.4122 16.3503 -8.8215
v  -7.3502 16.2386 -9.5243
v  -6.1983 16.2108 -10.0232
v  -6.7170 17.0715 -8.6620
v  -5.6867 17.0473 -9.1798
v  -4.9452 16.2013 -10.4003
v  -3.5916 16.1776 -10.6582
v  -4.5462 17.0477 -9.5643
v  -3.2919 17.0399 -9.8135
v  -2.1262 16.0542 -10.6970
v  -0.4840 16.0171 -10.6918
v  -1.9207 16.9548 -9.8609
v  -0.4222 16.9811 -9.9037
v  1.3707 16.1260 -10.6821
v  1.2059 17.0720 -9.8781
v  2.8339 17.2334 -9.7922
v  3.2288 16.3737 -10.6657
v  4.8692 16.5190 -10.3839
v  4.3240 17.3525 -9.5263
v  5.6186 17.3684 -9.0646
v  6.2666 16.5993 -9.9481
v  7.4605 16.6437 -9.4247
v  6.7159 17.3600 -8.5006
v  7.6068 17.3616 -7.8136
v  8.4542 16.6678 -8.7813
v  9.2695 16.7364 -7.9933
v  9.8935 16.7057 -6.9734
v  8.2730 17.3680 -6.9574
v  8.6855 17.2252 -5.9002
v  10.3330 16.5064 -5.6937
v  10.5166 16.0399 -4.2223
v  8.8679 16.9037 -4.6536
v  8.7253 16.2398 -3.3184
v  10.0016 12.8246 0.1217
v  10.0500 13.9893 -1.2935
v  7.3049 14.0874 -0.2718
v  7.6214 12.7518 0.9324
v  10.3600 15.1712 -2.7168
v  8.2332 15.2493 -1.9726
v  5.4004 12.6422 1.8753
v  5.6369 11.7040 2.9785
v  5.1661 13.8737 1.5627
v  3.4898 12.7205 2.9040
v  3.4159 13.8460 2.9493
v  3.6005 11.6558 3.5536
v  1.5277 12.7203 3.3256
v  -0.4565 12.6312 2.6896
v  -0.3595 11.4356 3.2911
v  1.6088 11.6205 3.7624
v  1.4353 13.7681 3.1454
v  -0.5263 13.8278 2.9143
v  5.6627 10.5992 3.9823
v  5.5411 9.2929 4.7679
v  3.6390 10.5770 4.4088
v  3.5765 9.2445 4.9883
v  -5.9361 10.7578 3.8212
v  -4.0554 10.7884 4.2471
v  -4.2946 11.9926 3.3529
v  -6.2252 12.0014 2.9014
v  -5.5965 9.4525 4.6596
v  -3.7657 9.4440 4.9514
v  -2.1539 10.6609 4.3978
v  -0.2530 10.3981 4.2281
v  -2.3387 11.8300 3.5980
v  -1.9558 9.3526 5.0691
v  -0.1475 9.2138 5.0179
v  1.6652 10.5695 4.5863
v  1.6898 9.2545 5.1351
v  5.3565 7.9474 5.5346
v  5.1588 6.6287 6.3474
v  3.4849 7.9525 5.7146
v  3.3639 6.6600 6.4733
v  -5.2448 8.1626 5.5212
v  -3.4612 8.1221 5.7170
v  -4.8667 6.8087 6.3311
v  -3.1241 6.7660 6.4713
v  -1.7431 8.0649 5.8287
v  -0.0443 7.9757 5.8037
v  -1.5056 6.7200 6.5380
v  0.0608 6.6808 6.5463
v  1.6897 7.9743 5.8307
v  1.6690 6.6880 6.5697
v  4.9710 5.3311 7.0404
v  4.8293 4.3033 7.5164
v  3.2226 5.3751 7.1325
v  3.1018 4.3479 7.5891
v  -4.4742 5.4094 7.0490
v  -2.7578 5.3722 7.0950
v  -4.1661 4.2769 7.5359
v  -2.4649 4.2818 7.5696
v  -1.2461 5.3711 7.1659
v  0.1674 5.3773 7.1977
v  -1.0320 4.3098 7.6334
v  0.2578 4.3322 7.6429
v  1.6295 5.4000 7.2189
v  1.5920 4.3442 7.6021
v  4.7381 3.4720 7.7220
v  4.7553 3.7334 7.6716
v  3.0339 3.7645 7.6830
v  3.0135 3.5030 7.7034
v  -4.0273 3.6878 7.6950
v  -2.3279 3.7140 7.7407
v  -3.9970 3.4519 7.7118
v  -2.2928 3.4785 7.7616
v  -0.9217 3.7443 7.7834
v  0.3140 3.7644 7.7709
v  -0.8880 3.5021 7.7783
v  0.3359 3.5098 7.7955
v  1.5778 3.7747 7.7350
v  1.5772 3.5091 7.7863
v  3.0101 3.2922 7.6616
v  2.9789 3.0100 7.3559
v  4.7106 2.9749 7.3547
v  4.7410 3.2701 7.6420
v  -3.9875 3.2819 7.6088
v  -2.2826 3.2983 7.6715
v  -3.9814 3.0028 7.3444
v  -2.2838 3.0141 7.4003
v  1.5683 3.2799 7.7264
v  1.5299 3.0125 7.3830
v  0.3271 3.2866 7.7388
v  0.2887 3.0137 7.4060
v  -0.8876 3.3111 7.6954
v  -0.9094 3.0191 7.4142
v  -3.9768 2.5682 6.8102
v  -3.9852 2.1759 6.2550
v  -2.3477 2.1568 6.2910
v  -2.2954 2.5653 6.8571
v  4.6099 2.5182 6.7640
v  4.5000 2.1433 6.1964
v  2.8926 2.5607 6.7521
v  2.8349 2.1605 6.1659
v  1.4539 2.5593 6.7868
v  1.4024 2.1472 6.1899
v  0.2265 2.5500 6.8331
v  0.1783 2.1340 6.2500
v  -0.9476 2.5583 6.8600
v  -1.0013 2.1464 6.2862
v  1.3164 14.6789 3.1395
v  -0.5061 14.7259 3.1732
v  3.1799 14.7753 3.0648
v  2.8337 15.6091 3.1192
v  1.1861 15.4497 3.2672
v  -0.4342 15.4558 3.3116
v  4.8456 14.9869 1.9811
v  5.7729 15.2375 0.1463
v  5.4959 16.3915 1.1860
v  4.4759 15.9218 2.5522
v  -7.4147 17.7258 -6.1029
v  -7.7527 17.4990 -4.8878
v  -6.5149 18.2309 -5.4178
v  -6.6869 17.9322 -4.2603
v  -6.0412 18.3573 -6.3499
v  -6.8159 17.7857 -7.0827
v  -1.7075 17.8264 -9.0434
v  -0.3520 17.8445 -9.0509
v  -2.9701 17.8739 -8.9882
v  -2.6678 18.6891 -8.2892
v  -1.5137 18.6983 -8.3891
v  -0.2845 18.7486 -8.4189
v  -6.0492 17.8039 -7.8147
v  -5.1520 17.8362 -8.3559
v  -5.4444 18.5148 -7.1027
v  -4.6753 18.6313 -7.6775
v  -4.1232 17.8672 -8.7482
v  -3.7284 18.6669 -8.0507
v  -5.6600 19.8484 -4.7165
v  -5.2670 20.0064 -5.5925
v  -5.5158 19.1319 -5.8517
v  -5.9186 18.9666 -4.9531
v  -6.0708 18.7163 -3.8431
v  -5.8255 19.6490 -3.6589
v  -1.3612 19.5971 -7.9690
v  -2.4217 19.5323 -7.7898
v  -2.2648 20.4026 -7.5335
v  -1.2627 20.4823 -7.7429
v  -0.2279 19.6918 -8.0781
v  -0.1913 20.5805 -7.8560
v  -4.9927 19.3075 -6.5951
v  -4.2747 19.4227 -7.1498
v  -4.7077 20.1388 -6.2900
v  -3.9993 20.2420 -6.8205
v  -3.3929 19.4710 -7.5099
v  -3.1906 20.3328 -7.2495
v  2.5070 18.0827 -8.9373
v  1.0801 17.9627 -9.0549
v  1.0011 18.8452 -8.3808
v  2.2830 18.9743 -8.2702
v  3.8290 18.1384 -8.6254
v  3.4706 19.0108 -7.9008
v  4.4660 18.9415 -7.3246
v  4.9776 18.1186 -8.1361
v  0.9628 19.8081 -8.0581
v  2.1609 19.9374 -7.8923
v  0.9310 20.7020 -7.8360
v  2.0676 20.8465 -7.6563
v  5.9062 18.0328 -7.5097
v  5.2090 18.7796 -6.6151
v  6.6257 17.9520 -6.7790
v  5.7682 18.6237 -5.8542
v  7.1024 17.8394 -5.9102
v  7.3088 17.5903 -4.9071
v  6.1084 18.4505 -5.0023
v  6.2231 18.2143 -4.0411
v  6.0552 19.5846 -4.4028
v  6.1916 19.3469 -3.3329
v  5.6912 19.7833 -5.3509
v  5.7340 20.8812 -4.9660
v  6.1149 20.6977 -3.9715
v  6.3293 20.4921 -2.8537
v  6.5093 15.8294 -1.3210
v  6.9050 16.4781 -2.6687
v  6.0947 17.4947 -1.7222
v  5.8112 16.9396 -0.3638
v  7.2423 17.1402 -3.8125
v  6.2017 17.9082 -2.9558
v  -2.5202 13.0498 3.1446
v  -4.4374 13.0783 2.3147
v  -2.5956 14.1563 2.9665
v  -4.7628 14.6073 1.8469
v  -6.3955 13.0123 1.7062
v  -6.6010 14.0540 0.4784
v  -7.0050 15.1327 -0.8199
v  -5.7344 15.7387 0.3352
v  -6.1212 16.8773 -1.1035
v  -7.4256 16.1422 -2.1430
v  -5.1297 16.2364 1.4821
v  -4.0107 15.5127 2.4188
v  -4.5180 16.6461 1.9908
v  -3.3941 16.1113 2.5474
v  -5.0954 17.0941 1.3783
v  -5.5616 17.0392 0.5797
v  -2.3190 15.0089 2.8811
v  -1.9755 15.6982 2.9287
v  -7.7234 16.9404 -3.5290
v  -6.5618 17.4798 -2.8974
v  1.8253 19.9820 7.6512
v  2.3058 20.5480 7.5429
v  1.3363 19.5129 7.7890
v  1.5370 19.2327 7.4635
v  2.0943 19.7782 7.2954
v  2.6902 20.4377 7.1844
v  2.6345 19.0089 5.8305
v  3.4989 19.8746 5.6719
v  3.2798 20.0669 6.2513
v  2.4768 19.2134 6.4150
v  1.7388 18.2044 5.9657
v  1.5237 18.4019 6.6102
v  1.8473 18.0796 5.3241
v  2.7645 18.8640 5.1956
v  3.6358 19.7303 5.0330
v  2.7790 21.1504 7.5359
v  3.1170 21.7227 7.6040
v  3.2937 21.1694 7.1519
v  3.8164 22.0691 7.1205
v  4.2858 20.7959 5.5294
v  4.4642 20.6239 4.8911
v  4.8710 21.8052 5.3525
v  5.0726 21.6212 4.7139
v  4.6140 21.9502 5.9662
v  4.0211 20.9710 6.1217
v  -3.4418 20.2018 6.1439
v  -3.5948 20.0378 5.6465
v  -3.0470 19.4495 5.9156
v  -2.9993 19.6880 6.3444
v  -3.8927 20.7559 6.1094
v  -4.2471 20.8192 5.4498
v  -4.2752 22.2626 7.0543
v  -4.3502 21.8289 6.6092
v  -4.7248 22.5752 6.8648
v  -4.8763 22.1792 6.1143
v  -4.8961 20.7848 3.3146
v  -4.9025 20.6101 2.7559
v  -4.1923 19.7668 3.1778
v  -4.2284 19.9532 3.6936
v  -4.8654 20.9880 3.8815
v  -4.2298 20.2047 4.2248
v  -5.4370 21.8277 3.5780
v  -5.4547 21.6928 2.9812
v  -5.4399 21.5691 2.3737
v  -4.2012 21.3120 6.2841
v  -4.5622 21.4856 5.7899
v  -4.8410 21.2032 4.4525
v  -4.8254 21.4422 4.9895
v  -5.3409 22.1005 4.7318
v  -5.4202 21.9606 4.1574
v  -4.2413 20.4812 4.7913
v  -5.1898 22.1938 5.3430
v  -4.8410 21.6857 5.3775
v  -6.8516 26.2005 6.0136
v  -7.0689 26.8285 5.7340
v  -6.9708 25.9353 5.4372
v  -7.1761 26.6788 4.9433
v  -6.5888 25.1933 5.9251
v  -6.4917 25.6925 6.4481
v  -6.0151 25.3923 6.9823
v  -6.0282 24.9141 6.7725
v  -5.8355 24.3304 6.6892
v  -6.2314 24.4057 5.8926
v  -5.8820 23.6797 5.9216
v  -5.5231 23.7079 6.6933
v  -5.1472 23.0955 6.7476
v  -5.4471 22.9443 6.0045
v  -6.4693 24.4533 5.0836
v  -6.7485 25.1394 5.0728
v  -6.5705 24.4974 4.3561
v  -6.8266 25.2029 4.4285
v  -6.2479 23.7391 4.3745
v  -6.1216 23.7096 5.1161
v  -5.6854 22.9151 5.2299
v  -5.8318 22.9008 4.5179
v  -5.8831 22.8397 3.9068
v  -5.8929 22.7509 3.3275
v  -6.3000 23.7076 3.7642
v  -6.2734 23.6674 3.1865
v  -6.9351 25.6868 5.0038
v  -7.0430 25.9045 4.5770
v  2.4707 30.0469 10.2356
v  2.8061 29.6847 9.7875
v  2.9072 29.2406 9.2542
v  3.0453 30.0344 9.5694
v  3.2524 29.4410 9.0532
v  2.5966 30.4796 10.0225
v  1.9579 30.2502 10.6059
v  2.0152 30.7095 10.4553
v  1.3853 30.7947 10.8107
v  1.3951 30.3311 10.9267
v  -7.3659 28.3329 6.7574
v  -7.1952 28.0512 6.0680
v  -7.3395 28.5554 7.5542
v  -7.4948 28.9499 7.2933
v  -7.5346 28.6797 6.3116
v  -7.3626 28.3129 5.4667
v  -7.3263 27.6263 5.0622
v  -7.1278 27.5036 5.7275
v  3.3015 22.8929 7.9740
v  3.4181 23.3146 8.0487
v  3.2075 22.5099 7.8848
v  3.5552 22.6633 7.6394
v  3.7512 23.0137 7.6127
v  3.9656 23.4956 7.6016
v  3.5022 23.7471 8.1641
v  3.5226 24.2013 8.3087
v  4.1153 23.9866 7.6286
v  4.1852 24.4825 7.7181
v  5.0469 22.9678 5.7851
v  5.3027 22.8279 5.1660
v  5.5138 22.6298 4.5162
v  5.6579 23.8066 4.9822
v  5.8408 23.6003 4.3056
v  5.4026 24.0368 5.6609
v  3.7020 21.1020 6.6682
v  4.2747 22.0307 6.5327
v  3.0132 20.2680 6.7554
v  3.1988 22.1556 7.7435
v  3.6876 22.4785 7.4352
v  4.7365 22.9783 6.3344
v  5.0651 23.7905 6.2030
v  4.7627 23.7138 6.6411
v  4.4030 22.9744 6.8158
v  5.0024 24.2994 6.5474
v  5.1762 24.2706 6.2033
v  5.3540 24.5782 5.9737
v  5.2224 24.9222 6.3892
v  4.6204 24.1880 7.0622
v  4.7378 24.7265 7.0881
v  4.4091 23.6288 7.1153
v  4.0964 23.0204 7.2329
v  -7.1408 28.7800 8.2669
v  -6.7944 28.9970 8.8397
v  -7.2615 29.2263 8.1192
v  -6.8928 29.4880 8.7538
v  -6.3915 29.1588 9.3004
v  -6.4454 29.6915 9.2241
v  -5.9475 29.2705 9.6706
v  -6.0218 29.8309 9.6462
v  -5.5102 29.3299 10.0228
v  -5.0752 29.3360 10.3627
v  -5.1945 29.9793 10.4181
v  -5.6203 29.9217 10.0588
v  -3.2009 29.4469 11.0930
v  -3.6433 29.3662 10.9869
v  -3.3395 30.1908 11.1460
v  -3.7858 30.1206 11.0499
v  -4.1203 29.2990 10.8585
v  -4.2621 30.0549 10.9278
v  -4.6098 29.3097 10.6476
v  -4.7446 30.0128 10.7247
v  -1.9931 29.7380 11.4572
v  -1.5868 29.9139 11.5233
v  -2.1533 30.4281 11.4982
v  -1.7303 30.5537 11.5720
v  -2.5433 30.3220 11.3866
v  -2.3861 29.5846 11.3445
v  -2.7866 29.5074 11.2128
v  -2.9306 30.2506 11.2600
v  -1.1477 30.0756 11.5361
v  -1.2534 30.6734 11.5962
v  -0.6817 30.2035 11.5046
v  -0.7431 30.7634 11.5572
v  0.8413 30.3504 11.1625
v  0.8125 30.8212 11.0761
v  0.2878 30.8221 11.2838
v  0.3094 30.3322 11.3216
v  -0.1986 30.2866 11.4243
v  -0.2270 30.8082 11.4496
v  -6.1182 18.4504 -2.5269
v  -5.9642 18.1587 -1.0673
v  -5.8373 19.3737 -1.0046
v  -5.9130 19.4691 -2.4539
v  -4.8351 20.4899 2.2110
v  -5.3610 21.4598 1.7698
v  -4.6637 20.4226 1.7046
v  -5.1764 21.3515 1.1768
v  -3.9662 19.6204 2.2282
v  -4.1072 19.6609 2.6782
v  -5.6103 17.8949 0.3339
v  -5.0225 17.5929 1.4320
v  -4.8378 18.2055 1.5446
v  -5.5107 18.7106 0.4610
v  -5.3183 19.3521 0.7617
v  -5.0102 19.8468 1.0490
v  -5.4390 20.6461 0.1795
v  -5.6472 20.0766 -0.3003
v  -4.5341 18.7474 1.6538
v  -4.1434 19.1782 1.6898
v  -4.5222 20.2660 1.2184
v  -4.9761 21.1303 0.5787
v  -3.8257 19.5472 1.8153
v  -2.9813 16.6767 2.5849
v  -2.6826 17.2261 2.6192
v  -3.7962 17.6947 2.1472
v  -4.1136 17.1501 2.1248
v  -3.4510 18.1990 2.1440
v  -3.1534 18.6208 2.2014
v  -2.4273 17.7360 2.7024
v  -2.2191 18.1297 2.7715
v  -2.9569 18.9505 2.3454
v  -3.1357 18.9167 2.7297
v  -2.1482 18.3329 2.9180
v  -2.2364 18.3033 3.2088
v  -1.7313 16.2998 3.0252
v  -1.5671 16.8515 3.1589
v  -0.3960 16.0743 3.4876
v  -0.3613 16.6488 3.5548
v  -1.4050 17.3652 3.2340
v  -1.2693 17.7532 3.2688
v  -0.3146 17.1804 3.5875
v  -0.2660 17.5811 3.6023
v  -1.2160 17.9384 3.3625
v  -1.2460 17.9279 3.6355
v  -0.2289 17.8030 3.6397
v  -0.2310 17.7258 3.9367
v  0.8280 17.6484 4.6445
v  1.8677 18.1036 4.6428
v  0.8063 17.5827 5.3291
v  -0.2828 17.4098 5.1561
v  -0.2599 17.5111 4.4834
v  0.8126 17.8274 4.0693
v  1.8382 18.1993 4.0631
v  1.0642 16.1068 3.4965
v  2.5136 16.3673 3.1694
v  2.2568 17.0373 3.3025
v  0.9519 16.7123 3.6308
v  0.8594 17.2702 3.6372
v  0.8029 17.6995 3.6233
v  2.0379 17.6152 3.4371
v  1.8686 18.0453 3.5213
v  0.7832 17.9378 3.7209
v  1.7935 18.2656 3.6898
v  2.8351 18.7797 4.5383
v  3.6944 19.6318 4.3814
v  2.8211 18.7791 3.9604
v  3.6697 19.5936 3.7901
v  4.0173 16.7709 2.8459
v  5.2692 17.3292 1.9990
v  4.8283 18.1466 2.4730
v  3.5552 17.5294 2.9407
v  3.1597 18.1584 3.0826
v  4.2885 18.8041 2.7347
v  3.8732 19.2668 3.0129
v  2.8903 18.5939 3.3108
v  2.7316 18.8518 3.5338
v  3.6181 19.5712 3.3060
v  6.2019 19.0620 -2.1264
v  6.0762 18.6461 -0.7817
v  6.2862 20.2619 -1.5699
v  6.1199 19.9727 0.0739
v  4.5599 20.4771 4.2354
v  5.1984 21.4486 4.0533
v  4.5075 20.4211 3.5993
v  5.1707 21.3403 3.3751
v  5.7981 18.0091 0.6242
v  5.7424 18.9156 1.4795
v  5.3252 19.5616 2.1578
v  5.9457 20.5017 1.3796
v  5.4451 20.9114 2.1024
v  4.7846 20.0281 2.5972
v  4.4614 20.3495 3.0289
v  5.0762 21.2434 2.6934
v  5.6403 22.4467 3.8386
v  5.9625 23.4098 3.6104
v  5.6228 22.3065 3.1276
v  5.9296 23.2599 2.8748
v  -1.0376 18.6559 7.7251
v  -1.4601 18.6801 7.5328
v  -0.9614 18.3514 7.4716
v  -1.3984 18.3788 7.2643
v  -0.5039 18.3718 7.6201
v  -0.6018 18.6782 7.8760
v  0.8380 19.1758 7.8978
v  0.3384 18.9538 7.9379
v  0.4725 18.6596 7.6690
v  0.9937 18.8785 7.5984
v  -0.1407 18.7920 7.9283
v  -0.0237 18.4898 7.6764
v  1.6366 18.8968 7.0801
v  1.0569 18.5638 7.2730
v  0.5540 18.3882 7.3903
v  0.9019 18.2298 6.9885
v  0.5637 18.1961 7.1755
v  2.3062 19.5086 6.8919
v  0.0720 18.2264 7.4032
v  -0.4173 18.1160 7.3314
v  -0.3440 17.9048 7.0204
v  0.1909 18.0144 7.1301
v  -2.6123 19.2683 6.6383
v  -2.5977 18.9866 6.2565
v  -2.2146 18.6473 6.6333
v  -2.2435 18.9637 6.9639
v  -1.8668 18.7706 7.2769
v  -1.8269 18.4482 6.9898
v  -3.6104 19.7684 5.1150
v  -3.0322 19.1389 5.4643
v  -3.5862 19.4501 4.6074
v  -2.9660 18.8361 5.0088
v  0.7564 17.6444 5.9461
v  0.6419 17.7469 6.4654
v  -0.2574 17.5829 6.2706
v  -0.2697 17.4713 5.7642
v  0.4095 17.8479 6.8516
v  -0.2854 17.7344 6.6775
v  -0.8870 18.0989 7.1926
v  -0.8629 17.8907 6.8966
v  -1.3127 18.1264 6.9895
v  -1.2216 17.9576 6.7940
v  -2.1162 18.3145 6.2756
v  -2.5395 18.6590 5.8542
v  -2.4489 18.3950 5.4223
v  -1.8918 17.9425 5.8921
v  -3.2930 18.8850 3.1632
v  -3.4044 18.9727 3.6598
v  -2.3360 18.2739 3.6691
v  -2.4308 18.2445 4.3222
v  -3.5274 19.1702 4.1286
v  -2.8520 18.5760 4.6006
v  -1.3188 17.7985 4.1388
v  -1.3534 17.6565 4.7840
v  -1.2484 17.6001 5.4572
v  -1.1110 17.6112 6.0623
v  -2.0122 18.0044 5.1542
v  -2.4307 18.2890 5.0312
v  -1.7110 18.1626 6.6825
v  -1.4736 17.8798 6.5022
v  -0.9531 17.7191 6.5418
v  2.4921 26.5355 9.4352
v  3.0552 26.9716 9.2364
v  2.9223 26.1646 9.2139
v  3.7444 26.6860 8.7149
v  3.2021 25.6906 8.9504
v  3.9686 26.0590 8.3857
v  3.3786 25.1821 8.7059
v  4.1020 25.5222 8.1183
v  3.2915 27.4753 9.1049
v  3.8430 27.3867 8.6599
v  3.7683 28.0261 8.7084
v  3.3120 28.0305 9.0865
v  3.1325 28.6392 9.0709
v  3.5409 28.7327 8.8084
v  3.4863 24.6804 8.4950
v  4.1753 24.9968 7.8864
v  9.4712 3.8763 4.2515
v  10.2796 5.2481 3.4716
v  8.5111 2.7821 4.8916
v  8.1908 3.1248 4.7733
v  9.0825 4.2011 4.2189
v  9.8471 5.4869 3.4268
v  10.9361 6.6360 2.6953
v  11.4833 7.9227 1.7957
v  10.4866 6.8257 2.6832
v  11.0138 8.0645 1.7904
v  12.2595 10.1266 -0.4900
v  11.9320 9.0323 0.6531
v  11.4335 9.1862 0.7178
v  11.7513 10.2892 -0.3626
v  12.4076 11.7964 -3.1477
v  12.4111 10.9595 -1.8036
v  11.8583 11.1306 -1.6316
v  11.8377 11.9927 -2.9163
v  12.2491 12.6421 -4.5719
v  11.6424 12.7279 -4.3446
v  11.2839 13.1885 -5.7644
v  11.9172 13.1922 -6.0171
v  10.8302 13.5734 -6.9161
v  10.2713 13.8403 -7.8433
v  10.8240 13.7736 -8.1879
v  11.4387 13.5808 -7.2148
v  10.0834 13.9007 -8.9577
v  9.6059 13.9263 -8.6032
v  9.2236 13.8991 -9.5670
v  8.8265 13.8796 -9.2044
v  8.2389 13.7426 -10.0415
v  7.0297 13.7340 -10.3917
v  7.8982 13.7619 -9.6617
v  6.7436 13.7508 -10.0248
v  5.5793 13.5083 -10.7140
v  3.7643 13.3112 -10.9711
v  5.3382 13.5514 -10.3567
v  3.6065 13.2501 -10.6453
v  1.5101 13.1414 -10.7762
v  -0.6128 13.1716 -10.7403
v  -0.6543 13.2944 -11.0345
v  1.5660 13.2106 -11.0912
v  -2.5336 13.2220 -10.9529
v  -2.4365 13.1663 -10.6284
v  -3.9532 13.1896 -10.4607
v  -4.0789 13.2353 -10.7969
v  -5.3774 13.0917 -10.6524
v  -5.2266 13.0373 -10.3181
v  -6.3045 13.0306 -10.0692
v  -6.4977 13.0352 -10.3973
v  -8.4679 13.0054 -9.3695
v  -7.5070 12.9012 -9.9955
v  -7.2431 12.8593 -9.6935
v  -8.1401 13.0252 -9.0977
v  -10.3237 13.2107 -7.5459
v  -9.4409 13.1264 -8.5478
v  -9.0942 13.1517 -8.2866
v  -9.9835 13.2419 -7.3032
v  -11.0036 13.1515 -6.3895
v  -11.4847 12.8871 -5.1146
v  -10.6663 13.1592 -6.1883
v  -11.1269 12.8803 -4.9546
v  -11.7806 12.2970 -3.8049
v  -11.8874 11.6715 -2.4683
v  -11.3693 12.3358 -3.6460
v  -11.4362 11.7342 -2.3209
v  -11.8105 10.9186 -1.2519
v  -11.6049 10.0696 -0.1367
v  -11.3251 11.0043 -1.1397
v  -11.1054 10.2194 -0.0217
v  -11.3102 9.1601 0.9257
v  -10.9518 8.1876 1.8952
v  -10.7914 9.2731 0.9985
v  -10.4386 8.2718 1.9526
v  -10.5416 7.1673 2.7878
v  -10.0692 5.8324 3.5227
v  -10.0613 7.2150 2.8062
v  -9.6178 5.9122 3.5124
v  -9.4799 4.2079 4.2369
v  -9.0576 4.3710 4.1346
v  -8.2250 3.1514 4.7014
v  -8.5989 2.8382 4.8222
v  6.4173 1.8058 5.0572
v  6.4593 2.0460 4.7757
v  7.2607 2.4097 4.8741
v  7.4708 2.0514 5.0600
v  7.5244 1.9056 5.3184
v  5.8363 1.7933 5.3624
v  7.6368 1.8889 5.5967
v  6.0462 1.9248 5.7193
v  4.3802 1.9155 5.7847
v  4.1766 1.7085 5.5004
v  2.7986 1.9274 5.7800
v  2.7504 1.7126 5.5490
v  1.3885 1.9376 5.7882
v  1.4056 1.7457 5.5615
v  0.1590 1.9330 5.8526
v  0.1630 1.7434 5.6179
v  -1.0533 1.9327 5.8958
v  -1.0785 1.7380 5.6522
v  -2.4081 1.9496 5.8900
v  -2.4047 1.7519 5.6296
v  -7.5402 1.9897 5.6899
v  -7.4890 1.9012 5.3310
v  -5.7359 2.0066 5.7810
v  -5.5386 1.8410 5.3705
v  -3.8252 1.7675 5.5571
v  -3.9831 1.9766 5.8523
v  3.8509 1.4566 5.2956
v  3.5358 1.1917 5.1249
v  4.3838 1.2299 4.8946
v  4.9023 1.4959 5.1092
v  2.6564 1.4482 5.4118
v  2.5189 1.1752 5.2884
v  2.3542 0.9303 5.1387
v  2.1715 0.7309 4.9530
v  2.9872 0.7494 4.7533
v  3.2561 0.9485 4.9500
v  3.6617 0.7706 4.4734
v  3.9974 0.9808 4.6866
v  0.1853 1.4717 5.5213
v  0.2073 1.1882 5.4328
v  1.3913 1.1796 5.3845
v  1.4193 1.4627 5.4763
v  1.3257 0.9267 5.2527
v  1.2379 0.7177 5.0776
v  0.2205 0.9283 5.3052
v  0.2260 0.7093 5.1345
v  -0.9913 1.1905 5.4313
v  -1.0582 1.4737 5.5302
v  -2.3065 1.4778 5.4866
v  -2.1389 1.1952 5.3610
v  -0.7961 0.7084 5.1218
v  -0.8976 0.9295 5.2976
v  -1.9439 0.9354 5.2126
v  -1.7450 0.7159 5.0283
v  -3.4876 1.5019 5.3489
v  -4.4992 1.5511 5.1063
v  -3.9464 1.2586 4.9171
v  -3.1451 1.2185 5.1881
v  -2.8351 0.9588 5.0211
v  -3.5361 0.9937 4.7323
v  -3.1830 0.7706 4.5361
v  -2.5488 0.7397 4.8311
v  1.2478 7.2541 -9.1246
v  1.2838 6.2144 -9.1177
v  -0.0182 6.1828 -9.1907
v  -0.0462 7.2188 -9.1942
v  1.2032 8.2855 -9.1494
v  -0.0946 8.2496 -9.2022
v  2.5205 8.3182 -8.9056
v  2.5502 7.2821 -8.8667
v  2.5843 6.2341 -8.8661
v  1.3171 5.1687 -9.1446
v  1.3538 4.1364 -9.1348
v  0.0079 4.1160 -9.2036
v  -0.0070 5.1453 -9.2166
v  2.6258 5.1714 -8.9012
v  2.6680 4.1256 -8.9043
v  1.4099 3.1358 -9.1086
v  1.4919 2.1651 -9.0632
v  0.0990 2.1331 -9.1362
v  0.0433 3.1068 -9.1759
v  2.7203 3.1332 -8.8714
v  2.7846 2.1839 -8.8438
v  1.4805 0.7620 -8.8163
v  0.2256 0.7208 -8.8962
v  0.1693 1.2729 -9.0869
v  1.5734 1.2787 -9.0625
v  2.8293 1.3107 -8.8366
v  2.6185 0.7835 -8.6307
v  5.8259 1.7389 4.5024
v  5.5698 1.5737 4.8405
v  4.9888 1.2956 4.5905
v  5.3194 1.4110 4.2028
v  4.1876 0.7895 4.1132
v  4.5569 1.0240 4.3475
v  4.5801 0.7940 3.6686
v  4.9329 1.0739 3.9241
v  5.3964 1.6012 3.7197
v  5.1123 1.1420 3.3794
v  4.8233 0.7938 3.1010
v  5.0755 1.2100 2.6244
v  4.9510 0.7710 2.3502
v  5.1298 1.9557 3.0296
v  5.7858 2.0264 4.1260
v  5.5154 2.4909 3.8049
v  5.9451 2.8847 4.2462
v  6.2426 2.3998 4.4936
v  6.5698 3.2945 4.2650
v  7.1369 4.0026 4.1489
v  7.6948 3.5693 4.5112
v  6.9285 2.8195 4.5653
v  6.3423 3.6799 3.9996
v  5.8459 3.5592 3.9104
v  6.0176 4.3993 3.5142
v  6.6035 4.3079 3.8169
v  5.2570 3.3231 3.5258
v  4.9410 3.0575 2.6651
v  5.4331 4.3307 3.0335
v  5.1009 4.1780 2.2189
v  8.4439 4.6311 4.0925
v  9.1104 5.7864 3.2969
v  7.6864 5.0086 3.8051
v  8.2110 6.1404 3.2264
v  6.9477 5.2791 3.5098
v  7.2972 6.4313 3.1618
v  6.2736 5.3842 3.1155
v  6.5381 6.4539 2.7104
v  5.6756 5.3626 2.5875
v  5.8408 6.4270 2.2386
v  5.3105 5.2485 1.8207
v  5.4823 6.2799 1.4956
v  9.6837 7.0960 2.6948
v  8.6707 7.3170 2.5986
v  9.0582 8.5085 1.9380
v  10.1513 8.2888 1.8595
v  6.0448 7.4353 1.8334
v  6.7857 7.5257 2.2534
v  5.5156 7.2863 1.2502
v  5.5935 8.1679 0.9613
v  6.1708 8.4014 1.4183
v  6.9266 8.6333 1.8429
v  7.6524 7.5579 2.6278
v  7.9382 8.6404 1.9584
v  10.5160 9.4079 0.8870
v  9.3317 9.5868 1.0552
v  9.4896 10.6509 0.1325
v  10.7757 10.5126 -0.1116
v  4.8774 13.4399 -9.8660
v  3.2899 13.0573 -10.2098
v  6.1985 13.6005 -9.5186
v  5.6018 13.2839 -8.9880
v  4.4063 13.0322 -9.3886
v  2.9187 12.8042 -9.7059
v  1.1461 9.2985 -9.1427
v  1.0900 10.2583 -9.1380
v  2.4389 10.3238 -8.9106
v  2.4791 9.3431 -8.9200
v  -0.1594 9.2635 -9.1732
v  -0.2335 10.2252 -9.1526
v  1.3761 12.9597 -10.3584
v  -0.5613 12.9190 -10.3722
v  1.2177 12.6703 -9.8975
v  -0.5038 12.5823 -9.9653
v  1.0937 12.3445 -9.4321
v  -0.4421 12.2655 -9.5111
v  2.6226 12.4843 -9.2216
v  2.4427 11.9769 -8.8810
v  1.0329 11.8459 -9.1166
v  -0.3738 11.8191 -9.1317
v  -0.3078 11.0909 -9.1377
v  1.0442 11.1220 -9.0983
v  2.4152 11.2168 -8.8808
v  -2.2623 13.0029 -10.2117
v  -2.0654 12.6478 -9.8091
v  -3.4150 12.7673 -9.5401
v  -3.7079 13.0612 -10.0071
v  -9.2324 7.3187 2.8732
v  -8.8558 6.0174 3.5364
v  -9.5876 8.4846 2.1026
v  -8.4799 8.7704 2.3238
v  -8.1682 7.4843 3.0057
v  -7.8737 6.1389 3.5817
v  -7.0006 7.6489 3.1358
v  -6.7974 6.2326 3.5746
v  -7.2220 9.0075 2.5195
v  -6.0501 8.8810 2.2565
v  -5.9413 7.5548 2.7997
v  -5.8226 6.1621 3.2340
v  -8.4059 4.5913 4.0633
v  -7.5745 4.8045 4.0313
v  -7.3150 3.9208 4.2926
v  -7.7439 3.5132 4.4932
v  -6.6055 4.8764 3.9870
v  -5.7027 4.7780 3.6229
v  -6.5613 3.7452 4.2479
v  -5.5999 3.6266 4.0574
v  -5.1064 7.3169 2.2725
v  -5.0240 5.9907 2.7202
v  -5.1851 8.5192 1.7544
v  -4.6882 8.0891 1.1068
v  -4.6112 7.0248 1.5288
v  -4.5670 5.7801 1.9235
v  -4.5215 4.4551 2.3283
v  -4.9041 4.6299 3.1753
v  -4.4368 3.2492 2.6804
v  -4.8845 3.4085 3.5174
v  9.6734 13.7794 -6.3117
v  10.0917 13.4106 -5.2036
v  8.2233 14.1809 -5.5612
v  8.6529 13.9834 -4.4133
v  7.8321 14.3169 -6.5361
v  9.1863 13.8866 -7.2403
v  -9.9106 9.4839 1.0840
v  -10.2246 10.4251 0.0599
v  -9.0665 10.8260 0.3102
v  -8.8015 9.9135 1.3981
v  -3.6573 0.7943 4.1546
v  -4.0403 1.0271 4.3603
v  -4.4831 1.3046 4.5610
v  -4.3583 1.0545 3.9037
v  -4.7479 1.3534 4.1294
v  -3.9891 0.8050 3.6812
v  -6.0273 1.9381 4.9489
v  -7.3508 2.1651 5.0249
v  -7.0807 2.5188 4.7575
v  -5.8418 2.1948 4.4604
v  -6.7479 3.0272 4.5803
v  -5.7414 2.8188 4.2734
v  -5.0826 1.6183 4.7557
v  -5.2025 1.6865 4.3173
v  -5.1431 2.0187 3.7934
v  -4.9945 2.5672 3.6976
v  -4.4786 2.3282 2.8691
v  -4.7043 1.6422 2.9713
v  -4.8257 1.4267 3.6430
v  -5.0939 1.6993 3.9272
v  -4.5667 1.0920 2.5867
v  -4.3351 0.7634 2.3555
v  -4.2090 0.7942 3.0978
v  -4.5268 1.0771 3.3411
v  -6.7398 12.8524 -9.2854
v  -6.1108 12.7425 -8.8114
v  -6.7414 12.8702 -8.3327
v  -7.5312 12.9583 -8.7458
v  -5.9277 12.9338 -9.5991
v  -5.4466 12.7961 -9.0530
v  -1.8736 12.3338 -9.3496
v  -1.7037 11.8765 -8.9741
v  -2.8742 11.9894 -8.6654
v  -3.1353 12.4387 -9.0778
v  -1.5984 11.1184 -8.9914
v  -1.4980 10.2219 -9.0317
v  -2.6442 10.2184 -8.7787
v  -2.7515 11.1706 -8.7105
v  -3.6691 11.2190 -8.3243
v  -3.8195 12.1002 -8.3251
v  -3.5848 10.1927 -8.4073
v  -4.2673 10.1822 -8.0743
v  -4.2954 11.2724 -7.9895
v  -4.4874 12.1887 -8.0591
v  -1.4076 9.2377 -9.0555
v  -1.3382 8.2104 -9.0847
v  -2.4853 8.1527 -8.8332
v  -2.5532 9.1980 -8.8139
v  -4.2386 9.0872 -8.1129
v  -3.5246 9.1317 -8.4594
v  -3.4768 8.0724 -8.4822
v  -4.2250 8.0158 -8.1441
v  -1.2905 7.1741 -9.0818
v  -2.4416 7.1107 -8.8387
v  -1.2797 6.1382 -9.0940
v  -2.4359 6.0723 -8.8373
v  -3.4300 7.0302 -8.4826
v  -4.1916 6.9698 -8.1608
v  -3.4149 5.9877 -8.4867
v  -4.1461 5.9210 -8.1610
v  -1.3021 5.1035 -9.1077
v  -2.4776 5.0324 -8.8518
v  -1.3191 4.0717 -9.0833
v  -2.5144 3.9929 -8.8259
v  -3.4318 4.9311 -8.4859
v  -4.1173 4.8469 -8.1805
v  -3.4473 3.8767 -8.4796
v  -4.1246 3.7803 -8.2361
v  -1.3103 3.0515 -9.0657
v  -2.5227 2.9662 -8.8079
v  -1.2838 2.0671 -9.0403
v  -2.5153 1.9928 -8.8452
v  -3.4640 2.8544 -8.5095
v  -4.1172 2.7665 -8.2579
v  -3.4333 1.9226 -8.5364
v  -4.0684 1.8652 -8.2597
v  -2.3960 1.1775 -8.8132
v  -1.2222 1.1984 -9.0185
v  -1.0460 0.6562 -8.8637
v  -2.1260 0.6587 -8.6758
v  -3.8309 1.1913 -8.1728
v  -3.2038 1.2161 -8.4736
v  -2.8811 0.7401 -8.3403
v  -3.4679 0.7535 -8.0030
v  -4.9278 13.0297 -9.8130
v  -4.5417 12.9075 -9.2426
v  -4.1735 12.5492 -8.7675
v  -4.9627 12.5663 -8.5325
v  7.2238 13.7928 -9.1120
v  8.0339 13.8400 -8.6116
v  6.9764 14.0015 -7.9836
v  6.3962 13.7030 -8.5156
v  4.0396 12.6356 -8.9408
v  5.1574 12.8529 -8.5391
v  4.7866 12.3769 -8.1280
v  3.7598 12.1798 -8.5058
v  3.7106 11.3682 -8.4582
v  4.7132 11.5266 -8.0393
v  4.7547 10.5176 -8.0890
v  3.7376 10.4155 -8.5062
v  5.2485 11.6717 -7.6479
v  5.2218 11.8693 -7.0562
v  5.2678 10.7473 -7.0752
v  5.2846 10.6233 -7.6772
v  5.2949 12.5950 -7.7038
v  5.3225 12.9178 -7.1467
v  3.7632 9.3940 -8.5164
v  4.7701 9.4569 -8.1049
v  4.7714 8.3850 -8.1054
v  3.7784 8.3481 -8.5067
v  5.2808 9.5372 -7.6938
v  5.2567 9.6273 -7.0975
v  5.2490 8.5016 -7.1287
v  5.2708 8.4402 -7.7135
v  5.2689 9.7077 -6.3309
v  5.2771 10.8773 -6.3189
v  5.2767 9.7566 -5.4232
v  5.2745 10.9778 -5.4150
v  5.2703 8.5737 -5.4513
v  5.2602 8.5501 -6.3591
v  3.7813 7.3039 -8.4792
v  3.8020 6.2420 -8.4776
v  4.7505 7.3215 -8.0886
v  4.7473 6.2359 -8.0904
v  5.2568 7.3359 -7.7361
v  5.2464 7.3531 -7.1754
v  5.2286 6.1918 -7.2158
v  5.2378 6.2115 -7.7542
v  5.2559 7.3741 -6.4132
v  5.2595 7.3898 -5.5079
v  5.2328 6.2201 -5.5694
v  5.2330 6.1987 -6.4669
v  3.8448 5.1496 -8.5156
v  3.8797 4.0782 -8.5345
v  4.7680 5.1101 -8.1194
v  4.7858 4.0165 -8.1470
v  5.2243 5.0653 -7.7668
v  5.2236 3.9658 -7.7728
v  5.2105 5.0405 -7.2330
v  5.2023 3.9504 -7.2335
v  5.2135 5.0545 -6.4959
v  5.2095 5.0909 -5.6116
v  5.1852 4.0271 -5.6369
v  5.1968 3.9778 -6.5059
v  3.8960 3.0963 -8.5227
v  3.8183 2.2097 -8.4727
v  4.7646 3.0423 -8.1547
v  4.5537 2.2155 -8.0774
v  4.9424 2.2029 -7.6468
v  5.1852 2.9929 -7.7542
v  5.1760 2.9856 -7.2060
v  5.0458 2.1995 -7.1034
v  5.1672 3.0110 -6.4950
v  5.1585 3.0518 -5.6500
v  5.1137 2.1935 -6.4320
v  5.1402 2.1812 -5.6443
v  4.7199 1.5166 -7.5646
v  4.8932 1.5215 -7.0146
v  4.6849 0.9868 -6.9237
v  4.4840 0.9564 -7.4808
v  4.3278 1.4930 -8.0117
v  4.1018 0.9052 -7.9415
v  3.5119 0.8244 -8.3445
v  3.7113 1.4170 -8.4307
v  5.0227 1.4962 -6.3695
v  5.1017 1.4376 -5.6246
v  4.8512 0.9612 -6.2957
v  5.0083 0.8658 -5.5923
v  8.6623 13.9238 -7.9987
v  7.4418 14.1524 -7.3307
v  6.2173 13.9766 -6.7901
v  5.9895 13.6672 -7.4661
v  6.4654 14.1600 -5.9456
v  5.4063 13.1958 -6.4437
v  5.4525 13.4658 -5.5712
v  5.7507 13.2269 -8.0259
v  5.2214 12.0786 -6.3220
v  5.1962 12.2665 -5.4291
v  10.4331 12.8957 -3.8793
v  9.0194 13.3106 -3.2085
v  10.7223 12.2249 -2.5396
v  9.3300 12.5226 -2.0134
v  8.1199 9.7310 1.2605
v  6.9862 9.7132 1.3517
v  6.9837 10.6651 0.6207
v  8.1873 10.8098 0.4925
v  6.1766 9.3178 0.9887
v  5.6527 8.8806 0.5940
v  5.5905 9.4537 0.0810
v  6.0861 10.1563 0.4315
v  5.9467 10.8886 -0.3311
v  5.4970 9.9543 -0.6339
v  5.4158 10.3769 -1.5062
v  5.7703 11.4953 -1.2576
v  6.8306 11.6018 -0.1796
v  6.5556 12.4350 -1.1243
v  5.3688 8.7643 -0.1680
v  5.4322 8.5517 0.2847
v  5.3819 7.9847 0.3880
v  5.2804 8.0034 -0.2469
v  5.2669 8.5627 -4.5349
v  5.2676 9.7539 -4.4881
v  5.2536 11.0078 -4.4519
v  5.2165 10.9292 -3.4579
v  5.2460 9.6824 -3.5486
v  5.2527 8.5094 -3.6267
v  5.2231 9.5313 -2.6085
v  5.2150 8.4110 -2.7198
v  5.3263 10.7077 -2.4660
v  5.2469 9.3101 -1.6990
v  5.1563 8.2789 -1.8320
v  5.3104 9.0382 -0.8651
v  5.1992 8.1267 -0.9939
v  5.2507 7.3886 -4.5989
v  5.2270 7.3632 -3.7023
v  5.1977 6.2411 -3.7699
v  5.2235 6.2379 -4.6642
v  5.3199 7.1558 0.5280
v  5.2175 6.1984 0.7049
v  5.1152 6.1594 -0.1627
v  5.1855 7.1269 -0.2284
v  5.1704 6.2236 -2.8745
v  5.1993 7.3102 -2.8067
v  5.1579 7.2392 -1.9190
v  5.1359 6.1933 -1.9727
v  5.1450 7.1662 -1.0521
v  5.0963 6.1645 -1.0637
v  5.0266 5.1885 0.9305
v  5.0193 4.1021 1.1685
v  5.0490 4.0904 0.0310
v  5.0567 5.1423 -0.0687
v  5.1912 5.1272 -4.7145
v  5.1681 5.1506 -3.8243
v  5.1480 4.1010 -3.8695
v  5.1638 4.0718 -4.7512
v  5.1433 5.1541 -2.9295
v  5.1194 5.1450 -2.0114
v  5.0998 4.1077 -2.0522
v  5.1260 4.1112 -2.9810
v  5.0814 4.0979 -1.0506
v  5.0901 5.1353 -1.0556
v  5.1379 3.0861 -4.7787
v  5.1150 3.1042 -3.9117
v  5.1095 2.1755 -3.9530
v  5.1398 2.1835 -4.7956
v  4.9784 2.9870 1.4279
v  5.0104 1.9585 1.5498
v  5.0370 2.0284 0.0763
v  5.0073 3.0307 0.1083
v  5.0942 3.1070 -3.0409
v  5.0715 3.0964 -2.1151
v  5.0513 2.1257 -2.2336
v  5.0770 2.1550 -3.1244
v  5.0456 3.0724 -1.0779
v  5.0286 2.0875 -1.1907
v  5.0944 1.3243 -3.2164
v  5.1125 1.3608 -3.9917
v  5.0732 1.2916 -2.3623
v  5.0264 0.8008 -3.2157
v  5.0133 0.7784 -2.3447
v  5.0621 0.7973 -4.0041
v  5.1229 1.3948 -4.8005
v  5.0811 0.7926 -4.7962
v  5.0840 1.2035 1.3865
v  5.0503 1.2501 -0.0463
v  5.0259 0.7563 1.1977
v  4.9780 0.7955 -0.0903
v  5.0399 1.2766 -1.3166
v  4.9826 0.7902 -1.2969
v  10.8298 11.3808 -1.3111
v  9.4961 11.6238 -0.8989
v  8.1075 11.8149 -0.4126
v  7.8788 12.7661 -1.4155
v  7.5194 13.5940 -2.5353
v  6.2183 13.0612 -2.2337
v  5.8691 13.4697 -3.3934
v  7.0900 14.1889 -3.7232
v  6.7134 14.3652 -4.9074
v  5.5926 13.5975 -4.5307
v  5.1500 12.3707 -4.4214
v  5.3242 12.2673 -3.3618
v  5.5671 11.9567 -2.2951
v  -10.0134 13.2252 -5.8503
v  -10.4253 12.9234 -4.6941
v  -9.3423 13.3241 -6.9155
v  -8.9546 13.4947 -5.4226
v  -8.3303 13.5356 -6.4755
v  -9.3197 13.2308 -4.3078
v  -5.5023 12.5142 -8.3257
v  -4.8587 12.2670 -7.8603
v  -5.0637 12.4667 -7.4720
v  -5.9315 12.6746 -7.8752
v  -4.4800 11.4040 -7.6473
v  -4.5394 10.2397 -7.6881
v  -4.5512 10.3543 -7.1920
v  -4.4548 11.6145 -7.2310
v  -4.4574 11.8878 -6.5332
v  -5.3230 12.7660 -6.7349
v  -4.5694 10.4971 -6.4819
v  -4.5485 10.6462 -5.6076
v  -4.5587 12.1314 -5.6273
v  -5.6103 13.0593 -5.7744
v  -4.5154 9.1138 -7.6937
v  -4.5004 8.0272 -7.7082
v  -4.5087 8.0611 -7.1794
v  -4.5202 9.1806 -7.1728
v  -4.5552 9.2443 -6.4620
v  -4.5491 8.0682 -6.4676
v  -4.5695 8.0742 -5.6241
v  -4.5586 9.3113 -5.6098
v  -4.5048 6.9683 -7.7572
v  -4.5221 5.9072 -7.8347
v  -4.5319 5.9006 -7.3134
v  -4.5195 6.9775 -7.2341
v  -4.5996 6.9204 -5.6586
v  -4.5668 6.9510 -6.5146
v  -4.5718 5.8587 -6.5797
v  -4.5805 5.8113 -5.6999
v  -4.5117 4.8210 -7.9016
v  -4.4904 3.7491 -7.9524
v  -4.4884 3.7423 -7.4389
v  -4.5210 4.8086 -7.3849
v  -4.5397 4.7646 -6.6360
v  -4.5322 4.7134 -5.7350
v  -4.4998 3.7090 -6.6811
v  -4.4959 3.6609 -5.7660
v  -4.4259 1.8497 -7.9553
v  -4.4493 1.8732 -7.4436
v  -4.4674 2.7524 -7.4698
v  -4.4610 2.7435 -7.9726
v  -4.4661 1.8727 -6.6993
v  -4.4658 1.8381 -5.7962
v  -4.4735 2.6982 -5.7932
v  -4.4811 2.7401 -6.7121
v  -3.8790 0.7349 -7.6067
v  -4.1295 0.7027 -7.1006
v  -4.3919 1.1484 -7.3215
v  -4.2569 1.1441 -7.8362
v  -4.4641 1.1278 -6.6198
v  -4.4641 1.1270 -5.7529
v  -4.3073 0.6450 -6.4609
v  -4.3703 0.6495 -5.6632
v  -8.4407 13.3113 -7.9362
v  -7.5155 13.2850 -7.5084
v  -6.4389 13.0570 -7.0726
v  -6.9809 13.4403 -6.0686
v  -7.4414 13.5587 -5.0231
v  -5.9107 13.1560 -4.7464
v  -6.1338 13.1066 -3.6689
v  -7.7473 13.4659 -3.9102
v  -4.5894 12.3420 -4.6306
v  -4.5281 10.7678 -4.6744
v  -4.4622 10.8153 -3.7054
v  -4.7491 12.3334 -3.5861
v  -4.8430 12.1864 -2.4972
v  -5.0393 11.7480 -1.4713
v  -6.3069 12.4930 -1.3925
v  -6.2506 12.8997 -2.5257
v  -4.4441 10.7262 -2.7117
v  -4.5067 10.4702 -1.7356
v  -4.5762 8.4806 0.2637
v  -4.4967 7.8221 0.4477
v  -4.7499 8.9213 0.6145
v  -4.5112 8.7027 -0.2578
v  -4.7378 9.5333 -0.0353
v  -4.3858 7.8156 -0.2698
v  -4.5556 9.3827 -4.7166
v  -4.5766 8.1066 -4.7508
v  -4.5639 8.1289 -3.8576
v  -4.5354 9.4148 -3.7989
v  -4.5072 9.3603 -2.8587
v  -4.4451 9.2118 -1.9207
v  -4.5352 8.0994 -2.9376
v  -4.5036 8.0192 -2.0097
v  -4.4410 8.9772 -1.0258
v  -4.6308 10.0558 -0.8285
v  -4.4330 7.9075 -1.1051
v  -4.5998 6.9221 -4.7805
v  -4.5654 5.7937 -4.8052
v  -4.5379 5.7871 -3.9033
v  -4.5732 6.9297 -3.8886
v  -4.4211 6.8422 0.6968
v  -4.3980 6.7893 -0.1804
v  -4.3876 5.6672 -0.0332
v  -4.3632 5.6811 0.9811
v  -4.5479 6.9096 -2.9689
v  -4.5073 6.8647 -2.0323
v  -4.5175 5.7656 -2.9749
v  -4.4839 5.7309 -2.0185
v  -4.4600 6.8118 -1.0959
v  -4.4486 5.6923 -1.0368
v  -4.4902 3.6191 -4.8462
v  -4.4575 3.5815 -3.9296
v  -4.5086 4.6683 -3.9140
v  -4.5169 4.6860 -4.8253
v  -4.3246 4.4410 1.2814
v  -4.3628 4.5062 0.1327
v  -4.3690 3.3967 0.2643
v  -4.3664 3.2780 1.5173
v  -4.4824 4.6413 -2.9775
v  -4.4397 4.6059 -1.9994
v  -4.4192 3.5414 -2.9869
v  -4.3938 3.5039 -1.9893
v  -4.3991 4.5642 -0.9661
v  -4.3794 3.4683 -0.9115
v  -4.4012 2.3271 1.6363
v  -4.3614 2.4256 0.3253
v  -4.3831 1.6392 0.3356
v  -4.4524 1.5945 1.6527
v  -4.4507 2.6299 -4.8707
v  -4.4317 2.5537 -3.9512
v  -4.4551 1.7692 -4.8786
v  -4.4436 1.6830 -3.9580
v  -4.3955 1.6608 -0.8700
v  -4.3878 2.4672 -0.8877
v  -4.3961 2.4728 -1.9885
v  -4.4104 1.6488 -1.9716
v  -4.4156 2.4939 -3.0020
v  -4.4324 1.6227 -3.0034
v  -4.4316 1.1009 0.3153
v  -4.3432 0.7404 0.2829
v  -4.3611 0.7466 1.3903
v  -4.4923 1.0941 1.5297
v  -4.4048 1.0771 -1.9420
v  -4.4183 1.0863 -0.8575
v  -4.3595 0.6840 -1.9065
v  -4.3417 0.7175 -0.8387
v  -4.4461 1.1249 -4.8483
v  -4.4292 1.0987 -3.9260
v  -4.3876 0.6651 -4.7956
v  -4.3622 0.6861 -3.8784
v  -4.4159 1.0618 -2.9692
v  -4.3463 0.6895 -2.9167
v  -10.6076 12.4740 -3.4025
v  -10.6221 11.9505 -2.0883
v  -9.4424 12.7780 -3.0689
v  -9.4147 12.2586 -1.8129
v  -7.8803 13.1360 -2.7007
v  -7.8823 12.6047 -1.5168
v  -10.4798 11.2579 -0.9547
v  -9.2791 11.6047 -0.7181
v  -7.8115 11.9974 -0.4127
v  -6.3232 11.8710 -0.3532
v  -7.6710 11.2089 0.6255
v  -6.2941 11.0351 0.5850
v  -5.2529 9.5487 1.1020
v  -5.2994 10.3892 0.3080
v  -6.1949 10.0315 1.4679
v  -7.4612 10.1733 1.5963
v  -5.2159 11.1279 -0.5435
v  -3.8799 30.9132 10.9817
v  -3.4400 30.9776 11.0762
v  -3.9354 31.5859 10.8372
v  -3.5074 31.6566 10.9651
v  -4.3978 31.4998 10.7093
v  -4.3476 30.8398 10.8571
v  -4.8276 30.7636 10.6764
v  -4.8811 31.4000 10.5549
v  -5.3445 31.2838 10.3054
v  -5.2928 30.6751 10.4139
v  -5.7277 30.5631 10.0703
v  -5.7931 31.1408 9.9934
v  -6.2231 30.9729 9.6080
v  -6.1233 30.4287 9.6429
v  -6.5246 30.2584 9.1779
v  -6.6258 30.7825 9.1250
v  -7.0323 30.5270 8.5108
v  -6.9494 30.0179 8.6521
v  -6.0161 31.5396 10.0718
v  -6.4854 31.3562 9.6980
v  -5.5354 31.6926 10.3844
v  -5.6939 32.1732 10.2873
v  -6.1944 32.0290 9.9627
v  -6.6656 31.8611 9.5564
v  -5.0347 31.8191 10.6317
v  -4.5281 31.9286 10.8045
v  -4.6560 32.4068 10.7706
v  -5.1747 32.2958 10.5538
v  -6.9445 31.1385 9.2222
v  -7.1524 31.6522 9.0644
v  -7.6215 30.7571 8.6787
v  -7.6920 31.3448 8.3049
v  -3.0460 31.0304 11.2011
v  -2.6743 31.0868 11.3275
v  -2.7409 31.7649 11.1855
v  -3.1122 31.7125 11.0764
v  -4.0542 32.0262 10.9595
v  -3.6087 32.1166 11.0803
v  -4.1530 32.5156 10.9287
v  -3.6841 32.6193 11.0827
v  -2.2940 31.1620 11.4288
v  -2.3702 31.8256 11.2961
v  -1.8656 31.2503 11.5109
v  -1.9416 31.8968 11.3810
v  -3.2022 32.1922 11.2150
v  -3.2429 32.7157 11.2332
v  -2.8087 32.2666 11.3281
v  -2.8174 32.8075 11.3789
v  -1.3549 31.3360 11.5571
v  -0.7960 31.3890 11.5385
v  -1.4145 31.9675 11.4229
v  -0.8296 32.0071 11.4368
v  -2.4098 32.3437 11.4348
v  -2.3844 32.9000 11.4979
v  -1.9580 32.4265 11.5297
v  -1.9064 32.9974 11.5465
v  0.8019 31.3323 11.0295
v  0.2910 31.3607 11.2589
v  1.3852 31.2808 10.7418
v  0.9034 31.8890 11.1719
v  1.4208 31.8551 10.6668
v  0.3344 31.9467 11.2831
v  -0.2380 31.3886 11.4405
v  -0.2426 31.9923 11.3597
v  -1.4139 32.5139 11.5570
v  -1.3657 33.0994 11.5501
v  -0.8153 32.5773 11.5286
v  -0.7768 33.1935 11.5181
v  -0.2007 32.5936 11.4737
v  0.4141 32.5757 11.3833
v  -0.1640 33.2631 11.4218
v  0.4625 33.2971 11.2674
v  6.3011 32.0990 -7.2757
v  5.7166 31.3085 -6.7583
v  5.2341 31.1519 -7.7505
v  5.5648 32.0493 -8.1628
v  4.4638 32.1136 -8.6043
v  4.1476 31.2381 -8.1495
v  4.6419 33.1002 -8.8393
v  5.6855 33.0988 -8.2872
v  6.5744 33.0961 -7.5649
v  2.5610 41.1664 5.1779
v  1.2920 41.7561 4.7738
v  0.7328 40.9812 6.0654
v  1.9664 40.6067 6.4704
v  3.8615 40.7113 5.6797
v  2.9532 39.5938 6.5200
v  4.1741 40.4060 4.1747
v  3.1117 41.4200 3.8143
v  1.8504 42.0817 3.3661
v  -10.5672 33.3844 1.2774
v  -10.2958 33.3699 0.0495
v  -10.0530 32.1041 0.1638
v  -10.1950 32.0667 1.3705
v  -10.4435 33.4703 2.5228
v  -9.8563 32.2444 2.5950
v  -10.6667 34.7104 2.4096
v  -10.4900 34.6617 1.1732
v  -10.1781 34.6055 -0.0384
v  -5.0609 31.9825 -8.4040
v  -6.0357 32.1865 -7.6345
v  -6.0302 33.2485 -8.0283
v  -5.0373 33.0493 -8.7616
v  -4.0928 31.7894 -9.2765
v  -3.7929 32.9632 -9.0625
v  -3.9031 30.9417 -8.5365
v  -4.9647 31.0519 -7.8879
v  -5.9888 31.1892 -7.2362
v  -4.9001 34.1749 -9.0060
v  -5.7617 34.3940 -8.1766
v  -5.5834 35.5338 -8.4753
v  -4.5578 35.2164 -8.9285
v  -3.8099 34.0396 -9.4824
v  -3.7927 35.1380 -9.7961
v  -4.1715 36.0670 -8.7451
v  -3.6717 36.7871 -8.5863
v  -3.2232 36.4310 -8.8655
v  -3.4499 35.9226 -9.2645
v  -4.9423 36.4299 -8.2341
v  -4.2795 37.2487 -8.1017
v  5.4895 34.0972 -8.0143
v  4.5345 34.1256 -8.6276
v  4.5068 35.1723 -8.4476
v  5.2279 34.9982 -7.5792
v  6.0854 34.0564 -7.0828
v  6.2427 34.9996 -7.3231
v  4.5869 38.3586 -7.2950
v  4.2352 38.8323 -6.0919
v  5.3637 38.3910 -5.6455
v  5.7031 37.9684 -6.8155
v  6.5861 37.9546 -5.3315
v  6.6183 37.3302 -6.2748
v  5.4086 36.8866 -7.1723
v  6.0797 36.3729 -6.5054
v  4.4520 37.2140 -7.6898
v  7.1287 36.4646 -5.6471
v  7.4194 37.0973 -4.8596
v  7.6857 35.6251 -5.2942
v  8.3817 36.2442 -4.5531
v  7.5352 35.3181 -6.2561
v  6.9956 36.0039 -6.4270
v  4.3146 36.0880 -7.8971
v  5.4498 36.0157 -7.6750
v  6.1960 35.7777 -7.1371
v  6.6083 35.5455 -6.6542
v  7.0098 35.0641 -6.8912
v  6.9636 33.1865 -6.4992
v  7.2312 34.1635 -6.8691
v  7.5894 34.3464 -5.8801
v  7.3511 33.3458 -5.4350
v  2.0864 31.1649 10.3392
v  2.2971 31.6677 10.3810
v  2.7610 30.8868 9.8172
v  3.0380 31.3719 9.4058
v  1.0551 32.5306 11.2781
v  1.0966 33.2822 11.0180
v  1.7649 32.4513 11.0094
v  1.7921 33.2214 10.6706
v  6.2872 34.4781 6.5737
v  7.1131 34.3247 5.7024
v  7.2119 35.5297 5.6013
v  6.8175 35.6404 6.8153
v  6.0415 36.5630 6.1656
v  7.0538 36.7216 5.4006
v  5.7012 36.7482 7.4158
v  6.0939 35.7032 7.8551
v  5.4314 34.6213 7.4746
v  4.7652 39.6311 5.8148
v  4.0281 39.1360 6.8224
v  4.6423 38.3669 6.8613
v  5.6981 38.9053 6.1818
v  5.5650 40.0694 4.7490
v  6.7096 39.3470 5.2671
v  5.7923 37.6797 5.9882
v  6.8953 37.9656 5.2951
v  4.9122 37.4309 6.8618
v  1.1983 34.1414 10.8357
v  1.2951 35.1326 10.6475
v  0.5912 35.0847 10.9580
v  0.5184 34.1245 11.0800
v  1.9091 34.0934 10.4419
v  2.0529 35.0931 10.2560
v  2.6785 33.9997 9.9133
v  2.8501 34.9961 9.7489
v  2.5798 33.1137 10.1657
v  3.4054 32.9581 9.4642
v  3.5068 33.8730 9.2499
v  3.6533 34.8918 9.0733
v  4.5330 37.5492 7.9928
v  5.0042 36.7849 8.3598
v  4.7022 38.6076 8.2414
v  4.3681 37.7930 9.1560
v  4.3208 38.4914 9.0589
v  4.0659 36.8268 9.0007
v  5.1550 35.7617 8.6951
v  4.1622 35.8510 9.3367
v  4.4740 34.7744 8.2465
v  1.4219 39.9324 7.7625
v  2.6183 39.4058 8.0065
v  0.2603 40.9272 7.6933
v  -0.3632 39.5960 8.6734
v  0.8943 39.2404 9.0646
v  2.1852 38.6994 9.3646
v  3.8166 39.2013 8.2137
v  3.3368 38.3739 8.8618
v  2.2936 37.6630 9.6427
v  2.4257 36.9567 10.1653
v  3.5097 37.0162 9.9903
v  3.3173 37.7586 9.4123
v  3.4477 35.9540 10.1965
v  2.6204 36.0641 10.8536
v  -7.4676 32.4321 8.8086
v  -6.9810 32.6041 9.3968
v  -7.1902 33.5333 9.0831
v  -7.6329 33.4602 8.4025
v  -7.9766 32.1829 7.9564
v  -8.0983 33.3351 7.5156
v  -6.4854 32.7641 9.8571
v  -5.9589 32.9164 10.2142
v  -6.1855 33.8408 9.9724
v  -6.6978 33.6729 9.5779
v  0.3495 38.7411 10.4618
v  -0.8944 39.2123 10.2511
v  -0.2569 37.8226 11.2940
v  -1.5076 37.9859 11.1101
v  0.7713 37.2488 11.3361
v  1.4444 38.3005 10.6781
v  1.6869 36.1338 11.1543
v  1.7271 37.1007 10.8285
v  0.8648 36.0776 11.4993
v  1.7747 37.6749 10.3183
v  -1.2994 33.8268 11.4629
v  -1.2310 34.6468 11.3128
v  -1.7631 34.5842 11.3438
v  -1.8380 33.7358 11.4822
v  -0.7214 33.9304 11.4028
v  -0.6607 34.7557 11.2726
v  -0.1125 34.0434 11.2864
v  -0.0536 34.9316 11.1686
v  -1.1405 35.4372 11.6165
v  -0.9983 36.2190 11.6628
v  -1.5783 36.2591 11.5608
v  -1.6938 35.4272 11.6036
v  -0.5655 35.5421 11.5617
v  -0.5414 36.1235 11.7370
v  0.0989 35.7955 11.6482
v  -0.0861 36.5799 11.6955
v  -8.3906 34.3954 8.5968
v  -9.2131 34.3569 7.7896
v  -7.6860 34.3938 9.1314
v  -7.9683 35.0400 9.1456
v  -8.2962 35.3778 8.5292
v  -8.9275 35.8937 7.4036
v  -7.5678 35.3463 9.4299
v  -7.2145 34.5214 9.6797
v  -6.6126 34.7684 9.9990
v  -7.0183 35.6957 9.8527
v  -4.3111 33.2833 10.8962
v  -4.8506 33.1700 10.7082
v  -3.7944 33.3884 11.0731
v  -4.4525 34.2542 10.7396
v  -3.8635 34.3537 10.9159
v  -5.0491 34.1346 10.5385
v  -5.4037 33.0501 10.4833
v  -5.6257 33.9984 10.2743
v  -3.2982 33.4824 11.2373
v  -3.2980 34.4270 11.0812
v  -2.8132 33.5684 11.3601
v  -2.7663 34.4834 11.2231
v  -2.3334 33.6506 11.4336
v  -2.2651 34.5342 11.3098
v  -2.2158 35.4197 11.5684
v  -2.1094 36.2717 11.7150
v  -2.6200 36.3490 11.5818
v  -2.7543 35.4174 11.4945
v  -1.9215 36.8478 11.4077
v  -2.2714 37.1543 11.3378
v  -1.4706 37.0977 11.6991
v  -0.7029 37.0017 11.7526
v  -3.3661 35.4107 11.3578
v  -3.2974 36.4325 11.4381
v  -4.0227 36.4240 11.0726
v  -4.0326 35.3691 11.1734
v  -10.2346 35.9077 1.0746
v  -10.0455 35.7812 2.2606
v  -9.5288 36.8531 2.2261
v  -9.5173 36.9708 1.0605
v  -9.7435 35.8071 -0.1024
v  -9.5114 37.1184 -0.1666
v  -10.3443 35.9720 3.4163
v  -9.6520 35.9237 4.3825
v  -9.5267 36.6383 4.0537
v  -9.2931 36.5900 3.2581
v  -10.3927 34.7920 3.6153
v  -9.9306 34.9873 4.7927
v  -10.4673 33.5020 3.8520
v  -9.8784 33.8104 5.0654
v  -9.1277 32.6249 3.6987
v  -8.8578 32.7730 5.0074
v  -8.5081 33.0787 6.3363
v  -9.9205 34.0345 6.5789
v  -9.6725 35.3990 6.0826
v  -9.7311 36.5285 5.4509
v  -8.9626 37.0219 6.2691
v  -8.7834 37.8841 5.1277
v  -9.2774 37.1785 4.5276
v  -8.9218 37.8246 2.3645
v  -8.3261 38.7682 2.6655
v  -8.2079 39.0977 1.4044
v  -8.8426 38.0506 1.1587
v  -8.0601 39.3101 0.1031
v  -9.0648 38.4018 -0.1214
v  -8.8592 37.4581 3.4827
v  -8.5179 38.3886 3.9139
v  4.9030 30.3708 -7.3105
v  5.2660 30.3928 -6.3547
v  5.0494 29.4878 -7.3388
v  6.1337 29.5883 -7.1175
v  4.0391 29.4850 -7.7514
v  4.3505 30.1649 -8.4074
v  -4.6841 30.3398 -7.1243
v  -5.6023 30.4859 -6.4616
v  -3.7239 30.2366 -7.7645
v  -3.8369 29.4058 -7.5436
v  -4.8019 29.4582 -6.9492
v  -5.7442 29.5913 -6.3844
v  -8.7777 31.4514 1.4070
v  -8.7882 31.4020 2.5467
v  -8.7029 31.4791 0.3415
v  -8.5919 30.3727 0.3979
v  -8.5375 30.3445 1.4323
v  -8.4865 30.3377 2.5369
v  -7.3529 29.6937 7.9790
v  -7.5260 30.1027 7.7914
v  -7.5672 29.3545 7.0494
v  -7.7028 29.7348 6.7564
v  -8.7266 31.4040 3.7883
v  -8.6888 31.5088 5.1955
v  -8.5884 30.3226 3.7751
v  -8.4055 30.3509 5.3542
v  -7.5987 29.0168 5.9151
v  -7.4002 28.5753 4.9034
v  -7.7659 29.3360 5.6060
v  -7.4760 28.9974 4.1462
v  -8.6110 29.3355 4.7198
v  -8.2494 29.4841 5.5457
v  -8.3517 29.8370 6.4140
v  -8.0079 30.3612 7.5664
v  -8.2078 30.9138 7.0676
v  -8.4518 31.8237 6.6962
v  -7.3363 27.7868 4.4563
v  -7.6137 27.8307 3.8407
v  -7.1926 26.8971 4.2884
v  -7.6946 26.8055 3.8536
v  -8.4755 29.4466 3.5156
v  -8.7617 28.5044 3.4667
v  -8.6295 29.3460 2.4496
v  -9.3030 28.4278 2.4505
v  -9.2151 29.4271 1.4361
v  -9.0108 28.4611 1.3851
v  -9.0209 29.4307 0.3825
v  -9.3630 28.4739 0.3694
v  -5.3574 28.7826 -7.5823
v  -6.4271 28.9360 -7.0251
v  -4.1946 28.6524 -7.9482
v  -4.3737 27.8472 -7.8918
v  -5.5623 27.9250 -7.5416
v  -6.7258 28.0302 -7.1292
v  5.1725 27.8162 -7.4160
v  3.8563 27.9574 -7.1863
v  3.9789 28.6856 -7.5095
v  5.3223 28.6101 -7.8105
v  6.4164 28.6513 -7.3661
v  6.3503 27.7662 -7.2158
v  4.3253 33.7256 8.4046
v  4.2377 32.7656 8.6015
v  5.0568 32.5476 7.6596
v  5.1278 33.5695 7.4609
v  5.8437 33.4147 6.4523
v  5.8350 32.3607 6.6771
v  6.3806 32.1612 5.6535
v  6.3504 33.2911 5.3985
v  2.4778 32.3202 10.3652
v  3.4973 32.1190 9.8319
v  5.9523 31.3365 6.9358
v  5.6186 31.7067 8.4068
v  5.2850 30.5726 8.2001
v  6.1384 30.4744 7.0002
v  7.0833 31.3742 6.3064
v  7.5901 30.3842 6.8293
v  3.5429 29.6958 8.7470
v  3.8069 28.9191 8.3617
v  4.0998 28.1477 8.1810
v  4.2810 29.1346 8.1309
v  4.3873 28.3844 7.5018
v  3.7697 29.9706 8.2724
v  3.2202 30.3706 9.2565
v  3.4388 30.6483 8.8247
v  4.3918 30.2048 8.1510
v  4.1986 31.1067 8.9420
v  3.9379 30.7284 8.5524
v  4.1317 31.8817 8.6929
v  4.2831 27.4658 8.0598
v  4.7118 27.6353 7.4916
v  4.4016 26.8654 7.9267
v  4.8834 27.0519 7.3129
v  4.9200 29.3476 7.9869
v  5.4922 29.5510 7.4420
v  5.3102 28.4425 7.8347
v  6.1368 28.5610 7.6165
v  6.2145 29.5827 6.8179
v  7.1080 29.4785 6.2951
v  6.3296 28.7657 6.7074
v  7.2661 28.4305 6.4602
v  4.7323 25.2753 7.2343
v  5.1306 25.5582 6.5678
v  5.0189 26.1016 6.7726
v  4.6538 25.8107 7.4538
v  4.5308 26.3274 7.6994
v  4.8985 26.6075 6.9878
v  5.4668 27.7552 7.4441
v  5.6947 27.1392 7.2577
v  6.0530 27.3957 6.7820
v  5.6146 28.0786 6.7403
v  5.7803 26.6130 6.9307
v  6.0178 26.9754 6.4703
v  5.3819 26.4700 6.2456
v  6.1049 26.6052 6.1615
v  6.3257 28.0594 6.5133
v  6.1736 28.3629 5.7787
v  6.1018 27.5756 6.2617
v  6.2006 27.5957 5.7529
v  5.7397 25.8255 6.1912
v  5.4976 25.3892 5.8182
v  5.7468 25.7751 5.1877
v  5.9790 26.2599 5.7168
v  5.6761 24.8762 5.3360
v  5.5312 24.9467 5.7214
v  6.1626 27.1953 6.2028
v  6.3120 27.0270 5.8897
v  -6.6214 24.5033 3.7643
v  -6.8625 25.2684 3.8858
v  -6.8081 25.3293 3.3003
v  -6.6191 24.4999 3.1881
v  -7.1091 26.0368 4.0985
v  -7.0369 26.1722 3.5143
v  -5.8908 22.6724 2.7022
v  -5.8470 22.5998 2.0383
v  -6.2096 23.6764 2.5377
v  -6.2451 23.6768 1.7428
v  -8.4988 27.6064 3.2678
v  -9.0300 27.4814 2.3477
v  -8.5240 26.6463 2.2570
v  -8.1478 26.6977 3.1537
v  -7.0498 26.3325 2.6238
v  -7.3820 25.1384 2.7554
v  -7.9666 25.9079 2.1271
v  -7.5899 25.0713 2.0138
v  -7.0649 24.2704 2.5983
v  -6.6669 24.6162 1.9419
v  -8.9794 27.5535 1.3508
v  -8.8746 27.6201 0.4013
v  -8.4900 26.7177 0.4001
v  -8.5037 26.7454 1.3214
v  -7.7147 26.0861 0.4995
v  -6.9738 25.5314 0.6813
v  -7.4054 25.2644 1.2998
v  -8.2008 25.8009 1.2706
v  -6.6896 24.7495 1.3425
v  -6.4297 24.9348 0.8499
v  -6.3801 24.3737 0.8519
v  -6.4554 24.1147 1.1771
v  -5.7401 22.4963 1.3746
v  -5.5742 22.3793 0.6790
v  -6.0522 23.3832 1.0717
v  -5.8047 23.5910 0.2879
v  -6.2194 23.8566 0.9393
v  -6.1048 24.1825 0.6176
v  -5.5461 21.5800 -0.6732
v  -5.1460 22.1583 -0.0659
v  -5.2305 23.3456 -0.7239
v  -6.0100 22.5849 -1.5835
v  -6.1923 24.8518 0.3013
v  -6.5598 25.6275 0.0197
v  -6.4327 24.4555 -0.2683
v  -6.1405 25.5704 -0.7164
v  -6.8762 26.5468 -0.0865
v  -7.9552 26.9015 -0.4374
v  -7.2431 27.4169 -1.2832
v  -5.8639 26.9893 -1.1716
v  -8.8897 27.5546 -0.6013
v  -9.1572 28.5609 -0.6199
v  -8.0665 27.9805 -1.3773
v  -8.5819 28.6183 -1.4406
v  -5.7126 20.9390 -1.1572
v  -5.7404 21.6583 -1.9441
v  -5.7243 21.1158 -2.1589
v  -5.7739 20.4687 -1.7411
v  5.5373 22.1697 2.3964
v  5.8402 23.1125 2.1199
v  5.8452 21.8812 1.6976
v  6.0979 22.8603 1.3884
v  6.2014 24.3114 3.3771
v  6.1613 24.1582 2.6350
v  6.2660 25.2203 3.0876
v  6.5433 24.9420 2.4461
v  6.1690 25.3838 3.7838
v  6.0625 24.5100 4.0709
v  5.8765 24.7106 4.7414
v  6.0124 25.5746 4.4720
v  6.1618 26.8300 5.3860
v  6.1237 26.5996 4.8130
v  6.2074 27.5214 5.1894
v  6.0967 27.4512 4.5425
v  -3.0951 21.1611 -7.1578
v  -3.9045 21.0711 -6.7403
v  -3.8541 21.8536 -6.7062
v  -3.0453 21.9454 -7.1153
v  -2.1889 21.2367 -7.4401
v  -2.1575 22.0218 -7.4212
v  -4.6168 20.9648 -6.2039
v  -5.1361 20.8292 -5.4841
v  -5.0962 21.6131 -5.4668
v  -4.5431 21.7431 -6.1466
v  -4.5581 22.5150 -6.1602
v  -5.2539 22.3625 -5.5758
v  -5.4011 23.1329 -5.6641
v  -4.7632 23.2483 -6.3673
v  -3.8606 22.6147 -6.7303
v  -4.0239 23.3356 -6.9771
v  -5.6752 27.0717 -7.5579
v  -6.8853 27.0706 -7.1919
v  -4.4878 27.0331 -7.9251
v  -5.5066 26.2421 -7.2009
v  -4.3670 26.3199 -7.4562
v  -6.6193 26.1475 -6.8004
v  -5.7742 20.3975 -2.6414
v  -5.6690 20.5196 -3.6609
v  -5.6684 21.2138 -2.8242
v  -5.5639 21.3423 -3.7236
v  -5.5092 20.6806 -4.6379
v  -5.4526 21.4730 -4.6456
v  -5.6301 22.2361 -4.7307
v  -5.8748 22.0913 -3.8151
v  -6.1627 22.8743 -3.8985
v  -5.9890 22.9635 -4.8937
v  -5.9333 21.9491 -2.8478
v  -6.1634 22.7840 -2.8488
v  -7.2834 26.0826 -1.9062
v  -8.5770 25.2690 -2.5102
v  -7.5645 24.5279 -2.2773
v  -6.7922 25.1171 -1.4954
v  -8.6196 26.5696 -1.7427
v  -9.1309 26.2890 -2.9108
v  -4.8233 24.0387 -6.3795
v  -5.5690 23.9238 -5.7628
v  -5.7540 24.7465 -5.8814
v  -4.9014 24.8436 -6.3904
v  -4.0595 24.8761 -6.9387
v  -3.9679 24.1209 -6.8482
v  -5.0057 25.7487 -6.3825
v  -4.1470 25.6568 -7.0041
v  -5.9292 25.6987 -5.9172
v  -6.5594 23.7779 -2.0211
v  -6.5479 24.0318 -1.0255
v  -7.6832 27.1212 -6.2722
v  -8.3713 27.1629 -5.3036
v  -8.0772 28.1617 -5.2921
v  -7.5485 28.1136 -6.3178
v  -7.5978 26.0725 -6.1223
v  -8.2357 26.1389 -5.0818
v  -6.8825 25.4633 -5.4534
v  -7.8151 25.1798 -4.7751
v  -6.3004 24.7343 -5.0280
v  -6.9691 24.5747 -4.2694
v  -7.4525 24.4627 -3.3343
v  -8.5736 25.0215 -3.7679
v  -8.8710 26.1589 -4.0516
v  -6.0633 23.8386 -4.9182
v  -6.5765 23.6679 -4.0715
v  -6.6543 23.6696 -3.0341
v  6.3933 21.5692 -2.5990
v  6.3385 21.4347 -1.4107
v  6.3541 22.4998 -1.4380
v  6.3725 22.5507 -2.4953
v  6.3160 22.5178 -0.4065
v  6.2494 21.4011 -0.2142
v  6.1424 21.5880 0.8515
v  6.2340 22.6484 0.5416
v  5.9531 24.0697 1.8394
v  6.4133 24.9252 1.6074
v  6.1616 23.8337 1.1008
v  6.9698 24.3843 1.0156
v  6.2813 23.6344 0.3162
v  6.7448 24.3966 0.1536
v  6.3705 23.4905 -0.5646
v  6.5105 24.3885 -0.7249
v  7.4218 25.3044 1.6361
v  7.7714 26.1025 1.4435
v  7.5973 26.3660 2.1454
v  7.0685 25.6629 2.2966
v  7.6030 25.0673 0.8642
v  7.8752 25.8695 0.6344
v  8.3277 34.5998 -5.0705
v  8.2955 33.4235 -4.6426
v  8.4348 34.9701 -3.9011
v  8.7671 33.5905 -3.4042
v  8.6264 32.3972 -3.4883
v  8.6257 32.8797 -2.4322
v  8.3218 32.4979 -2.8136
v  8.1457 32.2568 -1.8114
v  7.9679 31.9727 -2.4652
v  7.9398 31.7133 -3.1725
v  6.2988 23.4480 -1.5038
v  6.5797 24.2147 -1.6261
v  6.2366 23.4316 -2.4553
v  6.3708 24.1937 -2.5089
v  7.5230 24.9306 -0.0317
v  7.6169 25.7831 -0.2175
v  7.2407 24.9166 -0.9155
v  7.6979 25.5742 -1.1251
v  7.3275 24.6824 -1.8549
v  7.3365 25.5324 -1.9794
v  6.7259 24.8544 -2.6508
v  7.2262 25.3939 -2.8948
v  8.0182 26.4918 -0.4481
v  7.7723 27.3707 -0.6263
v  8.0567 27.5151 0.2565
v  8.1321 26.6495 0.4392
v  7.8461 26.3447 -1.3269
v  7.8001 27.1569 -1.5249
v  7.5626 26.2361 -2.1839
v  7.6872 26.9906 -2.4022
v  7.1848 26.1520 -3.0086
v  7.3043 26.8757 -3.2104
v  8.2547 28.0892 -0.9379
v  8.4312 28.9010 -1.2513
v  8.7432 29.0949 -0.3992
v  8.0823 28.3722 -0.0039
v  8.0424 27.9199 -1.8024
v  7.9511 28.7191 -2.0091
v  6.8033 27.5089 -4.1309
v  6.9052 26.7690 -4.0114
v  6.5696 26.6619 -4.8619
v  6.4912 27.3923 -4.9892
v  6.7656 28.2561 -4.2875
v  6.6387 28.1089 -5.1921
v  7.0455 28.4050 -3.4845
v  7.2393 27.6354 -3.3676
v  7.6326 27.7742 -2.5849
v  7.5118 28.5560 -2.7607
v  8.1758 29.7341 -1.4958
v  7.6094 30.4839 -1.6751
v  7.7645 30.7122 -0.8995
v  8.2259 29.9112 -0.6263
v  8.0263 29.5374 -2.3468
v  7.3836 30.2679 -2.4140
v  6.6911 28.8646 -5.3177
v  6.7429 27.9152 -6.2593
v  6.8827 28.7410 -6.4030
v  6.8007 29.6621 -6.3347
v  6.7184 29.6633 -5.3015
v  7.5298 31.3139 -2.0269
v  7.7094 31.5567 -1.3023
v  7.3168 31.0975 -2.7412
v  6.8303 32.1474 -6.2689
v  6.4754 31.2030 -5.9923
v  7.3303 32.2300 -5.2460
v  6.7798 31.2180 -4.8236
v  7.5507 29.3304 -3.0557
v  7.0684 30.0669 -3.1475
v  7.1592 29.1648 -3.7702
v  6.7296 29.8721 -3.8341
v  6.5514 30.2332 -4.5881
v  6.8256 30.5187 -4.2013
v  6.3741 29.6841 -4.4650
v  6.1540 30.3727 -5.0218
v  6.7116 29.0021 -4.4350
v  5.8601 30.3940 -5.7436
v  7.0955 30.8303 -3.5015
v  7.7056 31.4054 -4.0297
v  8.0550 32.3462 -4.3432
v  4.8837 27.2426 -6.7272
v  6.1806 27.0005 -7.0091
v  5.8930 26.4031 -6.6735
v  4.7930 26.4967 -6.7866
v  3.8184 27.1812 -7.1993
v  3.8716 26.4564 -7.3727
v  6.3108 27.2586 -5.9605
v  6.2114 26.5582 -5.7437
v  6.9668 26.0428 -3.8921
v  6.9573 25.3069 -3.7748
v  6.5290 25.2755 -4.6113
v  6.6351 25.9470 -4.7620
v  6.2696 25.8460 -5.6519
v  6.1381 25.1885 -5.4870
v  5.4632 25.1830 -6.1743
v  5.6594 25.7894 -6.3866
v  4.7785 25.7945 -6.8698
v  3.8333 25.7688 -7.3230
v  4.6187 25.1771 -6.6627
v  3.7791 25.1165 -7.2367
v  6.3636 24.8418 -3.4965
v  6.0403 24.1982 -3.3608
v  5.9279 24.1252 -4.2763
v  6.1179 24.7469 -4.3718
v  4.6338 24.5156 -6.7217
v  5.3378 24.5624 -6.0650
v  5.0737 24.0183 -5.8722
v  4.4977 23.9336 -6.5660
v  3.6727 24.5098 -7.0328
v  3.6663 23.8776 -6.9974
v  5.7496 24.6770 -5.2156
v  5.5615 24.0775 -5.1136
v  6.1996 23.4317 -3.4171
v  5.9647 23.4347 -4.3414
v  6.1936 22.6207 -3.5060
v  5.8706 22.6870 -4.4446
v  6.1657 21.7140 -3.6810
v  5.7993 21.8457 -4.6590
v  3.1888 21.0217 -7.3039
v  1.9636 21.6489 -7.5360
v  3.0068 21.8175 -7.2309
v  2.8542 22.5034 -7.2198
v  1.8620 22.3692 -7.4775
v  3.7051 22.6462 -6.8620
v  3.8619 22.0339 -6.8238
v  4.2885 21.2896 -6.6432
v  5.5267 23.4284 -5.1717
v  5.0050 23.4005 -5.8931
v  5.4177 22.7354 -5.2891
v  4.9215 22.7665 -5.9967
v  3.3083 20.0420 -7.5184
v  4.3360 20.0796 -6.9552
v  5.1421 19.9674 -6.2191
v  5.1813 21.0599 -5.8735
v  4.3213 22.2857 -6.4859
v  4.7425 22.1058 -6.1962
v  4.3593 22.7609 -6.4703
v  5.3029 21.9651 -5.5362
v  4.4000 23.3457 -6.4721
v  3.6636 23.2608 -6.9241
v  0.8829 21.5083 -7.6692
v  -0.1835 21.3977 -7.6945
v  -0.1949 22.1626 -7.6321
v  0.8298 22.2547 -7.5879
v  -1.2160 21.3132 -7.6372
v  -1.1995 22.0892 -7.5990
v  -3.0290 22.7082 -7.1074
v  -2.1393 22.7796 -7.4046
v  -3.1393 23.4163 -7.3761
v  -2.2165 23.4720 -7.7086
v  2.7917 23.1558 -7.3041
v  1.8096 23.0505 -7.5556
v  1.7857 23.7197 -7.6419
v  2.7378 23.8122 -7.3025
v  -1.1972 22.8339 -7.6237
v  -0.2129 22.8945 -7.7022
v  -1.2325 23.5239 -7.8880
v  -0.2309 23.5464 -8.0718
v  0.7972 22.9592 -7.7066
v  0.7923 23.6249 -7.9357
v  2.7854 24.4277 -7.5145
v  1.8001 24.3693 -7.7992
v  1.8484 24.9990 -8.0616
v  2.8712 25.0406 -7.7759
v  -3.1705 24.1600 -7.4339
v  -2.2086 24.2059 -7.7046
v  -3.1724 24.8972 -7.4148
v  -2.2345 24.9171 -7.8034
v  0.7941 24.2973 -8.0769
v  -0.2360 24.2527 -8.1635
v  -0.2320 24.9468 -8.2190
v  0.8065 24.9685 -8.2076
v  -1.2551 24.2226 -8.0597
v  -1.2404 24.9329 -8.0317
v  2.8788 25.7202 -7.8222
v  1.8632 25.6775 -8.1602
v  1.8529 26.3784 -8.1398
v  2.8598 26.4184 -7.7823
v  -3.2304 25.6184 -7.5261
v  -3.2724 26.3360 -7.6740
v  -2.2173 25.6389 -7.7613
v  -2.1790 26.3928 -7.6245
v  -1.2562 25.6354 -8.1850
v  -0.2108 25.6511 -8.0901
v  -1.1857 26.3589 -7.9532
v  -0.2122 26.3422 -8.3291
v  0.8124 25.6547 -8.2559
v  0.8239 26.3520 -8.3493
v  -3.3197 27.0215 -8.0991
v  -2.2144 27.0312 -8.1576
v  -3.2224 27.8015 -8.0926
v  -2.1420 27.7825 -8.2362
v  2.8150 27.1366 -7.6782
v  1.8143 27.0955 -7.9853
v  1.8957 27.7828 -8.3066
v  2.8540 27.8595 -7.8113
v  -1.1713 27.0620 -8.1048
v  -0.1758 27.0605 -8.2267
v  -1.1191 27.7852 -8.2549
v  -0.1175 27.8084 -8.1380
v  2.9240 28.6271 -7.9818
v  1.9571 28.5506 -8.4910
v  1.9141 29.4569 -8.2237
v  2.9331 29.5070 -7.9388
v  3.1745 30.2099 -8.5789
v  2.1087 30.1635 -8.8614
v  2.2536 31.0425 -9.2956
v  3.4040 31.0198 -9.1350
v  1.0934 30.0881 -9.1490
v  0.1104 29.7966 -9.6324
v  0.1656 30.8816 -9.8559
v  1.2108 30.9578 -9.6497
v  0.9459 29.4251 -8.4082
v  0.0220 29.4005 -8.5042
v  3.4469 32.0754 -9.1598
v  2.2984 32.0996 -9.3192
v  2.5035 33.0774 -9.8645
v  3.6566 33.0839 -9.5334
v  -3.0118 31.7540 -9.8268
v  -1.9150 31.7809 -10.1427
v  -1.9120 30.7836 -9.6454
v  -2.8466 30.9211 -9.0369
v  -2.7615 32.9238 -9.4938
v  -1.7898 32.9389 -9.8639
v  1.2742 32.0006 -9.7745
v  0.1956 31.9977 -9.6619
v  0.2565 33.0079 -10.1938
v  1.3920 33.0318 -10.2012
v  -0.8309 31.9089 -9.9088
v  -0.8650 30.8754 -9.7380
v  -0.8005 32.9678 -10.1707
v  3.6510 34.2036 -9.4360
v  2.4853 34.2018 -9.6845
v  2.5034 35.3744 -9.7060
v  3.7641 35.4149 -9.5028
v  -2.7599 34.0298 -9.7380
v  -1.8280 34.0493 -10.1755
v  -2.8119 35.1052 -10.0512
v  -1.8506 35.1778 -10.1984
v  1.3328 34.1637 -9.8236
v  0.2849 34.1832 -10.4924
v  0.2190 35.2931 -9.9959
v  1.2864 35.2602 -9.5817
v  -0.7884 34.1006 -10.0620
v  -0.8359 35.1976 -9.9211
v  3.4417 36.3282 -8.6546
v  2.3796 36.4554 -9.2053
v  2.1123 37.2914 -8.2177
v  3.4026 37.4267 -8.2234
v  -2.5517 35.8012 -9.1474
v  -1.8084 36.1041 -9.5970
v  -2.7303 36.7388 -9.1216
v  -1.9965 37.0946 -9.3703
v  1.1871 36.3612 -9.2580
v  1.1387 37.6623 -9.1951
v  0.1042 36.3483 -9.5291
v  -0.0223 37.4505 -9.2028
v  -0.9126 36.3665 -9.9316
v  -1.0589 37.3137 -9.3476
v  3.4147 38.6259 -7.7895
v  2.1795 38.7464 -8.2157
v  1.9425 39.3674 -7.1634
v  3.1647 39.2589 -6.7131
v  -3.0754 37.4106 -8.7192
v  -3.6252 38.0687 -8.3033
v  -2.6504 38.4250 -8.0336
v  -2.2671 37.8440 -8.7693
v  0.9181 38.3964 -8.2073
v  -0.2389 38.1176 -8.3090
v  -0.4856 38.8160 -7.5188
v  0.7121 39.1915 -7.3964
v  -1.6169 38.7724 -7.8948
v  -1.3029 38.1612 -8.7209
v  -6.9582 39.4589 1.6837
v  -6.3305 40.6233 2.1118
v  -5.8912 40.6473 0.7392
v  -6.9793 40.0192 0.4020
v  -7.3527 39.3335 3.0357
v  -6.4804 40.0264 3.4476
v  -0.0441 41.7109 4.2025
v  0.4778 41.5716 2.7161
v  -1.3729 41.5971 3.6796
v  -0.9135 41.7369 2.2372
v  -1.8464 41.2940 5.1432
v  -0.5503 41.0568 5.5493
v  -3.0555 40.9815 4.6501
v  -2.7250 41.8155 3.3126
v  -2.3479 42.4113 1.9132
v  -3.5476 41.6842 1.4656
v  -3.7852 40.9643 2.7886
v  -4.2363 40.6903 4.2359
v  -5.0954 40.8973 2.4585
v  -5.4169 40.4765 3.8557
v  -4.7726 41.2554 1.1039
v  -1.0521 40.5570 6.9585
v  -2.2849 40.4336 6.4312
v  -2.8032 40.2942 7.9439
v  -1.5942 40.3801 8.5215
v  -7.7219 39.0497 4.3581
v  -6.8971 39.7404 4.8314
v  -7.9179 38.4227 5.6154
v  -7.1089 39.0850 6.1204
v  -3.9904 40.2428 7.4972
v  -3.5734 40.8719 6.1558
v  -4.7777 40.6782 5.7426
v  -5.1441 40.0684 7.0656
v  -5.9652 40.4265 5.3177
v  -6.2421 39.7520 6.6379
v  -2.1074 39.4708 9.7530
v  -3.1900 39.3329 9.0413
v  -3.6044 38.5140 10.1011
v  -2.5744 38.3905 10.5914
v  -3.0098 37.4132 11.1430
v  -3.8429 37.4374 10.6636
v  -6.2783 38.6983 7.6849
v  -6.6282 38.0947 8.9649
v  -5.4983 38.1723 9.1004
v  -5.5211 39.4437 8.3848
v  -7.4048 38.4265 7.3932
v  -7.4140 37.4880 8.4462
v  -4.7399 37.4032 10.3213
v  -4.7891 36.3489 10.7663
v  -4.4706 38.2569 9.4075
v  -5.6190 37.2505 9.9803
v  -5.5097 36.1696 10.3622
v  -4.3649 39.5181 8.7304
v  -8.0473 37.5991 6.8176
v  -8.4675 36.9923 8.1447
v  -8.0971 36.1288 9.0102
v  -7.4319 36.6964 9.4665
v  -6.4272 36.9242 9.5431
v  -6.3851 36.0183 10.3172
v  -6.0340 34.9734 10.3961
v  -5.3750 35.1488 10.6902
v  -4.6722 35.2819 10.8576
v  -2.6974 30.2557 -8.1595
v  -1.7666 30.1996 -8.6445
v  -1.8384 29.3698 -8.1844
v  -2.7613 29.3949 -7.7210
v  -3.0612 28.5842 -8.1276
v  -2.0012 28.5600 -8.1955
v  -0.9960 28.5747 -8.1226
v  -0.8910 29.3953 -8.3805
v  -0.0706 28.5096 -8.5579
v  -0.9225 29.9292 -9.3167
v  0.9292 28.5210 -8.5925
v  0.8758 27.7707 -8.4030
v  0.8277 27.0671 -8.1758
v  8.3871 26.7584 1.3233
v  8.2514 27.0362 2.0743
v  8.9307 27.5307 1.0636
v  8.9330 27.7737 1.9994
v  8.4694 28.4888 0.8668
v  8.4922 29.3499 0.5588
v  8.7386 29.5826 1.4551
v  8.5427 28.7498 1.6850
v  8.3690 29.3890 3.9874
v  8.3861 29.3693 3.1356
v  9.3147 30.0220 3.2724
v  9.1357 30.1450 4.1800
v  8.2268 30.2546 4.7728
v  8.5594 29.2036 4.9991
v  7.7914 28.4209 4.7388
v  7.0228 29.0673 3.7525
v  6.7569 29.3386 2.4063
v  8.4057 28.1349 2.8716
v  8.8327 29.0254 2.5073
v  8.7658 29.9047 2.3458
v  8.7425 30.1973 0.1475
v  7.8199 30.9267 -0.0505
v  8.0148 31.1704 0.7740
v  9.3177 30.5196 1.0123
v  7.4561 31.1025 5.2864
v  6.7911 31.9946 4.7247
v  8.0456 30.3187 5.7809
v  8.6125 31.4074 4.8388
v  7.2329 31.8591 3.9366
v  8.9482 31.1918 3.8976
v  7.6095 31.7438 3.2159
v  9.3838 31.0860 2.9852
v  7.8674 31.5890 2.4508
v  9.1214 30.7387 2.0330
v  7.9714 31.3882 1.6259
v  7.8217 31.8474 -0.5077
v  8.5163 32.5289 -1.0286
v  8.7387 32.8775 -0.1092
v  7.7978 32.1543 0.3197
v  6.8165 33.1841 4.5053
v  8.2292 34.0284 5.0401
v  7.2164 33.0266 3.6846
v  8.0244 34.0723 3.7388
v  7.7685 32.4178 1.1581
v  8.6768 33.2620 0.8388
v  8.5267 33.6077 1.7935
v  7.6071 32.6640 1.9938
v  7.4769 32.8572 2.8418
v  8.3363 33.8513 2.7738
v  8.9251 33.3621 -1.6462
v  8.8177 34.3564 -2.2804
v  8.6846 34.8957 -1.1645
v  9.3441 33.8180 -0.6552
v  8.0494 35.4477 4.7102
v  7.6385 36.6332 4.3096
v  8.1661 35.2788 3.4834
v  8.5722 36.5576 3.4105
v  8.7538 36.2200 2.2106
v  9.0948 35.0077 2.6445
v  9.4575 34.6598 1.5390
v  9.0864 35.8596 1.0625
v  9.1517 34.3119 0.4038
v  9.2224 35.4498 -0.0922
v  8.0282 37.7441 2.9913
v  7.7134 39.1447 2.6928
v  6.6472 38.7914 3.7241
v  7.5254 37.9230 4.1716
v  8.9686 36.1542 -1.7619
v  9.1562 35.6067 -2.9594
v  8.0523 36.5483 -3.3266
v  8.3786 37.3233 -2.3008
v  8.3978 36.9041 0.6316
v  7.3764 37.7556 0.2178
v  8.2758 38.9743 1.2747
v  8.9634 37.6448 1.8439
v  8.4899 36.4717 -0.5683
v  7.8571 37.5486 -1.0732
v  5.8481 39.6923 3.3582
v  6.9809 40.5293 2.1999
v  5.2254 40.4923 1.6366
v  4.8505 40.7469 2.9526
v  7.2470 37.5148 -3.7826
v  7.4481 38.2682 -2.7843
v  6.5902 38.6095 -4.3785
v  6.2793 38.9810 -3.2373
v  6.3841 39.1320 1.0060
v  5.3557 40.0149 0.3752
v  6.7663 38.9457 -0.3654
v  5.7738 39.8559 -0.8996
v  7.0706 38.5911 -1.5794
v  5.9987 39.4080 -2.0910
v  5.5146 39.3606 -4.8856
v  5.1924 39.7232 -3.7585
v  4.4469 40.1117 -5.5230
v  4.0773 40.3276 -4.2785
v  3.5053 41.2019 2.4216
v  2.2720 41.7886 1.9336
v  4.0611 41.3546 1.1127
v  2.7665 41.8459 0.5905
v  4.3704 40.9990 -0.1944
v  3.1496 41.6124 -0.7374
v  4.8578 40.9372 -1.4782
v  3.4691 41.2357 -1.9655
v  5.2238 40.6172 -2.7369
v  3.7322 40.6363 -3.0835
v  3.0603 40.2415 -5.9097
v  1.6937 39.7155 -6.0149
v  2.7564 40.4383 -4.6585
v  1.4160 40.0783 -4.8564
v  0.9742 42.4810 1.4208
v  -0.4474 42.3782 0.8989
v  1.3957 42.0123 0.0489
v  -0.0107 41.4077 -0.3178
v  1.7965 41.7368 -1.2392
v  0.4027 41.4202 -1.6231
v  2.2201 41.9503 -2.5956
v  0.7099 41.7007 -2.9645
v  2.4348 40.7451 -3.4526
v  1.1063 40.6708 -3.8151
v  0.4108 39.8903 -6.4308
v  -0.7735 39.5048 -6.6575
v  -1.1024 39.6835 -5.4788
v  0.1859 39.3070 -4.9568
v  -0.9448 41.3046 -1.9873
v  -1.3858 41.8026 -0.8309
v  -0.5420 40.5513 -2.8929
v  -1.8331 40.9894 -3.5944
v  -2.3041 41.9127 -2.6017
v  -2.7284 41.5456 -1.2031
v  -1.8589 42.3255 0.4559
v  -3.1799 41.8880 0.0914
v  -0.1886 40.0914 -3.9661
v  -1.4834 39.7374 -4.2374
v  -2.3285 39.6289 -5.9405
v  -1.9931 39.6565 -7.1813
v  -3.1518 39.2440 -7.4557
v  -3.4837 39.2744 -6.2738
v  -4.4400 41.4630 -0.2753
v  -5.7654 41.1553 -0.6329
v  -4.1107 41.6216 -1.6244
v  -5.3009 40.9719 -1.9298
v  -3.1353 40.4632 -3.7786
v  -4.3730 40.2201 -4.2495
v  -4.8638 40.7149 -3.1634
v  -3.7281 41.6484 -3.0091
v  -2.7187 40.2781 -4.9958
v  -3.9815 39.9746 -5.3929
v  -6.8204 40.3151 -0.9434
v  -6.2041 39.9368 -2.1052
v  -7.6506 39.2490 -1.1428
v  -7.1831 39.0418 -2.3304
v  -4.2516 38.7704 -7.7472
v  -4.7521 39.1790 -6.7651
v  -5.0062 37.7999 -7.6210
v  -5.6204 38.2609 -6.8380
v  -5.7595 39.6485 -3.2609
v  -7.0665 39.1559 -3.6838
v  -5.3469 39.3732 -4.4036
v  -6.5061 38.7763 -4.7282
v  -4.8152 38.8278 -5.3844
v  -6.1689 38.6192 -5.8724
v  -8.3113 38.0762 -1.2406
v  -8.3074 38.2325 -2.6068
v  -8.6702 36.9010 -2.5236
v  -9.2684 37.1026 -1.3990
v  -5.6604 36.8324 -7.5893
v  -6.3561 37.2357 -6.8790
v  -6.0846 35.7560 -7.4506
v  -6.9411 36.1240 -6.8342
v  -6.8910 37.4504 -4.6117
v  -8.0517 36.6599 -4.8550
v  -8.2509 36.7037 -3.6488
v  -7.3031 37.6482 -3.4597
v  -6.8428 37.5071 -5.8750
v  -7.4767 36.3769 -5.8584
v  -9.7886 35.8642 -1.3772
v  -9.2007 35.6934 -2.4937
v  -9.3832 34.4451 -2.3377
v  -10.4023 34.6212 -1.3690
v  -6.3282 34.6262 -7.1862
v  -7.4305 34.9507 -6.7807
v  -6.8960 33.4877 -7.3050
v  -7.4408 33.7580 -6.3584
v  -8.8902 35.5833 -3.6721
v  -8.3189 35.3589 -4.6931
v  -9.0006 34.2351 -4.7427
v  -9.4986 34.4104 -3.6644
v  -8.1593 35.2454 -5.9040
v  -8.1226 34.0151 -5.5068
v  -10.3791 33.2739 -1.2128
v  -9.8775 33.2302 -2.3498
v  -9.4806 32.1105 -2.0748
v  -9.9463 32.0355 -1.0096
v  -6.8350 32.4125 -6.8713
v  -6.8721 31.3827 -6.5844
v  -7.3298 32.6861 -5.9262
v  -7.6552 31.5781 -5.9083
v  -8.2913 32.8565 -5.3397
v  -8.1405 31.8150 -5.0001
v  -8.5916 32.0059 -4.0449
v  -9.1600 32.9968 -4.5667
v  -9.1651 33.1954 -3.3383
v  -9.3612 31.9678 -3.1837
v  -7.1715 29.0211 -6.1755
v  -7.7144 29.1055 -5.2476
v  -7.0140 29.8815 -4.9540
v  -6.4378 29.7163 -5.6785
v  -8.5632 31.4662 -0.6862
v  -8.3634 31.4281 -1.7174
v  -8.1240 30.3975 -1.5214
v  -8.4168 30.3985 -0.5825
v  -6.6158 30.5417 -6.0796
v  -7.4144 30.6740 -5.4819
v  -8.5120 27.2850 -4.1198
v  -9.0478 27.3884 -3.2016
v  -9.1765 28.4604 -3.3896
v  -8.9394 28.3450 -4.4606
v  -8.0632 30.8274 -4.7140
v  -8.6266 30.9115 -3.8355
v  -7.6493 30.0445 -4.2700
v  -7.8818 30.1932 -3.4034
v  -8.6322 31.1025 -2.7861
v  -7.7398 30.3561 -2.4601
v  -8.6224 29.4584 -0.5400
v  -8.1723 29.4580 -1.4297
v  -8.1195 29.3619 -2.3843
v  -8.3764 29.3309 -3.3481
v  -9.2440 28.6290 -2.3228
v  -8.0920 29.1721 -4.2762
v  -9.2828 27.5240 -2.0639
v  7.8079 29.3874 5.6892
v  7.5379 28.4965 5.6103
v  6.5172 28.2187 5.2274
v  6.6752 28.1175 4.5476
v  6.7433 28.0616 3.7130
v  6.3529 27.2609 3.8862
v  6.8127 27.0548 3.3357
v  6.0204 28.1068 2.5040
v  6.0760 26.4282 4.1223
v  6.7354 26.1302 3.7014
v  7.2838 26.6952 2.7967
v  7.1718 25.7739 3.1364
v  7.4567 27.5932 2.4336
v  -1.6636 0.0934 -6.2578
v  -2.2176 0.1498 -6.3248
v  -2.1219 0.1454 -6.7741
v  -1.6398 0.1010 -6.7280
v  -2.0429 0.1545 -7.0598
v  -1.6850 0.1348 -7.1191
v  -1.1223 0.1281 -7.1832
v  -1.0605 0.0887 -6.7312
v  -1.0526 0.0707 -6.2346
v  -1.7175 0.0981 -5.7084
v  -1.0785 0.0626 -5.6846
v  -1.1286 0.0491 -5.0778
v  -1.7889 0.0910 -5.0825
v  -2.3146 0.1458 -5.7690
v  -2.4099 0.1463 -5.1272
v  -1.8625 0.0845 -4.3770
v  -1.1922 0.0375 -4.3990
v  -1.2471 0.0438 -3.6221
v  -1.9165 0.0928 -3.5850
v  -2.4923 0.1407 -4.3993
v  -2.5453 0.1504 -3.5894
v  -1.9512 0.1081 -2.7234
v  -1.2875 0.0581 -2.7670
v  -1.3050 0.0753 -1.8594
v  -1.9689 0.1233 -1.8150
v  -2.5808 0.1556 -2.7120
v  -2.5938 0.1832 -1.7937
v  -1.9709 0.1403 -0.8870
v  -1.2997 0.0928 -0.9244
v  -1.2790 0.1128 0.0037
v  -1.9571 0.1594 0.0296
v  -2.5984 0.1986 -0.8553
v  -2.5868 0.2163 0.0702
v  -1.2458 0.1379 0.8831
v  -1.2023 0.1679 1.6704
v  -1.8792 0.2054 1.6909
v  -1.9280 0.1807 0.9011
v  -2.5555 0.2359 0.9501
v  -2.4961 0.2581 1.7488
v  -1.1574 0.1994 2.3462
v  -1.1253 0.2291 2.9265
v  -1.7469 0.2575 2.9537
v  -1.8122 0.2326 2.3741
v  -2.2938 0.3025 3.0168
v  -2.4043 0.2823 2.4392
v  -1.7057 0.2816 3.4330
v  -1.1206 0.2590 3.4275
v  -1.1598 0.2936 3.8580
v  -1.7258 0.3123 3.8101
v  -2.0826 0.3284 3.7534
v  -2.1783 0.3179 3.4738
v  0.9899 0.1094 -6.7507
v  0.2919 0.0996 -6.7539
v  0.2811 0.1397 -7.2447
v  1.0174 0.1527 -7.2302
v  1.6531 0.1252 -6.7418
v  1.7091 0.1769 -7.1905
v  0.9920 0.0900 -6.2359
v  1.6578 0.1155 -6.2390
v  0.3000 0.0733 -6.2358
v  0.3059 0.0514 -5.6851
v  1.0081 0.0731 -5.6820
v  1.6864 0.1068 -5.6854
v  1.0360 0.0576 -5.0834
v  1.7292 0.1018 -5.0749
v  0.3123 0.0272 -5.1018
v  0.3218 0.0022 -4.4736
v  1.0688 0.0460 -4.4265
v  1.7768 0.0978 -4.3985
v  1.0934 0.0428 -3.6923
v  1.8221 0.0954 -3.6512
v  0.3124 0.0037 -3.7402
v  0.2675 0.0164 -2.9206
v  1.1061 0.0470 -2.8802
v  1.8620 0.0956 -2.8353
v  1.1228 0.0553 -1.9944
v  1.8949 0.0997 -1.9618
v  0.2459 0.0272 -2.0202
v  0.2918 0.0425 -1.0373
v  1.1464 0.0710 -1.0495
v  1.9131 0.1110 -1.0491
v  1.9037 0.1313 -0.1334
v  1.1558 0.0941 -0.1005
v  0.3323 0.0709 -0.0559
v  1.1399 0.1217 0.8020
v  0.3422 0.1004 0.8706
v  1.8635 0.1593 0.7395
v  1.7995 0.1934 1.5289
v  1.0974 0.1571 1.5980
v  0.3316 0.1369 1.6695
v  1.0406 0.1993 2.2665
v  0.3078 0.1814 2.3173
v  1.7231 0.2314 2.2158
v  1.6516 0.2688 2.8091
v  0.9889 0.2384 2.8483
v  0.2812 0.2197 2.8884
v  0.9541 0.2768 3.3649
v  0.2558 0.2557 3.4033
v  1.6046 0.3072 3.3204
v  1.6099 0.3528 3.7567
v  0.9501 0.3267 3.8212
v  0.2353 0.2953 3.8659
v  -0.4503 0.1364 -7.2279
v  -0.4054 0.0943 -6.7456
v  -0.3910 0.0667 -6.2330
v  -0.3987 0.0478 -5.6834
v  -0.4240 0.0244 -5.0968
v  -0.4676 -0.0013 -4.4591
v  -0.5168 0.0089 -3.6934
v  -0.5745 0.0226 -2.8458
v  -0.5982 0.0378 -1.9326
v  -0.5686 0.0561 -0.9740
v  -0.5244 0.0808 -0.0199
v  -0.4876 0.1108 0.8815
v  -0.4603 0.1443 1.6753
v  -0.4421 0.1821 2.3366
v  -0.4385 0.2164 2.9116
v  -0.4518 0.2495 3.4233
v  -0.4849 0.2812 3.8798
v  2.2507 0.1698 -6.7420
v  2.2988 0.2126 -7.1334
v  2.6757 0.2380 -7.0789
v  2.7548 0.2266 -6.7903
v  2.2784 0.1494 -6.2633
v  2.8480 0.2192 -6.3340
v  2.3308 0.1500 -5.7115
v  2.9380 0.2199 -5.7809
v  2.3910 0.1573 -5.0963
v  3.0209 0.2325 -5.1584
v  2.4534 0.1598 -4.4075
v  3.0978 0.2367 -4.4582
v  2.5165 0.1562 -3.6463
v  3.1756 0.2231 -3.6851
v  2.5783 0.1495 -2.8188
v  3.2605 0.1996 -2.8408
v  2.6192 0.1484 -1.9516
v  3.3021 0.1936 -1.9734
v  2.6309 0.1569 -1.0549
v  3.3056 0.2086 -1.0717
v  3.2763 0.2250 -0.1501
v  2.6088 0.1748 -0.1497
v  2.5482 0.2024 0.7185
v  3.1994 0.2507 0.7405
v  3.0861 0.2860 1.5541
v  2.4607 0.2356 1.5120
v  2.3580 0.2720 2.2085
v  2.9494 0.3227 2.2644
v  2.8016 0.3630 2.8605
v  2.2564 0.3081 2.8035
v  2.1782 0.3413 3.2951
v  2.6547 0.3835 3.3256
v  2.5469 0.4037 3.6114
v  2.1722 0.3807 3.6812
v  3.3357 0.6155 4.2459
v  2.7179 0.6023 4.5293
v  1.9774 0.5810 4.7291
v  2.4730 0.5002 4.2717
v  1.7998 0.4779 4.4571
v  3.0227 0.5168 4.0020
v  1.1365 0.5585 4.8512
v  0.2245 0.5409 4.9078
v  1.0368 0.4531 4.5678
v  0.2161 0.4288 4.6205
v  -0.6985 0.5377 4.8942
v  -1.5556 0.5467 4.8023
v  -1.3970 0.4244 4.5402
v  -0.6124 0.4223 4.6081
v  -2.2836 0.5681 4.6147
v  -2.8585 0.5936 4.3289
v  -2.5558 0.4634 4.1162
v  -2.0463 0.4458 4.3739
v  -3.2945 0.6098 3.9507
v  -3.6144 0.6104 3.4742
v  -3.2126 0.4693 3.2864
v  -2.9340 0.4729 3.7564
v  -3.8438 0.5913 2.8864
v  -3.9936 0.5577 2.1581
v  -3.4191 0.4513 2.7009
v  -3.5622 0.4238 1.9871
v  -4.0587 0.5337 1.2584
v  -4.0745 0.5188 0.2392
v  -3.6388 0.4007 1.1356
v  -3.6690 0.3835 0.1831
v  -4.0805 0.5003 -0.8185
v  -4.0866 0.4787 -1.8570
v  -3.6762 0.3521 -1.8153
v  -3.6779 0.3677 -0.8155
v  -4.0930 0.4618 -2.8535
v  -4.1135 0.4318 -3.8071
v  -3.6747 0.3055 -3.7154
v  -3.6746 0.3331 -2.7870
v  -4.1204 0.3923 -4.7073
v  -4.0278 0.4131 -5.5184
v  -3.5489 0.2937 -5.3557
v  -3.6421 0.2866 -4.5789
v  -3.8901 0.4470 -6.2387
v  -3.7129 0.4683 -6.8579
v  -3.2364 0.3221 -6.6334
v  -3.4101 0.3120 -6.0408
v  -3.4628 0.4716 -7.3721
v  -3.0815 0.4612 -7.7875
v  -3.0026 0.3195 -7.1264
v  -2.6595 0.3064 -7.5151
v  -2.5388 0.4297 -8.1287
v  -1.8076 0.3833 -8.4045
v  -2.1631 0.2857 -7.8090
v  -1.4963 0.2651 -8.0206
v  -0.8473 0.3920 -8.5515
v  0.2419 0.4355 -8.5746
v  -0.6717 0.2629 -8.1434
v  0.2529 0.2872 -8.1696
v  1.3321 0.4815 -8.4937
v  2.3359 0.4996 -8.3444
v  2.0572 0.3462 -7.9924
v  1.1896 0.3221 -8.1117
v  3.1703 0.5060 -8.1167
v  3.7426 0.5595 -7.7649
v  3.3090 0.3986 -7.5119
v  2.7815 0.3682 -7.7997
v  4.0970 0.6257 -7.3137
v  4.3170 0.6625 -6.7768
v  3.8712 0.4578 -6.6159
v  3.6516 0.4344 -7.1155
v  4.4872 0.6552 -6.1676
v  4.6376 0.6018 -5.4917
v  4.0375 0.4571 -6.0330
v  4.1788 0.4317 -5.3800
v  4.7471 0.5422 -4.7474
v  4.7696 0.5352 -3.9580
v  4.2726 0.4107 -4.6547
v  4.3289 0.3976 -3.8703
v  4.7786 0.5212 -3.1410
v  4.7876 0.5030 -2.2491
v  4.3737 0.3794 -3.0388
v  4.4060 0.3644 -2.1419
v  4.7830 0.5085 -1.2311
v  4.7719 0.5193 -0.1070
v  4.4223 0.3595 -1.1639
v  4.4027 0.3701 -0.1225
v  4.7566 0.5147 1.0445
v  4.6445 0.5448 2.0691
v  4.2022 0.4257 1.8304
v  4.3362 0.3914 0.9082
v  4.4592 0.5820 2.8341
v  4.1932 0.6053 3.4152
v  3.7598 0.4925 3.1782
v  4.0092 0.4632 2.5826
v  3.8219 0.6163 3.8780
v  3.4397 0.5061 3.6464
v  2.7572 0.4549 3.7687
v  2.2809 0.4304 3.9951
v  1.6748 0.4019 4.1376
v  0.9762 0.3854 4.2232
v  0.2224 0.3547 4.2703
v  -0.5404 0.3424 4.2678
v  -1.2650 0.3499 4.2282
v  -1.8550 0.3690 4.1115
v  -2.2818 0.3757 3.9102
v  -2.5682 0.3779 3.5877
v  -2.7762 0.3701 3.1294
v  -2.9381 0.3530 2.5486
v  -3.0577 0.3290 1.8479
v  -3.1299 0.3065 1.0299
v  -3.1635 0.2885 0.1235
v  -3.1738 0.2718 -0.8299
v  -3.1695 0.2563 -1.7935
v  -3.1564 0.2421 -2.7372
v  -3.1337 0.2230 -3.6346
v  -3.0859 0.2100 -4.4678
v  -2.9976 0.2116 -5.2182
v  -2.8780 0.2213 -5.8809
v  -2.7350 0.2245 -6.4501
v  -2.5540 0.2204 -6.9131
v  -2.2880 0.2124 -7.2494
v  -1.8620 0.1981 -7.4660
v  -1.2637 0.1876 -7.6084
v  -0.5355 0.1886 -7.6919
v  0.2685 0.2025 -7.7157
v  1.0836 0.2258 -7.6828
v  1.8424 0.2502 -7.6032
v  2.4778 0.2738 -7.4713
v  2.9294 0.2950 -7.2617
v  3.2015 0.3110 -6.9255
v  3.3757 0.3207 -6.4595
v  3.5095 0.3244 -5.8983
v  3.6226 0.3208 -5.2603
v  3.7112 0.3131 -4.5475
v  3.7845 0.3024 -3.7681
v  3.8555 0.2845 -2.9266
v  3.9005 0.2713 -2.0427
v  3.9158 0.2728 -1.1089
v  3.8872 0.3019 -0.1394
v  3.8051 0.3098 0.8041
v  3.6715 0.3471 1.6589
v  3.5005 0.3868 2.3892
v  3.2981 0.4327 2.9851
v  3.0590 0.4398 3.4472
# 4514 vertices

vn 0.1367 -0.9899 0.0385
vn -0.2295 -0.8511 0.4722
vn -0.2362 -0.7592 0.6065
vn 0.0722 -0.9831 0.1682
vn -0.1704 -0.8845 0.4343
vn -0.0908 -0.8614 0.4997
vn -0.1059 -0.9406 0.3226
vn 0.2108 -0.9704 0.1175
vn -0.0164 -0.8701 0.4926
vn -0.0131 -0.6368 0.7709
vn -0.0124 -0.2744 0.9615
vn -0.1238 -0.3053 0.9442
vn -0.1867 -0.6997 0.6896
vn -0.0773 -0.6514 0.7548
vn -0.1942 -0.5285 0.8264
vn 0.1563 -0.6119 0.7754
vn 0.1968 -0.5315 0.8239
vn 0.1506 -0.1645 0.9748
vn 0.3806 -0.4151 0.8264
vn 0.2664 -0.1079 0.9578
vn 0.3748 -0.4733 0.7972
vn 0.4998 -0.3035 0.8113
vn 0.4631 -0.3369 0.8198
vn 0.3407 -0.0471 0.9390
vn 0.5114 -0.4980 0.7004
vn 0.2399 -0.9035 0.3552
vn 0.1976 -0.9395 0.2798
vn 0.5430 -0.6362 0.5481
vn 0.6010 -0.0530 0.7975
vn 0.7431 -0.0821 0.6641
vn 0.4515 0.0079 0.8922
vn 0.4365 -0.4100 0.8008
vn 0.1914 -0.9261 0.3252
vn 0.2116 -0.3271 0.9210
vn -0.0543 -0.2760 0.9596
vn 0.0269 -0.8980 0.4392
vn 0.1167 -0.9253 0.3607
vn 0.2103 0.0847 0.9740
vn -0.0428 0.0460 0.9980
vn -0.2375 -0.2316 0.9434
vn -0.4052 -0.2149 0.8886
vn -0.0240 -0.8597 0.5103
vn -0.2470 -0.1160 0.9620
vn -0.3708 -0.2708 0.8884
vn -0.5226 -0.2877 0.8025
vn -0.5227 -0.5009 0.6898
vn -0.3438 -0.4658 0.8154
vn -0.2181 -0.6462 0.7313
vn -0.3097 -0.6758 0.6688
vn -0.1799 -0.3376 0.9239
vn -0.2580 -0.3345 0.9064
vn -0.3523 -0.2450 0.9033
vn -0.3792 -0.5511 0.7433
vn 0.0520 -0.1720 0.9837
vn -0.2881 -0.3142 0.9046
vn 0.3057 -0.0555 0.9505
vn -0.3446 -0.1551 0.9258
vn -0.3073 -0.3156 0.8978
vn 0.0483 -0.3362 0.9405
vn 0.5825 -0.1999 0.7879
vn 0.3961 -0.7009 0.5932
vn 0.5385 -0.4753 0.6957
vn -0.0253 -0.7110 0.7027
vn 0.2789 -0.9069 0.3158
vn 0.0859 -0.8423 0.5321
vn 0.1286 -0.5407 0.8313
vn 0.1639 -0.9348 0.3151
vn -0.3404 -0.6423 0.6867
vn -0.0550 -0.6650 0.7448
vn 0.3453 -0.4462 0.8256
vn 0.2903 -0.6262 0.7236
vn 0.1551 -0.7067 0.6902
vn 0.1568 -0.4198 0.8940
vn 0.1179 -0.8123 0.5712
vn 0.0390 -0.4876 0.8722
vn 0.4903 -0.4701 0.7339
vn 0.3926 -0.6483 0.6524
vn 0.5409 -0.4260 0.7252
vn 0.4068 -0.6814 0.6084
vn 0.6457 -0.3896 0.6567
vn 0.4717 -0.6169 0.6300
vn 0.6779 -0.4812 0.5558
vn 0.3078 -0.7745 0.5526
vn 0.6104 -0.5741 0.5457
vn 0.6729 -0.5359 0.5099
vn -0.0187 -0.6643 0.7473
vn 0.1489 -0.8720 0.4663
vn 0.1999 -0.9220 0.3317
vn -0.0132 -0.8115 0.5842
vn -0.2957 -0.7441 0.5991
vn 0.0553 -0.9411 0.3336
vn -0.1749 -0.8227 0.5408
vn -0.4393 -0.6788 0.5884
vn -0.3749 -0.6309 0.6792
vn -0.3406 -0.4452 0.8281
vn -0.4553 -0.6686 0.5879
vn -0.4365 -0.6660 0.6049
vn 0.0323 -0.2920 0.9559
vn 0.1862 -0.1771 0.9664
vn 0.1341 -0.6285 0.7661
vn 0.2944 -0.5589 0.7752
vn -0.0636 -0.6883 0.7227
vn -0.1013 -0.3357 0.9365
vn 0.0664 -0.8964 0.4383
vn 0.0388 -0.9338 0.3558
vn -0.0443 -0.5908 0.8056
vn 0.1266 -0.5753 0.8081
vn 0.1934 -0.8562 0.4791
vn 0.3022 -0.5709 0.7634
vn 0.1451 -0.5783 0.8028
vn -0.0610 -0.5679 0.8208
vn -0.0476 -0.6560 0.7533
vn 0.1545 -0.6491 0.7448
vn 0.3180 -0.5868 0.7447
vn 0.3251 -0.6381 0.6979
vn 0.1588 -0.7043 0.6919
vn 0.3275 -0.6602 0.6759
vn -0.0362 -0.7155 0.6977
vn 0.0371 -0.9627 0.2680
vn -0.1757 -0.6773 0.7145
vn -0.4294 -0.5764 0.6953
vn -0.4616 -0.6161 0.6382
vn -0.3701 -0.6244 0.6879
vn -0.3654 -0.5362 0.7609
vn -0.3674 -0.6903 0.6234
vn -0.4718 -0.6591 0.5857
vn -0.5021 -0.6301 0.5924
vn -0.3783 -0.6358 0.6728
vn -0.3684 -0.2638 0.8914
vn -0.3536 -0.2564 0.8995
vn -0.2233 -0.3164 0.9220
vn -0.2147 -0.6735 0.7073
vn -0.2050 -0.7098 0.6739
vn -0.2056 -0.6355 0.7442
vn -0.2277 -0.5551 0.8000
vn 0.2883 -0.8187 0.4965
vn 0.4307 -0.5737 0.6967
vn 0.5530 -0.5796 0.5985
vn 0.3503 -0.8247 0.4441
vn 0.4567 -0.6205 0.6375
vn 0.5563 -0.5599 0.6141
vn 0.5672 -0.5785 0.5861
vn 0.4528 -0.6101 0.6502
vn 0.4290 -0.4642 0.7749
vn 0.4839 -0.3657 0.7950
vn 0.2641 -0.1157 0.9575
vn 0.3050 -0.0298 0.9519
vn 0.3891 -0.8477 0.3605
vn 0.2521 -0.9151 0.3148
vn 0.4779 -0.7532 0.4520
vn 0.3001 -0.8374 0.4569
vn 0.4489 -0.4173 0.7902
vn 0.4528 -0.4332 0.7793
vn 0.5636 -0.4301 0.7052
vn 0.3831 0.0089 0.9237
vn 0.4511 -0.0010 0.8925
vn 0.5610 -0.1081 0.8207
vn 0.3768 -0.0435 0.9253
vn 0.4896 -0.1817 0.8528
vn 0.5606 -0.3658 0.7429
vn 0.4874 -0.3363 0.8058
vn 0.3872 0.0086 0.9220
vn 0.5181 -0.1728 0.8377
vn 0.5328 -0.2298 0.8144
vn 0.4411 -0.5789 0.6858
vn 0.5607 -0.5923 0.5786
vn 0.5761 -0.5608 0.5947
vn 0.5884 -0.5725 0.5710
vn 0.5558 -0.6077 0.5673
vn 0.5749 -0.5863 0.5708
vn 0.5783 -0.5387 0.6127
vn 0.6021 -0.5207 0.6053
vn 0.4534 -0.7583 0.4684
vn 0.5756 -0.6275 0.5244
vn 0.6064 -0.4916 0.6250
vn 0.5468 -0.3780 0.7471
vn 0.4745 -0.2730 0.8368
vn 0.5040 -0.1116 0.8565
vn 0.2376 0.0705 0.9688
vn -0.0984 -0.1242 0.9874
vn -0.0490 0.0886 0.9949
vn -0.0480 0.1752 0.9834
vn 0.0517 0.2753 0.9600
vn 0.0400 -0.2358 0.9710
vn -0.0326 0.0917 0.9953
vn 0.3431 -0.0405 0.9384
vn 0.1082 0.1455 0.9834
vn 0.2141 -0.0808 0.9735
vn 0.0570 0.1056 0.9928
vn 0.1548 -0.1621 0.9746
vn -0.0012 0.0937 0.9956
vn 0.4853 -0.7115 0.5081
vn 0.6090 -0.6109 0.5058
vn 0.7758 -0.3570 0.5202
vn 0.6361 -0.4458 0.6298
vn 0.3043 -0.8221 0.4813
vn 0.4280 -0.8353 0.3452
vn 0.1489 -0.8579 0.4918
vn 0.3017 -0.9130 0.2747
vn 0.7358 -0.4506 0.5056
vn 0.6303 -0.6572 0.4132
vn 0.7929 -0.3106 0.5243
vn 0.8031 -0.2800 0.5259
vn -0.7831 -0.6023 0.1549
vn -0.7549 -0.6274 0.1909
vn -0.7220 -0.6431 0.2552
vn -0.7418 -0.6222 0.2503
vn -0.7568 -0.6225 0.1994
vn -0.7342 -0.6277 0.2586
vn -0.6804 -0.7188 0.1425
vn -0.7945 -0.6022 0.0787
vn -0.8138 -0.4889 0.3141
vn -0.1218 -0.5600 0.8195
vn -0.3963 -0.4867 0.7785
vn -0.1946 -0.9550 0.2238
vn 0.2043 -0.8092 0.5509
vn 0.4004 -0.5397 0.7406
vn 0.5118 -0.5489 0.6609
vn 0.2302 -0.3509 0.9077
vn -0.2374 -0.1086 0.9653
vn -0.3656 0.0075 0.9307
vn -0.3825 -0.5020 0.7757
vn -0.0750 -0.8848 0.4599
vn -0.1594 -0.9122 0.3776
vn -0.5253 -0.5541 0.6458
vn -0.3915 -0.5009 0.7719
vn -0.5482 -0.5625 0.6189
vn -0.2221 -0.4463 0.8669
vn -0.2012 -0.4730 0.8578
vn -0.0031 -0.9053 0.4248
vn -0.2231 -0.7393 0.6353
vn -0.4470 -0.6866 0.5733
vn -0.5202 -0.3017 0.7990
vn -0.4035 -0.3101 0.8608
vn -0.5158 -0.3210 0.7943
vn -0.4089 -0.3102 0.8582
vn -0.2894 -0.2550 0.9226
vn -0.2062 -0.3539 0.9123
vn -0.0908 -0.6352 0.7670
vn -0.2547 -0.7427 0.6193
vn -0.0267 -0.7158 0.6978
vn -0.0853 -0.6565 0.7495
vn -0.3185 -0.6717 0.6688
vn -0.4813 -0.6739 0.5606
vn -0.4466 -0.7279 0.5203
vn -0.3495 -0.6203 0.7022
vn -0.5131 -0.6292 0.5839
vn -0.1682 -0.5612 0.8104
vn -0.1054 -0.1519 0.9828
vn 0.1474 -0.4910 0.8586
vn -0.0380 -0.3250 0.9450
vn -0.1510 -0.0314 0.9880
vn -0.0388 -0.2786 0.9596
vn 0.1652 -0.3492 0.9224
vn -0.2528 0.0155 0.9674
vn -0.2074 -0.1957 0.9585
vn 0.0869 -0.2599 0.9617
vn 0.4438 -0.5645 0.6960
vn 0.3390 -0.5287 0.7782
vn 0.3796 -0.5040 0.7758
vn 0.4356 -0.4495 0.7798
vn 0.3845 -0.6011 0.7006
vn 0.2440 -0.4775 0.8440
vn 0.3126 -0.7758 0.5480
vn 0.0719 -0.9962 0.0487
vn 0.1003 -0.9597 0.2623
vn 0.1867 -0.6302 0.7536
vn -0.0037 -0.5093 0.8606
vn 0.0755 -0.9368 0.3415
vn 0.0140 -0.3955 0.9184
vn 0.1016 -0.5358 0.8382
vn 0.1692 -0.5896 0.7898
vn 0.2223 -0.6344 0.7403
vn 0.3907 -0.5242 0.7567
vn 0.4029 -0.4291 0.8084
vn -0.7331 -0.5916 0.3355
vn -0.7385 -0.4337 0.5163
vn -0.6546 -0.6766 0.3372
vn -0.7091 -0.6505 0.2722
vn -0.7766 -0.2151 0.5921
vn -0.7570 -0.1343 0.6395
vn -0.6755 -0.3125 0.6679
vn -0.6936 -0.2011 0.6917
vn -0.5798 -0.6671 0.4678
vn -0.5898 -0.6135 0.5252
vn -0.6196 -0.5986 0.5077
vn -0.2310 -0.8923 0.3879
vn -0.2437 -0.8998 0.3620
vn -0.6132 -0.6681 0.4214
vn -0.6459 -0.6433 0.4111
vn -0.6210 -0.6112 0.4907
vn -0.5983 -0.6590 0.4558
vn -0.6614 -0.6374 0.3953
vn -0.6557 -0.6517 0.3814
vn -0.7044 -0.6347 0.3177
vn -0.6896 -0.6473 0.3248
vn -0.6933 -0.6488 0.3137
vn -0.6739 -0.6731 0.3048
vn -0.4367 -0.8621 0.2570
vn -0.6587 -0.6448 0.3877
vn -0.6930 -0.6497 0.3126
vn -0.5782 -0.6808 0.4496
vn -0.0735 -0.9177 0.3903
vn -0.0352 -0.9162 0.3991
vn -0.4734 -0.3955 0.7871
vn -0.2737 -0.2683 0.9236
vn -0.6362 -0.4122 0.6522
vn -0.1479 -0.9294 0.3382
vn -0.1739 -0.9515 0.2537
vn -0.1596 -0.9394 0.3036
vn -0.7234 -0.4812 0.4952
vn -0.7487 -0.5807 0.3197
vn 0.0666 -0.8685 0.4913
vn -0.0508 -0.1701 0.9841
vn 0.0767 -0.8511 0.5194
vn 0.1023 -0.1508 0.9833
vn 0.1685 -0.8836 0.4368
vn 0.1629 -0.3806 0.9103
vn 0.2154 -0.1944 0.9570
vn 0.1209 -0.8507 0.5116
vn -0.3484 -0.8146 0.4638
vn -0.6574 -0.5975 0.4591
vn -0.1784 -0.6881 0.7034
vn 0.0180 -0.9083 0.4179
vn -0.4646 -0.3753 0.8020
vn -0.8158 -0.1628 0.5549
vn -0.3797 -0.1645 0.9104
vn -0.7591 -0.0598 0.6483
vn -0.2620 -0.3774 0.8882
vn -0.7130 -0.0713 0.6975
vn -0.0540 -0.4775 0.8770
vn -0.5566 -0.1251 0.8213
vn 0.1196 -0.6017 0.7897
vn 0.0172 -0.7010 0.7129
vn -0.1000 -0.5504 0.8289
vn -0.2850 -0.2641 0.9214
vn -0.2339 -0.7097 0.6645
vn -0.4323 -0.6782 0.5942
vn -0.3909 -0.7544 0.5272
vn -0.1810 -0.7268 0.6625
vn -0.7707 -0.4358 0.4648
vn -0.7471 -0.5906 0.3051
vn -0.5956 -0.7044 0.3861
vn -0.6430 -0.5948 0.4824
vn -0.8327 -0.2807 0.4774
vn -0.8612 -0.3580 0.3609
vn -0.8644 -0.4450 0.2343
vn -0.8427 -0.2284 0.4876
vn -0.6994 -0.6738 0.2384
vn -0.3436 -0.9044 0.2530
vn -0.2470 -0.9221 0.2979
vn -0.6059 -0.7274 0.3223
vn -0.1917 -0.9650 0.1792
vn -0.5615 -0.8020 0.2038
vn -0.8646 -0.1425 0.4817
vn -0.7585 -0.0585 0.6491
vn -0.5712 -0.4802 0.6657
vn -0.6342 -0.5750 0.5169
vn -0.9194 -0.2299 0.3191
vn -0.6512 -0.6522 0.3880
vn -0.5497 0.0295 0.8348
vn -0.3876 -0.4218 0.8197
vn -0.2951 0.0930 0.9509
vn -0.2246 -0.5168 0.8261
vn -0.0599 -0.6078 0.7918
vn -0.4007 -0.6257 0.6693
vn -0.3949 -0.8879 0.2360
vn -0.6888 -0.7082 0.1548
vn -0.1948 -0.9249 0.3264
vn 0.0113 -0.4544 0.8907
vn -0.0852 -0.1091 0.9904
vn -0.1400 -0.7505 0.6458
vn -0.4520 -0.8886 0.0776
vn -0.6049 -0.7958 0.0295
vn -0.7304 -0.6825 0.0261
vn -0.7261 -0.6856 0.0527
vn -0.6910 -0.5213 0.5008
vn -0.8694 -0.4530 0.1974
vn -0.9115 -0.2775 0.3034
vn -0.9602 -0.1674 0.2235
vn -0.9107 -0.4117 0.0324
vn -0.9273 -0.3743 -0.0087
vn -0.9895 -0.1273 0.0684
vn -0.9932 -0.1116 -0.0326
vn -0.9533 -0.0107 0.3019
vn -0.9620 -0.0064 0.2730
vn -0.9118 0.0667 0.4053
vn -0.9273 0.0607 0.3694
vn -0.8718 0.1404 0.4694
vn -0.8802 0.0971 0.4646
vn -0.7711 0.1962 0.6058
vn -0.8031 0.1411 0.5789
vn -0.5974 0.1597 0.7859
vn -0.4364 -0.0133 0.8997
vn -0.5293 0.1293 0.8385
vn -0.6635 0.1519 0.7326
vn -0.4798 -0.4393 0.7595
vn -0.5288 -0.0302 0.8482
vn -0.4580 0.0414 0.8880
vn -0.3631 -0.2780 0.8893
vn -0.6543 -0.4903 0.5758
vn -0.6456 -0.0743 0.7601
vn -0.7795 -0.4587 0.4264
vn -0.7109 -0.0908 0.6974
vn -0.8443 -0.4086 0.3467
vn -0.7412 -0.1261 0.6594
vn -0.8424 -0.4482 0.2992
vn -0.7077 -0.3808 0.5951
vn -0.9842 -0.0257 0.1754
vn -0.9970 -0.0483 0.0598
vn -0.9494 0.0065 0.3140
vn -0.9816 -0.0450 0.1857
vn 0.2880 -0.9480 0.1357
vn 0.5113 -0.8506 -0.1223
vn 0.4523 -0.8916 0.0211
vn 0.2360 -0.9380 0.2541
vn -0.0646 -0.8809 0.4688
vn -0.0146 -0.9158 0.4013
vn -0.2752 -0.9106 0.3084
vn 0.1649 -0.9821 -0.0912
vn 0.4860 -0.7809 -0.3924
vn -0.1050 -0.6803 -0.7253
vn -0.2743 -0.7275 -0.6289
vn -0.3058 -0.7539 -0.5814
vn -0.1459 -0.6656 -0.7319
vn -0.0178 -0.7836 -0.6210
vn 0.2272 -0.6885 -0.6888
vn 0.0010 -0.7595 -0.6505
vn -0.1153 -0.9357 -0.3335
vn 0.2655 -0.7227 -0.6382
vn -0.5197 -0.8501 0.0845
vn -0.6316 -0.7613 -0.1469
vn -0.3542 -0.8209 -0.4480
vn 0.8995 -0.3546 -0.2553
vn 0.8622 -0.4453 -0.2415
vn 0.8606 -0.5048 -0.0672
vn 0.9454 -0.2997 0.1283
vn 0.8251 -0.5568 -0.0962
vn 0.8108 -0.4026 0.4249
vn 0.5007 -0.6817 -0.5335
vn 0.6980 -0.4874 -0.5245
vn 0.7695 -0.5231 -0.3664
vn 0.3021 -0.9171 0.2600
vn 0.3597 -0.8766 0.3197
vn 0.4925 -0.6127 0.6182
vn 0.4675 -0.7085 0.5287
vn 0.2425 -0.9605 0.1366
vn 0.4784 -0.7984 0.3657
vn 0.0279 -0.9901 -0.1373
vn 0.0189 -0.9813 -0.1918
vn 0.1016 -0.9500 -0.2953
vn 0.5918 -0.7870 0.1741
vn 0.3017 -0.8471 -0.4376
vn 0.6066 -0.5091 0.6106
vn 0.0469 -0.7550 -0.6541
vn 0.1096 -0.7225 -0.6826
vn -0.0971 -0.7769 -0.6221
vn 0.1226 -0.8721 -0.4736
vn 0.4761 -0.7953 -0.3754
vn 0.1574 -0.8456 -0.5100
vn 0.0559 -0.8564 -0.5133
vn 0.4326 -0.8104 -0.3951
vn 0.5118 -0.7964 -0.3221
vn 0.2117 -0.8736 -0.4382
vn 0.4033 -0.6483 -0.6458
vn 0.5002 -0.7172 -0.4851
vn 0.0368 -0.9431 -0.3305
vn -0.1752 -0.8293 -0.5307
vn -0.1488 -0.9266 -0.3455
vn 0.0086 -0.9743 -0.2251
vn 0.2542 -0.9340 0.2509
vn 0.7265 -0.4782 0.4934
vn 0.7039 -0.4169 0.5751
vn 0.4402 -0.8226 0.3600
vn 0.6432 -0.4097 0.6469
vn 0.4293 -0.8740 0.2278
vn 0.5459 -0.8360 0.0564
vn 0.0829 -0.9962 -0.0261
vn 0.8067 -0.5910 0.0045
vn 0.7648 -0.5047 0.4005
vn 0.4456 -0.7104 0.5448
vn -0.0588 -0.8734 0.4834
vn 0.6477 -0.7101 -0.2761
vn 0.6028 -0.5893 -0.5380
vn 0.3020 -0.8443 -0.4427
vn 0.4166 -0.8600 -0.2946
vn 0.5298 -0.8481 -0.0110
vn 0.4541 -0.8896 0.0493
vn 0.4634 -0.6048 -0.6476
vn 0.2345 -0.8543 -0.4639
vn -0.0684 -0.8272 -0.5577
vn 0.0185 -0.7543 -0.6562
vn -0.0260 -0.8339 -0.5513
vn -0.2712 -0.9328 -0.2374
vn -0.4830 -0.8576 0.1769
vn -0.6807 -0.7318 -0.0328
vn -0.3861 -0.8757 -0.2899
vn -0.3295 -0.9386 -0.1024
vn -0.4224 -0.8926 -0.1577
vn -0.7674 -0.6313 0.1117
vn -0.8545 -0.5032 0.1289
vn -0.2065 -0.9772 -0.0491
vn -0.6757 -0.7188 0.1635
vn 0.0314 -0.9789 0.2019
vn -0.5962 -0.7988 0.0811
vn 0.7422 -0.6695 -0.0299
vn 0.5314 -0.8369 0.1313
vn 0.7101 -0.4912 0.5045
vn 0.8165 -0.4692 0.3364
vn 0.4417 -0.8629 0.2456
vn 0.6222 -0.4348 0.6510
vn -0.6099 -0.6301 0.4807
vn -0.8243 -0.5526 0.1232
vn -0.1456 -0.6248 0.7671
vn -0.2115 -0.2434 0.9466
vn -0.6722 -0.2706 0.6891
vn -0.9351 -0.2274 0.2719
vn -0.6496 0.0270 0.7598
vn -0.9397 -0.0319 0.3406
vn -0.2565 0.0554 0.9650
vn -0.2509 0.1482 0.9566
vn -0.6108 0.0725 0.7885
vn -0.9325 0.0134 0.3610
vn 0.8251 -0.2528 0.5053
vn 0.6975 -0.3748 0.6108
vn 0.7742 -0.1995 0.6007
vn 0.7858 0.0624 0.6153
vn 0.7447 0.1031 0.6593
vn 0.6200 -0.0618 0.7822
vn 0.3330 -0.4932 0.8037
vn 0.2102 -0.1800 0.9609
vn 0.1363 0.0991 0.9857
vn 0.1386 0.2135 0.9671
vn 0.5640 0.2060 0.7997
vn 0.5533 0.2491 0.7949
vn -0.9979 -0.0645 -0.0012
vn -0.9952 -0.0841 0.0505
vn -0.9953 -0.0964 -0.0079
vn -0.9957 -0.0888 -0.0277
vn 0.1484 0.2030 0.9679
vn -0.2177 0.1438 0.9654
vn 0.5619 0.2369 0.7925
vn 0.1522 0.1902 0.9699
vn 0.5694 0.2184 0.7925
vn -0.2031 0.1436 0.9686
vn -0.5903 0.0683 0.8043
vn -0.9332 0.0050 0.3593
vn -0.5804 0.0731 0.8110
vn -0.9305 -0.0265 0.3654
vn -0.9930 -0.1009 0.0618
vn -0.9940 -0.0932 0.0568
vn -0.9951 -0.0978 0.0130
vn -0.9936 -0.0985 0.0559
vn -0.9940 -0.0944 0.0546
vn -0.9049 -0.0552 0.4221
vn -0.9132 -0.0491 0.4045
vn -0.9110 -0.0476 0.4096
vn -0.5582 0.0593 0.8276
vn -0.9214 -0.0485 0.3855
vn -0.1962 0.1321 0.9716
vn -0.1920 0.1187 0.9742
vn -0.5433 0.0559 0.8377
vn -0.9945 -0.0922 0.0504
vn -0.9253 -0.0462 0.3763
vn -0.9904 -0.1374 0.0142
vn -0.9326 -0.0898 0.3495
vn -0.5287 0.0477 0.8474
vn -0.1967 0.1149 0.9737
vn -0.1926 0.1004 0.9761
vn -0.5267 0.0395 0.8491
vn 0.1284 0.1679 0.9774
vn 0.5678 0.1956 0.7996
vn 0.5425 0.1863 0.8191
vn 0.0964 0.1562 0.9830
vn 0.0663 0.1434 0.9874
vn 0.4942 0.1592 0.8546
vn 0.4388 0.1610 0.8840
vn 0.0281 0.1318 0.9909
vn 0.0083 0.1278 0.9918
vn -0.2006 0.0969 0.9749
vn 0.4072 0.1616 0.8989
vn 0.3685 0.1483 0.9177
vn 0.0005 0.1266 0.9919
vn -0.2183 0.1038 0.9703
vn -0.5628 0.0446 0.8254
vn -0.5911 0.0323 0.8060
vn 0.1475 0.2647 0.9530
vn 0.2592 0.3337 0.9063
vn 0.4500 0.2860 0.8460
vn 0.5478 0.2739 0.7905
vn 0.6267 0.2079 0.7510
vn 0.7328 0.0112 0.6803
vn 0.7078 0.2075 0.6752
vn 0.7913 0.1087 0.6017
vn 0.8380 0.1759 0.5165
vn 0.8598 0.1426 0.4903
vn 0.8625 0.1809 0.4726
vn 0.8647 0.1556 0.4775
vn 0.8668 0.1733 0.4675
vn 0.7700 0.2055 0.6040
vn 0.6603 -0.1900 0.7265
vn 0.8079 -0.0874 0.5828
vn 0.8628 -0.0386 0.5041
vn 0.8636 -0.0136 0.5040
vn 0.7588 0.1781 0.6265
vn 0.7465 0.1516 0.6479
vn 0.7704 0.1761 0.6127
vn 0.7903 0.1564 0.5924
vn 0.8552 0.1789 0.4865
vn 0.7967 0.1854 0.5753
vn 0.8257 0.2128 0.5225
vn 0.2523 0.2494 0.9349
vn 0.4918 0.2360 0.8381
vn 0.4642 0.2203 0.8579
vn 0.2640 0.1614 0.9509
vn 0.0870 0.2125 0.9733
vn 0.1014 0.1324 0.9860
vn 0.6885 0.2463 0.6821
vn 0.7209 0.2054 0.6618
vn -0.0026 0.1525 0.9883
vn -0.0082 0.0933 0.9956
vn 0.0371 0.0902 0.9952
vn 0.0479 0.0347 0.9982
vn 0.0309 0.0802 0.9963
vn 0.0982 0.1015 0.9900
vn 0.1261 0.0134 0.9919
vn 0.2438 0.0329 0.9693
vn 0.1243 0.1675 0.9780
vn 0.1362 0.1301 0.9821
vn 0.3015 0.0649 0.9513
vn 0.2800 0.1361 0.9503
vn 0.2671 -0.1487 0.9521
vn 0.2694 -0.0356 0.9624
vn 0.4709 -0.4874 0.7353
vn 0.5330 -0.5768 0.6190
vn 0.5065 -0.6591 0.5559
vn 0.6271 -0.5120 0.5869
vn 0.6220 -0.3328 0.7088
vn 0.4796 -0.5617 0.6741
vn 0.4522 -0.5021 0.7371
vn 0.5742 -0.2196 0.7887
vn 0.4578 -0.1662 0.8734
vn 0.3799 -0.4785 0.7917
vn 0.2911 -0.5279 0.7979
vn 0.3423 -0.1489 0.9277
vn 0.2400 -0.1460 0.9597
vn 0.2348 -0.6050 0.7608
vn 0.2126 -0.6645 0.7164
vn 0.1685 -0.1620 0.9723
vn 0.1080 -0.2342 0.9662
vn 0.2099 -0.7297 0.6508
vn 0.2388 -0.7803 0.5781
vn 0.0618 -0.3116 0.9482
vn 0.0226 -0.3849 0.9227
vn 0.2788 -0.8014 0.5291
vn 0.7143 -0.0326 0.6991
vn 0.3032 -0.0735 0.9501
vn 0.5831 -0.4356 0.6857
vn 0.0002 -0.3490 0.9371
vn 0.3548 -0.7451 0.5647
vn -0.0250 -0.4395 0.8979
vn -0.0511 -0.0196 0.9985
vn -0.2305 0.0049 0.9731
vn -0.1767 -0.1679 0.9698
vn -0.2156 -0.1421 0.9661
vn -0.8398 -0.3263 0.4339
vn -0.5829 -0.0867 0.8079
vn -0.2947 -0.2313 0.9272
vn -0.4613 -0.5760 0.6749
vn -0.9223 -0.3791 0.0751
vn -0.6663 -0.7360 0.1200
vn -0.4003 -0.9054 0.1413
vn -0.2342 -0.9465 0.2222
vn -0.4294 -0.6865 0.5868
vn -0.3981 -0.7140 0.5760
vn -0.1389 -0.9273 0.3477
vn -0.1283 -0.8661 0.4831
vn -0.4317 -0.6634 0.6112
vn -0.5118 -0.5805 0.6333
vn -0.3059 -0.7287 0.6127
vn -0.4654 -0.6457 0.6053
vn -0.5680 -0.5142 0.6427
vn -0.6006 -0.5085 0.6170
vn -0.6894 -0.6768 0.2583
vn -0.6950 -0.7165 0.0602
vn -0.6815 -0.7122 0.1681
vn -0.7109 -0.5650 0.4188
vn -0.5164 -0.6755 0.5262
vn -0.5132 -0.7404 0.4340
vn -0.6555 -0.5372 0.5308
vn -0.7473 -0.5547 0.3658
vn -0.8993 -0.3935 0.1911
vn -0.6720 -0.6708 0.3139
vn -0.5215 -0.8063 0.2792
vn -0.5797 -0.7869 0.2115
vn -0.7523 -0.6363 0.1710
vn -0.7354 -0.6435 0.2125
vn -0.7121 -0.1156 0.6925
vn -0.7678 -0.4380 0.4675
vn -0.8157 -0.3085 0.4894
vn -0.8145 -0.0988 0.5717
vn -0.6760 -0.0072 0.7369
vn -0.7841 -0.0932 0.6136
vn -0.7440 -0.0805 0.6633
vn -0.6581 0.0318 0.7523
vn -0.6239 0.0491 0.7800
vn -0.6871 -0.0654 0.7236
vn -0.5782 -0.0350 0.8151
vn -0.5380 0.0474 0.8416
vn -0.4878 0.0662 0.8704
vn -0.5091 0.0016 0.8607
vn -0.5570 0.0957 0.8250
vn -0.5705 0.0352 0.8206
vn -0.9865 -0.0562 0.1539
vn -0.9618 -0.0409 0.2708
vn -0.9373 -0.0031 0.3485
vn -0.8688 -0.0081 0.4951
vn -0.6933 0.0743 0.7168
vn -0.8178 0.0534 0.5730
vn -0.7132 -0.0030 0.7009
vn -0.8916 0.0286 0.4519
vn 0.2989 -0.8952 0.3306
vn 0.2518 -0.9300 0.2678
vn 0.2696 -0.6343 0.7245
vn 0.2610 -0.6157 0.7435
vn 0.2091 -0.2537 0.9444
vn 0.2420 -0.3488 0.9054
vn 0.0852 -0.2520 0.9640
vn 0.2043 -0.6068 0.7681
vn 0.3300 -0.8743 0.3558
vn -0.0105 -0.5893 0.8078
vn -0.2093 -0.1910 0.9590
vn -0.3049 -0.0572 0.9507
vn -0.2179 -0.5406 0.8126
vn 0.1972 -0.8956 0.3988
vn -0.0282 -0.9356 0.3520
vn 0.1701 -0.9437 0.2836
vn -0.2314 -0.4101 0.8822
vn -0.1285 -0.2436 0.9613
vn 0.2805 -0.8407 0.4633
vn 0.0310 -0.9792 0.2007
vn -0.2356 -0.4027 0.8845
vn -0.3242 -0.6429 0.6939
vn -0.1338 -0.9482 0.2882
vn -0.3562 -0.2575 0.8982
vn -0.3880 -0.5043 0.7714
vn -0.3740 -0.7272 0.5756
vn -0.1697 -0.9658 0.1962
vn -0.3985 -0.7750 0.4905
vn -0.1278 -0.9834 0.1285
vn -0.5233 -0.5835 0.6211
vn -0.5431 -0.5171 0.6615
vn -0.3189 -0.7956 0.5150
vn -0.0146 -0.9856 0.1683
vn -0.2826 -0.8214 0.4954
vn 0.0226 -0.9790 0.2026
vn -0.5672 -0.4767 0.6716
vn -0.6274 -0.5432 0.5580
vn -0.2755 -0.8583 0.4328
vn 0.0085 -0.9737 0.2278
vn 0.3445 -0.6735 0.6539
vn 0.4176 -0.3581 0.8351
vn 0.3847 -0.3353 0.8600
vn 0.3466 -0.6455 0.6806
vn 0.2237 -0.9443 0.2412
vn 0.1882 -0.9395 0.2862
vn 0.1860 -0.9196 0.3459
vn 0.3466 -0.8098 0.4734
vn 0.4817 -0.4756 0.7361
vn 0.3202 -0.7403 0.5912
vn -0.3319 -0.8434 0.4226
vn -0.0469 -0.9705 0.2366
vn -0.5647 -0.6645 0.4895
vn -0.2644 -0.9167 0.2997
vn -0.0769 -0.9260 0.3695
vn -0.0358 -0.9634 0.2658
vn -0.7435 -0.4115 0.5272
vn -0.6976 -0.5778 0.4236
vn -0.6960 -0.1965 0.6906
vn -0.1589 -0.8869 0.4338
vn -0.1853 -0.8504 0.4924
vn -0.6403 -0.0605 0.7658
vn -0.5947 0.0295 0.8034
vn -0.2184 -0.8352 0.5047
vn -0.8836 -0.2073 0.4199
vn -0.8474 -0.2255 0.4808
vn -0.8334 -0.0069 0.5526
vn -0.8878 -0.0450 0.4580
vn -0.8861 -0.2881 0.3631
vn -0.9246 -0.1058 0.3660
vn -0.8371 -0.3977 0.3756
vn -0.7796 0.1671 0.6036
vn -0.8574 0.1204 0.5004
vn -0.8957 0.0441 0.4425
vn 0.3051 -0.7696 0.5609
vn 0.0205 -0.0359 0.9991
vn 0.1439 0.1295 0.9811
vn 0.3292 -0.7373 0.5899
vn 0.0405 -0.3067 0.9509
vn -0.0953 -0.0040 0.9954
vn -0.2050 -0.0070 0.9787
vn -0.1251 -0.3213 0.9387
vn 0.2723 -0.8095 0.5202
vn 0.1161 -0.8789 0.4627
vn 0.2155 -0.2791 0.9358
vn 0.3899 -0.7266 0.5657
vn 0.0579 -0.0031 0.9983
vn -0.1356 0.2214 0.9657
vn 0.0295 0.3308 0.9432
vn -0.2711 0.1765 0.9462
vn 0.2460 -0.7048 0.6654
vn 0.1850 -0.6953 0.6945
vn 0.2514 0.1624 0.9542
vn 0.3949 0.0805 0.9152
vn 0.3161 -0.7283 0.6080
vn 0.5147 -0.0593 0.8553
vn 0.2205 -0.7321 0.6445
vn 0.1697 0.1845 0.9681
vn 0.5087 -0.2092 0.8352
vn 0.4293 0.1239 0.8946
vn 0.2528 0.0583 0.9658
vn 0.3677 -0.2883 0.8841
vn 0.4629 -0.5896 0.6619
vn 0.5487 -0.4094 0.7289
vn 0.5917 -0.1027 0.7996
vn 0.6135 -0.2092 0.7615
vn 0.5306 0.0916 0.8427
vn 0.6079 0.0215 0.7937
vn 0.4423 0.2897 0.8488
vn 0.5505 0.2478 0.7972
vn 0.3015 0.3437 0.8894
vn 0.1607 0.3834 0.9095
vn -0.1036 -0.9713 0.2141
vn -0.3692 -0.2723 0.8885
vn -0.2828 -0.9314 0.2291
vn -0.5279 -0.0752 0.8460
vn -0.2879 -0.8708 0.3985
vn -0.5697 0.0408 0.8209
vn -0.2627 0.0109 0.9648
vn -0.3378 0.1916 0.9215
vn -0.2906 0.2312 0.9285
vn -0.2666 0.0325 0.9633
vn -0.7093 0.2423 0.6619
vn -0.7818 0.0386 0.6223
vn -0.6608 0.0692 0.7474
vn -0.6264 0.2928 0.7224
vn -0.3436 0.2459 0.9063
vn -0.3395 0.0213 0.9404
vn -0.4695 0.2627 0.8430
vn -0.4485 0.0325 0.8932
vn -0.5558 0.2868 0.7803
vn -0.5471 0.0543 0.8353
vn -0.8025 -0.2430 0.5450
vn -0.7343 -0.5315 0.4222
vn -0.5659 -0.7089 0.4211
vn -0.6894 -0.2495 0.6801
vn -0.1825 -0.3100 0.9331
vn 0.0589 -0.9036 0.4243
vn -0.2026 -0.2977 0.9329
vn 0.0124 -0.9001 0.4354
vn -0.5343 -0.2547 0.8060
vn -0.3589 -0.8213 0.4434
vn -0.1957 -0.8641 0.4636
vn -0.4117 -0.2767 0.8683
vn -0.2902 -0.2994 0.9089
vn -0.0628 -0.8931 0.4455
vn -0.3973 0.0533 0.9161
vn -0.3135 0.0660 0.9473
vn -0.3225 0.2128 0.9223
vn -0.3451 0.0827 0.9349
vn -0.0122 0.0008 0.9999
vn -0.0807 0.0560 0.9952
vn 0.1283 -0.0774 0.9887
vn 0.1203 0.0806 0.9895
vn 0.2477 -0.0686 0.9664
vn 0.2998 0.2507 0.9205
vn 0.4348 -0.0046 0.9005
vn 0.4466 0.2689 0.8534
vn 0.5215 -0.0039 0.8532
vn 0.5128 0.1544 0.8445
vn 0.5874 -0.1150 0.8011
vn 0.5014 -0.0198 0.8650
vn 0.5456 -0.5662 0.6179
vn 0.4852 -0.3864 0.7844
vn 0.3569 -0.7268 0.5868
vn 0.2152 -0.6558 0.7236
vn 0.4800 -0.2300 0.8466
vn 0.1998 -0.4510 0.8699
vn 0.5294 0.1567 0.8338
vn 0.6168 -0.0234 0.7868
vn 0.5381 -0.0453 0.8417
vn 0.4181 0.0108 0.9084
vn 0.5828 -0.2362 0.7775
vn 0.4851 -0.4827 0.7292
vn 0.4085 -0.4927 0.7683
vn 0.5314 -0.2129 0.8200
vn 0.3160 -0.7658 0.5600
vn 0.2260 -0.9254 0.3041
vn -0.0455 -0.7224 0.6899
vn 0.1805 -0.7137 0.6768
vn 0.1547 -0.9821 0.1076
vn 0.0799 -0.9962 0.0357
vn -0.1317 -0.6569 0.7424
vn -0.1647 -0.5760 0.8007
vn 0.1701 -0.9831 0.0676
vn 0.1945 -0.9778 0.0779
vn -0.0403 -0.5333 0.8450
vn -0.1076 -0.5333 0.8390
vn 0.1617 -0.9813 0.1041
vn 0.1132 -0.9817 0.1533
vn -0.0792 -0.5941 0.8005
vn -0.0465 -0.5515 0.8328
vn 0.0010 -0.9723 0.2338
vn -0.1564 -0.6599 0.7349
vn -0.2542 -0.9218 0.2926
vn -0.2715 -0.7274 0.6303
vn -0.5719 -0.7389 0.3563
vn -0.4925 -0.7127 0.4996
vn -0.7810 -0.4937 0.3824
vn -0.7242 -0.5251 0.4469
vn -0.8766 -0.3129 0.3657
vn -0.8658 -0.3088 0.3937
vn -0.9326 -0.1569 0.3251
vn -0.9021 -0.1640 0.3992
vn -0.9079 -0.1006 0.4069
vn -0.5991 -0.6704 0.4377
vn -0.3840 -0.7260 0.5705
vn -0.8098 -0.3086 0.4990
vn -0.2081 -0.9548 0.2123
vn -0.6569 -0.6890 0.3063
vn -0.8136 -0.4423 0.3774
vn -0.4258 -0.8708 0.2457
vn -0.7851 -0.3548 0.5076
vn -0.8085 -0.1747 0.5619
vn -0.8335 -0.0569 0.5496
vn -0.8623 -0.1797 0.4735
vn 0.2685 -0.9138 0.3047
vn -0.1586 -0.8370 0.5237
vn 0.2247 -0.8708 0.4373
vn -0.3272 -0.7848 0.5264
vn -0.7443 -0.1601 0.6484
vn -0.7962 -0.0075 0.6050
vn -0.7195 -0.2197 0.6589
vn -0.7608 0.0383 0.6479
vn -0.7955 0.0947 0.5985
vn -0.7838 0.1300 0.6073
vn -0.7894 0.0553 0.6113
vn -0.8198 -0.0035 0.5726
vn -0.7613 0.1114 0.6387
vn -0.7942 0.0837 0.6019
vn -0.4766 -0.8424 -0.2514
vn -0.5333 -0.7819 -0.3230
vn -0.7236 -0.6871 0.0647
vn -0.6021 -0.7348 0.3125
vn -0.2455 0.0324 0.9689
vn -0.1929 0.0623 0.9792
vn -0.4650 0.1426 0.8737
vn -0.4047 -0.1093 0.9079
vn -0.6806 -0.2111 0.7015
vn -0.6828 0.1199 0.7207
vn -0.6968 0.0284 0.7167
vn -0.7625 -0.1048 0.6384
vn -0.5028 -0.0873 0.8600
vn -0.5496 -0.3051 0.7777
vn -0.1227 -0.9527 -0.2781
vn -0.2388 -0.9307 0.2772
vn -0.0285 -0.9615 0.2732
vn 0.0449 -0.9383 -0.3429
vn 0.3525 -0.8853 -0.3034
vn 0.7376 -0.6651 0.1171
vn 0.2143 -0.9376 0.2739
vn 0.5562 -0.6326 0.5389
vn 0.0682 -0.6713 0.7381
vn 0.3099 -0.4528 0.8360
vn -0.1079 -0.7543 0.6476
vn -0.1435 -0.6279 0.7649
vn -0.1103 -0.4087 0.9060
vn 0.1433 -0.0540 0.9882
vn 0.7236 -0.3848 0.5730
vn 0.5425 -0.4135 0.7312
vn 0.5949 -0.4116 0.6904
vn 0.5180 -0.4617 0.7201
vn 0.5294 -0.3522 0.7718
vn 0.4087 -0.2826 0.8678
vn 0.3801 -0.0983 0.9197
vn 0.8468 -0.3396 0.4095
vn -0.2480 -0.3141 0.9164
vn -0.3282 -0.1430 0.9337
vn -0.0434 0.0891 0.9951
vn -0.3933 -0.7103 0.5838
vn -0.6091 -0.4428 0.6580
vn -0.7037 -0.3572 0.6142
vn -0.5841 -0.5782 0.5696
vn -0.7109 -0.2545 0.6556
vn -0.7651 -0.2728 0.5833
vn -0.7804 -0.3227 0.5356
vn -0.7400 -0.5775 0.3449
vn -0.7301 -0.4591 0.5062
vn -0.6607 -0.3202 0.6789
vn -0.5089 -0.5114 0.6925
vn -0.2829 -0.6868 0.6695
vn -0.2318 -0.4676 0.8530
vn -0.1824 -0.1684 0.9687
vn 0.5914 -0.5177 0.6183
vn 0.3897 -0.7840 0.4832
vn 0.4629 -0.2748 0.8427
vn 0.0884 -0.6286 0.7727
vn 0.2800 0.0688 0.9575
vn 0.2277 0.1976 0.9535
vn 0.2565 -0.1066 0.9607
vn 0.3357 0.1678 0.9269
vn 0.0432 -0.9989 -0.0160
vn -0.1616 -0.9839 0.0761
vn 0.1677 0.2327 0.9580
vn 0.3355 0.3089 0.8900
vn -0.0705 -0.9935 0.0897
vn -0.4989 -0.8418 0.2059
vn -0.5964 -0.7819 -0.1817
vn -0.8024 -0.3097 0.5101
vn -0.8203 -0.0875 0.5653
vn -0.7458 0.1358 0.6522
vn 0.1665 -0.4177 0.8932
vn 0.2818 -0.3304 0.9008
vn 0.2533 -0.2697 0.9290
vn 0.2553 -0.3072 0.9168
vn 0.0242 -0.5286 0.8485
vn 0.2593 -0.4097 0.8746
vn 0.1239 -0.3241 0.9379
vn 0.3617 -0.1614 0.9182
vn 0.2879 -0.3340 0.8975
vn 0.2271 -0.4337 0.8720
vn 0.4549 -0.2208 0.8627
vn 0.3741 -0.4131 0.8303
vn 0.3942 -0.3021 0.8679
vn 0.3945 -0.2749 0.8768
vn 0.1832 -0.4432 0.8775
vn -0.0162 -0.2547 0.9669
vn 0.1438 -0.1099 0.9835
vn 0.2680 -0.2266 0.9364
vn -0.1300 -0.0610 0.9896
vn -0.1995 0.0438 0.9789
vn -0.1220 0.0043 0.9925
vn 0.0152 -0.0435 0.9989
vn -0.2265 0.0861 0.9702
vn -0.2325 0.0784 0.9694
vn -0.2572 -0.0019 0.9664
vn -0.2115 0.0195 0.9772
vn -0.2674 0.0238 0.9633
vn -0.3244 -0.0438 0.9449
vn -0.3207 -0.0590 0.9453
vn -0.4038 -0.0969 0.9097
vn -0.4164 -0.1711 0.8929
vn -0.5151 -0.1494 0.8440
vn -0.5164 -0.3287 0.7908
vn -0.6083 -0.1856 0.7717
vn -0.5847 -0.4706 0.6608
vn -0.6744 -0.2722 0.6864
vn -0.7142 -0.4579 0.5293
vn -0.7272 -0.3438 0.5941
vn -0.8029 -0.3193 0.5033
vn -0.7734 -0.2288 0.5912
vn -0.6370 -0.3765 0.6727
vn -0.7512 -0.3036 0.5861
vn -0.5125 -0.4512 0.7306
vn -0.1562 -0.7316 0.6636
vn -0.3084 -0.6766 0.6687
vn -0.3262 -0.5575 0.7634
vn -0.5165 -0.7467 0.4191
vn -0.7740 -0.3624 0.5192
vn -0.7207 -0.3162 0.6170
vn -0.5792 -0.5430 0.6081
vn -0.8351 -0.1697 0.5232
vn -0.7859 -0.1103 0.6084
vn -0.5419 -0.0909 0.8355
vn -0.6192 -0.1538 0.7700
vn -0.6544 -0.2436 0.7158
vn -0.5819 -0.1386 0.8013
vn -0.5755 -0.0350 0.8171
vn -0.5896 -0.0728 0.8044
vn -0.6819 -0.1366 0.7186
vn -0.8618 -0.1772 0.4752
vn -0.8585 -0.0978 0.5033
vn -0.7137 -0.0589 0.6979
vn -0.8275 -0.4196 0.3730
vn -0.8888 -0.3986 0.2263
vn -0.9150 -0.2860 -0.2847
vn -0.9871 -0.1307 -0.0927
vn -0.9054 -0.2412 0.3495
vn -0.9942 0.0766 0.0750
vn -0.4429 -0.3541 0.8237
vn -0.3261 -0.4567 0.8277
vn -0.2248 -0.5243 0.8213
vn -0.8941 -0.4256 -0.1394
vn -0.4965 -0.4575 0.7376
vn -0.8683 -0.4777 -0.1336
vn -0.7396 -0.0672 0.6697
vn -0.5794 -0.1238 0.8056
vn -0.6999 -0.2351 0.6744
vn -0.5832 -0.2926 0.7578
vn 0.0711 0.0236 0.9972
vn 0.1312 -0.0308 0.9909
vn 0.1202 0.0286 0.9923
vn 0.0998 -0.1593 0.9822
vn 0.1088 -0.0574 0.9924
vn 0.2401 -0.0919 0.9664
vn -0.6183 -0.1702 0.7673
vn -0.5543 -0.1640 0.8160
vn -0.6794 -0.2863 0.6756
vn -0.6896 -0.3316 0.6438
vn -0.5804 -0.2643 0.7703
vn -0.4733 -0.3696 0.7996
vn -0.6565 -0.4029 0.6377
vn -0.5491 -0.4741 0.6883
vn -0.3336 -0.4591 0.8234
vn -0.3466 -0.3475 0.8713
vn -0.4981 -0.4294 0.7534
vn -0.6395 -0.3952 0.6595
vn -0.5427 -0.5439 0.6400
vn -0.6323 -0.3865 0.6714
vn -0.6643 -0.4799 0.5731
vn -0.4334 -0.5755 0.6935
vn -0.6447 -0.5408 0.5402
vn -0.6134 -0.5416 0.5748
vn -0.5231 -0.4780 0.7056
vn -0.7070 -0.3446 0.6175
vn -0.7000 -0.4341 0.5671
vn -0.7663 -0.3740 0.5224
vn -0.7399 -0.3202 0.5917
vn -0.7332 -0.2803 0.6196
vn -0.7687 -0.3553 0.5319
vn -0.7196 -0.3789 0.5820
vn -0.6802 -0.2661 0.6830
vn -0.5681 -0.2567 0.7819
vn -0.6053 -0.4042 0.6857
vn -0.4642 -0.4217 0.7789
vn -0.4552 -0.2392 0.8576
vn -0.3506 -0.2136 0.9119
vn -0.3336 -0.4261 0.8409
vn -0.1839 -0.4169 0.8901
vn -0.2502 -0.1853 0.9503
vn -0.1161 -0.1868 0.9755
vn 0.0626 -0.2180 0.9739
vn 0.0323 -0.4290 0.9027
vn 0.1822 -0.4066 0.8952
vn 0.1934 -0.2251 0.9550
vn 0.3049 -0.2085 0.9293
vn 0.2919 -0.3551 0.8881
vn 0.4187 -0.3027 0.8562
vn 0.3877 -0.2129 0.8969
vn 0.4289 -0.2713 0.8616
vn 0.4876 -0.2709 0.8300
vn 0.4899 -0.3074 0.8158
vn 0.4147 -0.3353 0.8459
vn 0.3744 -0.4142 0.8296
vn 0.4599 -0.3862 0.7996
vn 0.4697 -0.4198 0.7766
vn 0.3841 -0.4271 0.8186
vn 0.4097 -0.3668 0.8352
vn 0.5099 -0.3787 0.7724
vn 0.5327 -0.3222 0.7826
vn 0.2876 -0.1351 0.9482
vn 0.1883 -0.2078 0.9599
vn 0.1657 -0.1529 0.9743
vn 0.3579 -0.0025 0.9338
vn 0.3921 -0.2764 0.8774
vn 0.4197 -0.2995 0.8568
vn 0.5283 -0.2992 0.7946
vn 0.5191 -0.2949 0.8022
vn 0.7929 0.2199 0.5683
vn 0.7693 0.2514 0.5873
vn 0.7762 0.2882 0.5607
vn 0.7976 0.2379 0.5543
vn 0.6793 0.2376 0.6943
vn 0.4890 0.1938 0.8505
vn 0.6966 0.2548 0.6706
vn 0.5824 0.1248 0.8033
vn 0.3002 0.0724 0.9511
vn 0.3835 -0.0813 0.9200
vn 0.7335 0.2248 0.6414
vn 0.7239 0.2594 0.6392
vn 0.7162 0.2384 0.6560
vn 0.7216 0.3000 0.6239
vn 0.7407 0.2631 0.6181
vn 0.7504 0.3186 0.5791
vn 0.7256 0.3302 0.6037
vn 0.6984 0.3806 0.6062
vn 0.6579 0.4261 0.6210
vn 0.6866 0.2311 0.6893
vn 0.7413 0.3796 0.5536
vn 0.5140 0.3773 0.7703
vn 0.6388 0.4373 0.6330
vn 0.6244 0.4729 0.6217
vn 0.6179 0.4223 0.6632
vn 0.6927 0.2114 0.6895
vn 0.6537 0.2217 0.7236
vn 0.8659 0.2283 0.4451
vn 0.6781 -0.0248 0.7346
vn 0.7335 -0.0527 0.6776
vn 0.8729 -0.0838 0.4806
vn 0.6827 -0.1045 0.7232
vn 0.6748 0.1577 0.7210
vn 0.6653 0.3146 0.6770
vn 0.1577 -0.1705 0.9727
vn 0.0248 -0.2665 0.9635
vn 0.0086 -0.3280 0.9446
vn 0.1973 -0.2650 0.9438
vn 0.3431 -0.1526 0.9268
vn 0.4144 -0.2178 0.8836
vn 0.5991 0.0953 0.7950
vn 0.4328 -0.0911 0.8969
vn -0.9159 -0.3818 0.1237
vn -0.9425 -0.2590 0.2111
vn -0.9576 -0.1283 0.2581
vn -0.9657 -0.1938 0.1730
vn -0.9835 0.0187 0.1799
vn -0.9705 0.0841 0.2258
vn -0.9931 -0.0756 0.0894
vn -0.9328 -0.3466 0.0992
vn -0.9972 -0.0511 0.0549
vn -0.9944 -0.0940 0.0485
vn -0.9930 -0.0740 0.0919
vn -0.9937 -0.0371 0.1055
vn -0.9528 -0.0720 0.2949
vn -0.9629 -0.0758 0.2591
vn -0.6069 -0.2971 0.7372
vn -0.8916 -0.2587 0.3715
vn -0.6716 -0.3425 0.6570
vn -0.9754 -0.0972 0.1978
vn -0.9832 -0.0672 0.1698
vn -0.9684 0.2389 0.0710
vn -0.9744 -0.0887 0.2064
vn -0.9899 0.0207 0.1400
vn -0.9955 0.0165 0.0935
vn -0.9949 -0.0294 0.0964
vn -0.9708 0.1855 0.1519
vn -0.9890 0.0639 0.1336
vn -0.9972 -0.0096 0.0741
vn -0.9980 0.0028 0.0638
vn -0.9981 -0.0124 0.0610
vn 0.2205 -0.9473 0.2324
vn 0.8682 -0.4362 0.2365
vn 0.4990 -0.7675 0.4023
vn 0.6973 -0.2390 0.6757
vn 0.9196 -0.0136 0.3925
vn 0.5822 -0.0923 0.8078
vn 0.2203 -0.1898 0.9568
vn 0.0021 -0.1906 0.9817
vn 0.0667 -0.2976 0.9524
vn 0.2369 -0.0172 0.9714
vn 0.4104 -0.2093 0.8876
vn 0.2537 -0.2759 0.9271
vn 0.4705 -0.2854 0.8350
vn 0.4474 -0.2658 0.8539
vn 0.2255 -0.3078 0.9244
vn 0.4060 0.2016 0.8914
vn 0.3262 0.0491 0.9440
vn 0.4751 -0.1467 0.8676
vn 0.3326 -0.2652 0.9050
vn 0.4979 -0.2895 0.8175
vn -0.9136 -0.3418 0.2203
vn -0.4616 -0.0067 0.8870
vn -0.0869 0.4907 0.8670
vn -0.6908 0.0872 0.7178
vn -0.9466 -0.2866 0.1478
vn -0.8513 0.0446 0.5227
vn -0.9335 -0.3563 0.0402
vn -0.9367 -0.3400 0.0830
vn -0.6567 -0.5531 0.5126
vn -0.9542 -0.2675 0.1340
vn -0.9467 -0.3130 0.0757
vn -0.8750 0.0351 0.4828
vn -0.8613 0.0620 0.5043
vn -0.9581 -0.2440 0.1499
vn -0.9543 -0.2770 0.1118
vn -0.7676 -0.5682 -0.2967
vn -0.9312 -0.3608 0.0520
vn -0.9404 -0.3381 0.0360
vn -0.8298 -0.5146 -0.2160
vn -0.3019 -0.7077 -0.6388
vn -0.2024 -0.6511 -0.7315
vn -0.9002 -0.4261 -0.0899
vn -0.6488 -0.5302 -0.5459
vn -0.9148 -0.4033 -0.0245
vn -0.9406 -0.3327 0.0669
vn -0.9290 -0.3685 0.0345
vn -0.9493 -0.3034 0.0819
vn -0.9608 -0.2655 0.0795
vn -0.9612 -0.2483 0.1203
vn -0.9065 0.0077 0.4222
vn -0.9691 -0.0044 0.2467
vn -0.9579 -0.2865 0.0162
vn -0.9572 -0.2892 0.0133
vn -0.9518 -0.3066 -0.0017
vn -0.9530 -0.2996 -0.0449
vn -0.8943 -0.4144 -0.1690
vn -0.8286 -0.5136 -0.2228
vn -0.4181 -0.7423 -0.5236
vn -0.3206 -0.7425 -0.5881
vn -0.9580 -0.2841 0.0377
vn -0.9507 -0.3087 -0.0286
vn -0.9485 -0.3109 -0.0604
vn -0.9835 -0.1638 0.0764
vn -0.8771 0.2795 0.3907
vn -0.9601 0.1887 0.2065
vn -0.9669 -0.2430 -0.0772
vn -0.9370 -0.3205 -0.1388
vn -0.8385 -0.4945 -0.2287
vn -0.8545 -0.4616 -0.2381
vn -0.3310 -0.8403 -0.4293
vn -0.3901 -0.7825 -0.4852
vn -0.9434 -0.3170 -0.0979
vn -0.9400 -0.3064 -0.1503
vn -0.9424 -0.3226 -0.0884
vn -0.9358 -0.3197 -0.1485
vn -0.9346 -0.2828 -0.2158
vn -0.9296 -0.2930 -0.2235
vn -0.9925 0.1183 -0.0319
vn -0.9673 0.1495 -0.2051
vn -0.9109 -0.2504 -0.3279
vn -0.9065 -0.2594 -0.3332
vn -0.7833 -0.5260 -0.3312
vn -0.5421 -0.7470 -0.3849
vn 0.0310 -0.9575 -0.2869
vn -0.1770 -0.8891 -0.4222
vn -0.9384 -0.2653 -0.2215
vn -0.8960 -0.2856 -0.3402
vn -0.9278 -0.2940 -0.2296
vn -0.9098 -0.2536 -0.3285
vn -0.8864 -0.2285 -0.4026
vn -0.8943 -0.2048 -0.3979
vn -0.9193 -0.0095 -0.3934
vn -0.8582 0.0584 -0.5099
vn -0.8550 -0.2080 -0.4751
vn -0.8484 -0.2060 -0.4876
vn -0.5332 -0.7717 -0.3465
vn -0.8610 -0.2890 -0.4185
vn -0.7914 -0.3151 -0.5238
vn -0.5450 -0.7500 -0.3747
vn -0.0461 -0.9875 -0.1504
vn -0.0886 -0.9954 -0.0378
vn -0.8902 -0.2156 -0.4013
vn -0.8263 -0.2381 -0.5105
vn -0.7622 -0.2147 -0.6107
vn -0.7533 -0.2910 -0.5898
vn -0.7014 0.2760 -0.6572
vn -0.4470 0.5540 -0.7023
vn -0.6131 0.0149 -0.7898
vn -0.5867 -0.3672 -0.7218
vn -0.5048 -0.7332 -0.4555
vn -0.6730 -0.3759 -0.6370
vn -0.5493 -0.3685 -0.7500
vn -0.4804 -0.5953 -0.6441
vn -0.1664 -0.9849 -0.0481
vn -0.1495 -0.9747 -0.1662
vn -0.7260 -0.2940 -0.6217
vn -0.5524 -0.4065 -0.7277
vn -0.3784 0.0968 -0.9206
vn -0.3791 -0.3301 -0.8645
vn -0.2841 0.5834 -0.7609
vn -0.2361 0.0686 -0.9693
vn -0.2191 0.4543 -0.8635
vn -0.2300 -0.2590 -0.9381
vn -0.3268 -0.5538 -0.7658
vn -0.3662 -0.4112 -0.8348
vn -0.2422 -0.3525 -0.9039
vn -0.2196 -0.4970 -0.8395
vn -0.2325 -0.8302 -0.5067
vn -0.0770 -0.8644 -0.4969
vn -0.3754 -0.3930 -0.8394
vn -0.2314 -0.3431 -0.9103
vn -0.1705 -0.0673 -0.9831
vn -0.1057 -0.1034 -0.9890
vn -0.1102 -0.3202 -0.9409
vn -0.1586 -0.3131 -0.9364
vn -0.1632 0.2993 -0.9401
vn -0.0905 0.2085 -0.9738
vn -0.1591 -0.3354 -0.9286
vn -0.1023 -0.2737 -0.9564
vn -0.0758 -0.6308 -0.7723
vn -0.1364 -0.4743 -0.8697
vn 0.0126 -0.9749 -0.2224
vn -0.0473 -0.8287 -0.5577
vn -0.1501 -0.3335 -0.9307
vn -0.1050 -0.3457 -0.9325
vn -0.0362 -0.0940 -0.9949
vn 0.0175 0.1027 -0.9946
vn 0.0089 -0.2384 -0.9711
vn -0.0527 -0.3411 -0.9385
vn -0.0028 0.2549 -0.9670
vn 0.0180 0.3891 -0.9210
vn 0.0076 -0.5510 -0.8344
vn 0.0147 -0.8868 -0.4619
vn -0.0078 -0.9029 -0.4298
vn -0.0378 -0.4816 -0.8756
vn -0.0450 -0.3329 -0.9419
vn -0.0020 -0.3887 -0.9214
vn -0.0517 -0.3938 -0.9177
vn -0.0003 -0.3990 -0.9169
vn 0.0271 -0.2360 -0.9714
vn 0.0047 0.0462 -0.9989
vn -0.0317 0.3464 -0.9375
vn 0.0768 -0.0969 -0.9923
vn 0.0392 0.1701 -0.9847
vn 0.1017 -0.2419 -0.9650
vn 0.0208 -0.3636 -0.9313
vn 0.0973 -0.5034 -0.8585
vn 0.1002 -0.8098 -0.5781
vn 0.0165 -0.6882 -0.7254
vn 0.0231 -0.3402 -0.9401
vn 0.1027 -0.3525 -0.9302
vn 0.0283 -0.3518 -0.9356
vn 0.1077 -0.3069 -0.9456
vn 0.1932 -0.3811 -0.9041
vn 0.2278 -0.4270 -0.8751
vn 0.1458 -0.9113 -0.3850
vn 0.1834 -0.8280 -0.5299
vn 0.1906 -0.2942 -0.9365
vn 0.2320 -0.2704 -0.9344
vn 0.3683 -0.4123 -0.8333
vn 0.4338 -0.5942 -0.6773
vn 0.2689 -0.9076 -0.3225
vn 0.2643 -0.8706 -0.4150
vn 0.3654 -0.1697 -0.9152
vn 0.5063 -0.1884 -0.8416
vn 0.1927 -0.3132 -0.9300
vn 0.2509 -0.2701 -0.9296
vn 0.1916 -0.2733 -0.9426
vn 0.2735 -0.2141 -0.9377
vn 0.3853 -0.1325 -0.9132
vn 0.4085 -0.0608 -0.9107
vn 0.5282 -0.0014 -0.8491
vn 0.5206 -0.0539 -0.8521
vn 0.1898 -0.1485 -0.9705
vn 0.2832 -0.0324 -0.9585
vn 0.1634 0.1961 -0.9669
vn 0.2424 0.3615 -0.9003
vn 0.6201 0.3745 -0.6893
vn 0.7503 0.3659 -0.5506
vn 0.7960 0.0542 -0.6029
vn 0.6745 0.0750 -0.7345
vn 0.7967 0.0008 -0.6044
vn 0.6779 0.0086 -0.7351
vn 0.5296 0.0854 -0.8439
vn 0.4757 0.4039 -0.7814
vn 0.4129 0.0688 -0.9082
vn 0.3726 0.3783 -0.8474
vn 0.5379 -0.5425 -0.6453
vn 0.6563 -0.1308 -0.7430
vn 0.7816 -0.0990 -0.6159
vn 0.6720 -0.4253 -0.6063
vn 0.2337 -0.9067 -0.3510
vn 0.3264 -0.8456 -0.4224
vn 0.6726 -0.0200 -0.7398
vn 0.7955 -0.0114 -0.6059
vn 0.8933 -0.0190 -0.4490
vn 0.8991 0.0726 -0.4316
vn 0.8492 0.3882 -0.3579
vn 0.9602 0.0062 -0.2791
vn 0.9231 0.3522 -0.1547
vn 0.9580 -0.0111 -0.2864
vn 0.7319 -0.4448 -0.5161
vn 0.8755 -0.0690 -0.4783
vn 0.9461 -0.0359 -0.3219
vn 0.7785 -0.4555 -0.4319
vn 0.2505 -0.8902 -0.3805
vn 0.1810 -0.9000 -0.3965
vn 0.9547 -0.0090 -0.2976
vn 0.8880 -0.0345 -0.4586
vn 0.9889 -0.0111 -0.1481
vn 0.9851 -0.0352 -0.1684
vn 0.9438 0.3290 0.0304
vn 0.8253 0.4923 0.2768
vn 0.9969 0.0783 -0.0017
vn 0.9955 -0.0529 -0.0783
vn 0.7262 -0.5750 -0.3767
vn 0.9781 -0.0747 -0.1942
vn 0.9929 -0.0855 -0.0826
vn 0.8279 -0.4764 -0.2959
vn 0.0120 -0.9072 -0.4206
vn 0.1917 -0.8493 -0.4919
vn 0.9862 -0.0123 -0.1650
vn 0.9962 -0.0512 -0.0702
vn 0.9983 0.0366 0.0448
vn 0.9919 -0.1212 -0.0384
vn 0.7540 0.5399 0.3741
vn 0.9611 0.1558 0.2282
vn 0.9827 -0.1851 -0.0034
vn 0.9833 -0.1817 -0.0042
vn 0.8692 -0.4399 -0.2258
vn 0.9888 -0.1456 -0.0340
vn 0.9695 -0.2418 -0.0413
vn 0.7340 -0.5911 -0.3344
vn 0.3570 -0.7962 -0.4885
vn 0.1464 -0.7921 -0.5925
vn 0.9908 -0.1316 -0.0320
vn 0.9864 -0.1641 0.0126
vn 0.9776 -0.1546 0.1430
vn 0.9703 -0.2381 0.0435
vn 0.8196 0.2221 0.5282
vn 0.6413 0.3366 0.6895
vn 0.9434 -0.0765 0.3227
vn 0.9493 -0.3073 0.0660
vn 0.7404 -0.5904 -0.3213
vn 0.9421 -0.3347 -0.0205
vn 0.9001 -0.4325 -0.0525
vn 0.6636 -0.6354 -0.3947
vn 0.2208 -0.7380 -0.6377
vn 0.1801 -0.6848 -0.7061
vn 0.9705 -0.2335 0.0598
vn 0.9319 -0.3620 0.0236
vn 0.5281 0.3879 0.7554
vn 0.8932 -0.0542 0.4464
vn 0.9058 -0.2356 0.3523
vn 0.6051 0.2496 0.7560
vn 0.8876 -0.4556 0.0673
vn 0.9224 -0.3759 0.0890
vn 0.7832 -0.5441 -0.3008
vn 0.8377 -0.5383 -0.0920
vn 0.5000 -0.6264 -0.5980
vn 0.3462 -0.6020 -0.7195
vn 0.8990 -0.4370 -0.0292
vn 0.8827 -0.4568 0.1105
vn 0.9103 -0.4127 0.0336
vn 0.8825 -0.4624 0.0862
vn 0.5598 0.0017 0.8286
vn 0.7152 -0.5271 0.4591
vn 0.9179 -0.3821 0.1071
vn 0.8851 -0.1999 0.4204
vn 0.6682 0.1310 0.7324
vn 0.2161 0.4970 0.8404
vn 0.8551 -0.5177 -0.0292
vn 0.5229 -0.7765 -0.3516
vn 0.1499 -0.5398 -0.8283
vn 0.6092 -0.6700 -0.4242
vn 0.8972 -0.4414 0.0152
vn 0.7091 -0.7042 0.0366
vn 0.7306 -0.6642 0.1585
vn 0.9020 -0.4317 -0.0070
vn 0.1167 -0.2704 0.9556
vn 0.0576 0.2916 0.9548
vn 0.0028 -0.5104 0.8600
vn 0.0464 -0.1267 0.9908
vn -0.0343 -0.6707 0.7409
vn 0.1698 -0.6331 0.7552
vn 0.2088 -0.8218 0.5301
vn 0.1523 -0.9728 0.1743
vn -0.0569 -0.7827 0.6198
vn -0.0384 -0.9267 0.3738
vn -0.0934 -0.4790 0.8728
vn -0.0932 -0.8036 0.5878
vn 0.0101 -0.7514 0.6598
vn 0.0054 -0.6410 0.7676
vn -0.0494 0.0973 0.9940
vn -0.0174 -0.2614 0.9651
vn -0.0121 -0.8129 0.5822
vn -0.1053 -0.8453 0.5239
vn -0.6806 -0.6663 0.3046
vn -0.1226 -0.8674 0.4822
vn -0.7064 -0.6685 0.2328
vn -0.0244 -0.8681 0.4958
vn -0.9316 -0.3608 -0.0452
vn -0.9463 -0.3230 -0.0087
vn -0.8309 -0.4964 -0.2512
vn -0.2788 -0.5899 -0.7578
vn -0.6311 -0.7515 -0.1922
vn -0.9466 -0.3212 0.0274
vn -0.0856 0.3971 0.9138
vn -0.1189 0.4466 0.8868
vn -0.0754 0.4803 0.8739
vn -0.0445 0.3544 0.9341
vn -0.0202 0.1655 0.9860
vn -0.0309 0.3319 0.9428
vn -0.4323 0.4231 0.7963
vn -0.2188 0.4652 0.8577
vn -0.1534 0.4818 0.8628
vn -0.2117 0.5195 0.8279
vn 0.0925 0.4442 0.8911
vn 0.0657 0.2007 0.9774
vn 0.0932 0.5964 0.7973
vn 0.1459 0.4695 0.8708
vn 0.1317 0.5320 0.8365
vn 0.0888 0.4021 0.9113
vn 0.2007 0.4936 0.8462
vn 0.3841 0.3837 0.8398
vn 0.2892 0.4863 0.8245
vn 0.2472 0.5022 0.8286
vn -0.1132 0.4711 0.8748
vn -0.0652 0.4470 0.8922
vn -0.1047 0.5100 0.8538
vn -0.1439 0.5276 0.8372
vn -0.4711 0.4196 0.7759
vn -0.2201 0.5371 0.8143
vn -0.2244 0.5405 0.8108
vn -0.4232 0.4436 0.7900
vn 0.1742 0.4796 0.8600
vn 0.1986 0.5003 0.8428
vn 0.1469 0.4956 0.8560
vn 0.1242 0.4677 0.8751
vn 0.3226 0.5165 0.7932
vn 0.3459 0.5139 0.7850
vn 0.3313 0.5112 0.7930
vn 0.2964 0.5154 0.8040
vn 0.4381 0.5045 0.7440
vn 0.5840 0.6087 0.5371
vn 0.2753 0.7278 0.6281
vn 0.3393 0.5528 0.7611
vn -0.5088 0.4125 0.7556
vn -0.2350 0.5345 0.8118
vn -0.2481 0.6780 0.6920
vn -0.6072 0.5095 0.6097
vn -0.1567 0.5461 0.8230
vn -0.1329 0.5375 0.8327
vn -0.1499 0.5253 0.8376
vn -0.1846 0.5424 0.8196
vn 0.2272 0.5177 0.8248
vn 0.2579 0.5202 0.8142
vn 0.1976 0.5171 0.8328
vn 0.1682 0.5113 0.8428
vn 0.3586 0.7718 0.5251
vn 0.4917 0.7263 0.4804
vn 0.3647 0.7409 0.5640
vn 0.2657 0.7991 0.5392
vn -0.4626 0.6702 0.5804
vn -0.2157 0.7849 0.5809
vn -0.2200 0.7616 0.6096
vn -0.5451 0.6654 0.5100
vn -0.2017 0.5350 0.8204
vn -0.1649 0.5355 0.8283
vn -0.1496 0.6591 0.7370
vn -0.2025 0.6689 0.7153
vn 0.2626 0.5872 0.7657
vn 0.2078 0.7494 0.6287
vn 0.1725 0.7509 0.6375
vn 0.2011 0.6007 0.7737
vn -0.1824 0.8124 0.5538
vn -0.1639 0.8038 0.5719
vn -0.2100 0.7760 0.5947
vn -0.1497 0.7581 0.6347
vn -0.6728 0.6860 0.2772
vn -0.3572 0.8244 0.4391
vn -0.4253 0.8805 0.2093
vn -0.6830 0.7278 0.0624
vn -0.6662 0.6010 -0.4415
vn -0.7571 0.6183 -0.2108
vn -0.4470 0.8943 0.0189
vn -0.4241 0.8644 -0.2702
vn -0.3040 0.7404 -0.5995
vn -0.4363 0.7187 -0.5414
vn -0.3386 0.8126 -0.4743
vn -0.2929 0.7632 -0.5760
vn -0.2500 0.6996 -0.6694
vn -0.2116 0.6150 -0.7596
vn -0.2599 0.7259 -0.6368
vn -0.2151 0.6834 -0.6977
vn -0.1524 0.5280 -0.8354
vn -0.0703 0.4571 -0.8866
vn -0.1484 0.6487 -0.7464
vn -0.0525 0.6017 -0.7970
vn 0.0297 0.5045 -0.8629
vn 0.0105 0.5323 -0.8465
vn 0.0431 0.6092 -0.7919
vn -0.0010 0.5765 -0.8171
vn 0.0029 0.4624 -0.8867
vn -0.0590 0.5073 -0.8598
vn -0.0605 0.5765 -0.8149
vn -0.0166 0.6134 -0.7896
vn 0.1095 0.5510 -0.8273
vn 0.0933 0.6873 -0.7203
vn 0.1599 0.7518 -0.6397
vn 0.1699 0.6675 -0.7250
vn 0.2803 0.6788 -0.6787
vn 0.2299 0.7949 -0.5615
vn 0.2832 0.8272 -0.4853
vn 0.3454 0.7185 -0.6037
vn 0.4537 0.7298 -0.5115
vn 0.5644 0.7288 -0.3876
vn 0.3511 0.8537 -0.3847
vn 0.4317 0.8679 -0.2457
vn 0.6418 0.7460 -0.1779
vn 0.6758 0.7349 0.0579
vn 0.4779 0.8781 -0.0251
vn 0.5040 0.8416 0.1941
vn 0.4550 0.7759 0.4369
vn 0.6602 0.6951 0.2845
vn -0.2374 0.7699 0.5924
vn -0.1973 0.7033 0.6830
vn -0.2325 0.8167 0.5281
vn -0.3591 0.8719 0.3329
vn -0.4076 0.9049 0.1229
vn -0.3154 0.9043 0.2876
vn -0.3523 0.9349 0.0431
vn -0.3925 0.9096 -0.1360
vn -0.3364 0.8543 -0.3962
vn -0.3354 0.9104 -0.2422
vn -0.3168 0.8466 -0.4276
vn -0.2920 0.8049 -0.5166
vn -0.2707 0.7670 -0.5818
vn -0.2233 0.7333 -0.6422
vn -0.2950 0.8022 -0.5191
vn -0.2427 0.7710 -0.5888
vn -0.1599 0.7045 -0.6914
vn -0.0466 0.6743 -0.7370
vn -0.1750 0.7384 -0.6512
vn -0.0556 0.7100 -0.7020
vn 0.0291 0.6485 -0.7607
vn -0.0166 0.6143 -0.7889
vn -0.0027 0.6794 -0.7338
vn -0.0283 0.6679 -0.7437
vn -0.0450 0.6241 -0.7800
vn -0.0260 0.6667 -0.7449
vn 0.0141 0.7138 -0.7002
vn -0.0131 0.6764 -0.7364
vn 0.1102 0.7322 -0.6721
vn 0.1331 0.7706 -0.6233
vn 0.2265 0.8231 -0.5208
vn 0.1848 0.7867 -0.5891
vn 0.2387 0.8334 -0.4985
vn 0.2658 0.8716 -0.4120
vn 0.2831 0.9048 -0.3182
vn 0.2796 0.8614 -0.4241
vn 0.3433 0.8900 -0.3000
vn 0.3998 0.9109 -0.1018
vn 0.3440 0.9292 -0.1352
vn 0.3754 0.9236 0.0781
vn 0.4175 0.9015 0.1144
vn 0.3898 0.8447 0.3668
vn 0.3602 0.8792 0.3118
vn 0.3126 0.7826 0.5383
vn 0.2145 0.7924 0.5711
vn 0.2661 0.7301 0.6294
vn 0.4067 0.6474 0.6446
vn 0.2529 0.7376 0.6261
vn 0.3146 0.7535 0.5773
vn 0.3265 0.7082 0.6260
vn 0.3393 0.5630 0.7536
vn 0.2048 0.6982 0.6860
vn 0.6115 0.2305 0.7569
vn 0.3318 0.3305 0.8835
vn 0.3925 -0.0134 0.9197
vn 0.1531 0.5690 0.8080
vn -0.0818 0.2727 0.9586
vn -0.0090 0.1713 0.9852
vn -0.0280 0.5470 0.8367
vn -0.0769 0.5031 0.8608
vn -0.0577 0.0441 0.9974
vn -0.0244 -0.1556 0.9875
vn 0.1775 0.5805 0.7947
vn 0.1389 0.4828 0.8646
vn 0.1088 0.5196 0.8474
vn 0.0818 0.4394 0.8945
vn -0.1714 0.5327 0.8288
vn -0.1099 0.5173 0.8487
vn -0.1690 0.5858 0.7926
vn -0.1607 0.6466 0.7457
vn -0.1495 0.5057 0.8497
vn -0.0778 0.4743 0.8769
vn 0.0732 0.5298 0.8450
vn -0.0443 0.5959 0.8019
vn 0.0969 0.4829 0.8703
vn 0.0276 0.4956 0.8681
vn -0.0260 0.5237 0.8515
vn -0.0429 0.5184 0.8541
vn 0.0093 0.4398 0.8980
vn 0.1045 0.4980 0.8608
vn 0.0901 0.4871 0.8687
vn 0.0724 0.4933 0.8668
vn 0.0627 0.4766 0.8769
vn -0.1087 0.5109 0.8527
vn -0.0571 0.4872 0.8715
vn -0.0669 0.4728 0.8786
vn -0.0383 0.4435 0.8954
vn 0.0056 0.4935 0.8698
vn 0.0010 0.5067 0.8622
vn -0.0069 0.4450 0.8955
vn -0.0074 0.4687 0.8833
vn 0.0238 0.4880 0.8725
vn 0.0206 0.4735 0.8806
vn 0.0694 0.4410 0.8948
vn 0.0438 0.3403 0.9393
vn 0.0558 0.4266 0.9027
vn 0.0280 0.2811 0.9593
vn -0.0296 0.4155 0.9091
vn -0.0274 0.3993 0.9164
vn -0.0196 0.3235 0.9460
vn -0.0355 0.3353 0.9414
vn -0.0293 0.4104 0.9114
vn -0.0190 0.4198 0.9074
vn -0.0292 0.3261 0.9449
vn 0.0036 0.3041 0.9526
vn 0.0167 0.4073 0.9131
vn 0.0224 0.2798 0.9598
vn 0.0095 -0.0993 0.9950
vn 0.0217 0.2183 0.9756
vn 0.0128 0.1247 0.9921
vn 0.0213 -0.0611 0.9979
vn -0.0239 0.1642 0.9861
vn -0.0350 0.1800 0.9830
vn -0.0209 -0.2371 0.9713
vn -0.0238 -0.1932 0.9809
vn -0.0110 0.1170 0.9931
vn 0.0122 0.1563 0.9876
vn -0.0131 -0.2058 0.9785
vn 0.0023 -0.0724 0.9974
vn 0.0318 0.2019 0.9789
vn 0.0326 -0.0326 0.9989
vn 0.0203 -0.4873 0.8730
vn 0.0013 -0.7713 0.6364
vn -0.0147 -0.7383 0.6743
vn 0.0057 -0.5391 0.8422
vn -0.0169 -0.6069 0.7946
vn -0.0144 -0.5740 0.8187
vn -0.0186 -0.7336 0.6793
vn -0.0114 -0.7313 0.6819
vn 0.0204 -0.5456 0.8378
vn 0.0095 -0.7928 0.6094
vn -0.0089 -0.5399 0.8417
vn 0.0008 -0.7731 0.6342
vn -0.0167 -0.5592 0.8289
vn -0.0003 -0.7328 0.6804
vn -0.0209 -0.7964 0.6043
vn -0.0266 -0.8592 0.5109
vn -0.0138 -0.8506 0.5256
vn -0.0110 -0.7913 0.6114
vn -0.0414 -0.8109 0.5838
vn -0.0205 -0.8596 0.5105
vn -0.0044 -0.8140 0.5808
vn 0.0009 -0.8420 0.5394
vn 0.0190 -0.8092 0.5873
vn 0.0192 -0.8552 0.5180
vn 0.0186 -0.7968 0.6039
vn 0.0203 -0.8559 0.5167
vn 0.0021 -0.7914 0.6113
vn 0.0036 -0.8472 0.5313
vn 0.0125 -0.0870 0.9961
vn -0.1016 -0.2123 0.9719
vn 0.2785 -0.0341 0.9598
vn 0.1766 -0.0206 0.9841
vn 0.0912 -0.2078 0.9739
vn -0.1390 -0.2071 0.9684
vn 0.7487 -0.0861 0.6573
vn 0.8108 0.2586 0.5251
vn 0.9209 -0.1102 0.3740
vn 0.5950 -0.1206 0.7946
vn -0.3912 0.9177 -0.0694
vn -0.3949 0.8961 0.2027
vn -0.6091 0.7918 -0.0456
vn -0.6632 0.7205 0.2025
vn -0.5639 0.7890 -0.2440
vn -0.3866 0.8772 -0.2847
vn -0.0223 0.6556 -0.7548
vn -0.0331 0.6421 -0.7659
vn -0.0776 0.6916 -0.7181
vn -0.1295 0.6072 -0.7839
vn -0.0679 0.5320 -0.8440
vn -0.0422 0.4781 -0.8773
vn -0.3491 0.8134 -0.4653
vn -0.3124 0.7579 -0.5727
vn -0.5178 0.7375 -0.4336
vn -0.4010 0.6841 -0.6092
vn -0.2056 0.7212 -0.6615
vn -0.2378 0.6577 -0.7147
vn -0.9383 0.2614 -0.2264
vn -0.8454 0.2928 -0.4468
vn -0.7765 0.5235 -0.3507
vn -0.8550 0.5000 -0.1381
vn -0.9158 0.4003 0.0327
vn -0.9728 0.2200 -0.0729
vn -0.1402 0.3458 -0.9278
vn -0.2137 0.4216 -0.8812
vn -0.2530 0.2189 -0.9424
vn -0.1652 0.1960 -0.9666
vn -0.0626 0.2932 -0.9540
vn -0.0556 0.2125 -0.9756
vn -0.6583 0.5421 -0.5224
vn -0.4536 0.5525 -0.6992
vn -0.6968 0.3138 -0.6449
vn -0.5252 0.2931 -0.7989
vn -0.3148 0.4916 -0.8119
vn -0.3852 0.2443 -0.8899
vn 0.0757 0.6707 -0.7379
vn -0.0198 0.6389 -0.7690
vn 0.0063 0.4734 -0.8808
vn 0.1411 0.4978 -0.8557
vn 0.2030 0.7394 -0.6419
vn 0.3370 0.5311 -0.7774
vn 0.5299 0.5491 -0.6462
vn 0.3214 0.8053 -0.4982
vn 0.0369 0.2878 -0.9570
vn 0.1856 0.3202 -0.9290
vn 0.0579 0.2256 -0.9725
vn 0.1937 0.2194 -0.9562
vn 0.3705 0.8531 -0.3673
vn 0.6421 0.5834 -0.4973
vn 0.3954 0.8931 -0.2147
vn 0.7374 0.6073 -0.2957
vn 0.4371 0.8994 0.0023
vn 0.4774 0.8500 0.2228
vn 0.8241 0.5595 -0.0885
vn 0.8927 0.4419 0.0889
vn 0.9710 0.0941 -0.2198
vn 0.9974 -0.0081 -0.0714
vn 0.8948 0.1730 -0.4117
vn 0.9025 0.0887 -0.4214
vn 0.9656 0.0266 -0.2587
vn 0.9947 -0.0505 -0.0899
vn 0.7097 0.4811 0.5146
vn 0.6155 0.6128 0.4956
vn 0.9654 0.1479 0.2146
vn 0.9671 0.0258 0.2531
vn 0.5191 0.7421 0.4240
vn 0.9423 0.2853 0.1752
vn -0.0590 0.2665 0.9620
vn -0.3132 0.4416 0.8408
vn -0.1857 0.1161 0.9757
vn -0.5679 0.1604 0.8073
vn -0.2596 0.6728 0.6928
vn -0.4571 0.6240 0.6338
vn -0.5123 0.5829 0.6307
vn -0.8155 0.2290 0.5315
vn -0.8702 0.2940 0.3953
vn -0.4516 0.6910 0.5644
vn -0.7851 0.0235 0.6189
vn -0.4516 0.0262 0.8918
vn -0.5590 0.1017 0.8229
vn -0.2934 0.1120 0.9494
vn -0.7967 0.0729 0.6000
vn -0.9092 0.0633 0.4116
vn -0.1599 0.0575 0.9855
vn -0.2441 -0.0026 0.9697
vn -0.3867 0.8211 0.4198
vn -0.7771 0.5546 0.2975
vn 0.5719 -0.3546 0.7398
vn 0.5412 -0.3756 0.7524
vn 0.5091 -0.3985 0.7629
vn 0.5662 -0.4852 0.6663
vn 0.6146 -0.4262 0.6638
vn 0.5861 -0.4382 0.6815
vn 0.6756 -0.6503 0.3474
vn 0.7131 -0.5926 0.3746
vn 0.6866 -0.5335 0.4939
vn 0.6619 -0.5821 0.4723
vn 0.5584 -0.7652 0.3203
vn 0.5552 -0.6983 0.4518
vn 0.5461 -0.8291 0.1200
vn 0.6681 -0.7122 0.2155
vn 0.7236 -0.6484 0.2367
vn 0.5273 -0.4130 0.7426
vn 0.5882 -0.3734 0.7173
vn 0.6213 -0.4145 0.6650
vn 0.6985 -0.3274 0.6363
vn 0.7708 -0.4909 0.4059
vn 0.7829 -0.5472 0.2961
vn 0.8460 -0.3537 0.3990
vn 0.8618 -0.3926 0.3212
vn 0.8139 -0.3356 0.4743
vn 0.7403 -0.4526 0.4971
vn -0.7256 -0.5117 0.4600
vn -0.7588 -0.5520 0.3458
vn -0.7780 -0.5206 0.3516
vn -0.7760 -0.4622 0.4292
vn -0.7196 -0.5452 0.4300
vn -0.7776 -0.5459 0.3121
vn -0.6251 -0.4634 0.6281
vn -0.7180 -0.5000 0.4842
vn -0.6868 -0.4959 0.5314
vn -0.7667 -0.5229 0.3726
vn -0.8313 -0.5217 0.1917
vn -0.8307 -0.5497 0.0885
vn -0.7574 -0.6467 0.0900
vn -0.7897 -0.5799 0.2000
vn -0.8189 -0.5271 0.2272
vn -0.7959 -0.5478 0.2578
vn -0.8761 -0.4629 0.1346
vn -0.8938 -0.4381 0.0963
vn -0.9023 -0.4310 0.0076
vn -0.7421 -0.5163 0.4275
vn -0.7821 -0.5207 0.3423
vn -0.8061 -0.5370 0.2486
vn -0.8019 -0.5300 0.2757
vn -0.8274 -0.5039 0.2479
vn -0.8548 -0.4860 0.1821
vn -0.7872 -0.5553 0.2683
vn -0.8011 -0.5231 0.2910
vn -0.8004 -0.5194 0.2994
vn -0.8922 -0.1870 0.4111
vn -0.9399 -0.1323 0.3148
vn -0.9480 -0.2526 0.1936
vn -0.9833 -0.1696 0.0662
vn -0.8809 -0.3421 0.3272
vn -0.8283 -0.2151 0.5173
vn -0.7421 -0.1867 0.6438
vn -0.7853 -0.3085 0.5368
vn -0.7916 -0.3562 0.4965
vn -0.8622 -0.3955 0.3165
vn -0.8463 -0.4259 0.3201
vn -0.7736 -0.4010 0.4906
vn -0.7446 -0.4509 0.4921
vn -0.8023 -0.4880 0.3438
vn -0.9044 -0.3920 0.1682
vn -0.9287 -0.3453 0.1350
vn -0.9283 -0.3622 0.0840
vn -0.9433 -0.3277 0.0530
vn -0.9060 -0.4076 0.1143
vn -0.8847 -0.4241 0.1935
vn -0.8465 -0.4776 0.2352
vn -0.8816 -0.4456 0.1560
vn -0.8989 -0.4264 0.1005
vn -0.9134 -0.4027 0.0603
vn -0.9178 -0.3943 0.0461
vn -0.9274 -0.3713 -0.0452
vn -0.9481 -0.3049 0.0906
vn -0.9681 -0.2418 0.0660
vn 0.6781 -0.0697 0.7317
vn 0.7247 -0.3129 0.6140
vn 0.5834 -0.3015 0.7541
vn 0.8098 -0.0801 0.5812
vn 0.6888 -0.1180 0.7153
vn 0.6948 0.0915 0.7134
vn 0.5755 0.0928 0.8125
vn 0.5657 0.1543 0.8100
vn 0.4626 0.1730 0.8695
vn 0.4640 0.1825 0.8669
vn -0.8830 -0.4613 0.0866
vn -0.9001 -0.4182 0.1223
vn -0.8851 -0.3802 0.2685
vn -0.9678 -0.1650 0.1901
vn -0.9561 -0.2918 0.0260
vn -0.9684 -0.2454 0.0439
vn -0.9861 -0.1355 0.0961
vn -0.9353 -0.1698 0.3104
vn 0.6075 -0.3065 0.7328
vn 0.6129 -0.3001 0.7310
vn 0.6059 -0.3100 0.7327
vn 0.6431 -0.3091 0.7006
vn 0.6766 -0.2969 0.6739
vn 0.7080 -0.2730 0.6513
vn 0.6214 -0.2813 0.7313
vn 0.6279 -0.2481 0.7377
vn 0.7300 -0.2364 0.6413
vn 0.7385 -0.2064 0.6419
vn 0.8565 -0.2636 0.4438
vn 0.8776 -0.2724 0.3944
vn 0.9054 -0.2911 0.3091
vn 0.9134 -0.1941 0.3578
vn 0.9403 -0.2067 0.2704
vn 0.8886 -0.1927 0.4163
vn 0.6986 -0.4287 0.5729
vn 0.7651 -0.3269 0.5547
vn 0.6415 -0.4857 0.5938
vn 0.6115 -0.3290 0.7196
vn 0.6711 -0.3043 0.6760
vn 0.8157 -0.2652 0.5142
vn 0.8479 -0.2348 0.4754
vn 0.8059 -0.2500 0.5367
vn 0.7761 -0.2731 0.5684
vn 0.8360 -0.2046 0.5091
vn 0.8728 -0.1923 0.4486
vn 0.8944 -0.1656 0.4154
vn 0.8773 -0.0956 0.4703
vn 0.7876 -0.2218 0.5748
vn 0.8038 -0.1688 0.5704
vn 0.7729 -0.2551 0.5810
vn 0.7366 -0.2859 0.6129
vn -0.8134 -0.3285 0.4800
vn -0.7215 -0.2873 0.6300
vn -0.9066 -0.0837 0.4136
vn -0.8011 -0.0086 0.5985
vn -0.6455 -0.2173 0.7322
vn -0.7144 -0.0087 0.6996
vn -0.6383 -0.1499 0.7550
vn -0.6925 -0.0931 0.7154
vn -0.6190 -0.1747 0.7658
vn -0.5520 -0.2227 0.8035
vn -0.5792 -0.1176 0.8067
vn -0.6619 -0.1435 0.7357
vn -0.2344 -0.1432 0.9615
vn -0.2183 -0.1571 0.9632
vn -0.2387 -0.0337 0.9705
vn -0.2267 -0.0339 0.9734
vn -0.3233 -0.2083 0.9231
vn -0.3165 -0.0514 0.9472
vn -0.4455 -0.2433 0.8616
vn -0.4651 -0.0823 0.8814
vn -0.1673 -0.1446 0.9752
vn -0.0653 -0.1031 0.9925
vn -0.2113 -0.0325 0.9769
vn -0.1049 -0.0170 0.9943
vn -0.2819 -0.0473 0.9583
vn -0.2433 -0.1795 0.9532
vn -0.2562 -0.1639 0.9526
vn -0.2841 -0.0452 0.9577
vn 0.0251 -0.0627 0.9977
vn 0.0113 -0.0125 0.9999
vn 0.1099 -0.0153 0.9938
vn 0.1290 -0.0115 0.9916
vn 0.3484 0.1806 0.9198
vn 0.3927 0.1482 0.9077
vn 0.3296 0.0814 0.9406
vn 0.2472 0.1201 0.9615
vn 0.1741 0.0413 0.9839
vn 0.2440 0.0095 0.9697
vn -0.9571 0.2775 0.0835
vn -0.9670 0.1231 0.2232
vn -0.9827 0.1020 0.1548
vn -0.9856 0.1687 0.0115
vn -0.7976 -0.5979 -0.0794
vn -0.8830 -0.4544 -0.1178
vn -0.7810 -0.6146 -0.1105
vn -0.8708 -0.4698 -0.1452
vn -0.6406 -0.7581 -0.1223
vn -0.6942 -0.7169 -0.0649
vn -0.9219 0.0718 0.3806
vn -0.7587 0.0960 0.6444
vn -0.6694 0.1133 0.7342
vn -0.9156 0.0505 0.3988
vn -0.8443 0.0957 0.5273
vn -0.6603 0.1976 0.7246
vn -0.8801 0.2049 0.4283
vn -0.9674 0.0916 0.2361
vn -0.4882 0.1969 0.8502
vn -0.4222 0.1901 0.8864
vn -0.8318 -0.2083 0.5144
vn -0.9642 -0.0977 0.2465
vn -0.7365 -0.4222 0.5285
vn -0.2993 0.1163 0.9470
vn -0.3775 0.0913 0.9215
vn -0.3497 0.1835 0.9187
vn -0.4221 0.1502 0.8940
vn -0.3572 0.1820 0.9161
vn -0.4697 0.0621 0.8807
vn -0.4449 0.0806 0.8919
vn -0.5437 -0.0946 0.8339
vn -0.7001 -0.6001 0.3870
vn -0.5035 -0.8239 -0.2603
vn -0.6087 -0.7300 0.3107
vn -0.3898 -0.9041 -0.1748
vn -0.3413 -0.0661 0.9376
vn -0.3913 -0.0532 0.9187
vn -0.1812 -0.1938 0.9642
vn -0.1889 -0.0756 0.9791
vn -0.3813 0.0169 0.9243
vn -0.4111 -0.1264 0.9028
vn -0.1825 -0.0265 0.9829
vn -0.1675 -0.0760 0.9829
vn -0.4036 -0.7762 0.4844
vn -0.2165 -0.9612 -0.1707
vn -0.0932 -0.8347 0.5427
vn 0.0107 -0.9511 -0.3087
vn 0.2864 -0.9407 -0.1818
vn 0.4923 -0.8665 -0.0833
vn 0.3077 -0.9509 0.0330
vn -0.0163 -0.9995 -0.0269
vn -0.0076 -0.9677 -0.2518
vn 0.2487 -0.9218 -0.2974
vn 0.4207 -0.8891 -0.1805
vn 0.1371 -0.2403 0.9610
vn 0.2086 -0.0560 0.9764
vn 0.2828 -0.0962 0.9543
vn 0.1049 -0.1068 0.9887
vn 0.0612 0.0148 0.9980
vn 0.0769 -0.1610 0.9840
vn 0.2568 -0.0999 0.9613
vn 0.2564 -0.3021 0.9182
vn 0.2186 -0.8844 0.4124
vn 0.4225 -0.8362 0.3498
vn 0.6348 -0.7699 0.0653
vn 0.7107 -0.6969 0.0967
vn 0.5935 -0.7948 -0.1266
vn 0.6819 -0.7311 -0.0235
vn 0.3785 -0.0251 0.9253
vn 0.8019 -0.1170 0.5859
vn 0.5663 -0.0422 0.8231
vn 0.2886 -0.0066 0.9574
vn 0.3510 -0.1250 0.9280
vn 0.4316 -0.0784 0.8987
vn 0.4835 -0.2446 0.8405
vn 0.4226 -0.3031 0.8541
vn 0.6103 -0.7167 0.3375
vn 0.6634 -0.6118 0.4309
vn 0.9975 -0.0625 0.0335
vn 0.9889 -0.0977 0.1121
vn 0.9958 -0.0739 0.0540
vn 0.9869 -0.0949 0.1304
vn 0.7813 -0.6116 0.1246
vn 0.8772 -0.4549 0.1537
vn 0.7621 -0.6474 0.0089
vn 0.8663 -0.4996 0.0040
vn 0.9716 -0.1281 0.1989
vn 0.9080 -0.1158 0.4025
vn 0.7040 -0.0755 0.7062
vn 0.9200 -0.0767 0.3844
vn 0.7851 -0.1276 0.6061
vn 0.6272 -0.1750 0.7590
vn 0.7632 -0.5081 0.3992
vn 0.8687 -0.3823 0.3150
vn 0.9316 -0.3320 0.1481
vn 0.9597 -0.2513 0.1259
vn 0.9287 -0.3709 0.0006
vn 0.9584 -0.2846 -0.0223
vn -0.2967 -0.5974 0.7450
vn -0.4452 -0.5840 0.6788
vn -0.2618 -0.7064 0.6576
vn -0.4120 -0.6898 0.5954
vn -0.0591 -0.7008 0.7109
vn -0.1012 -0.5956 0.7969
vn 0.3788 -0.4734 0.7952
vn 0.2346 -0.5304 0.8146
vn 0.2857 -0.6114 0.7379
vn 0.4393 -0.5607 0.7018
vn 0.1135 -0.5704 0.8135
vn 0.1473 -0.6465 0.7485
vn 0.5882 -0.5740 0.5696
vn 0.4683 -0.6373 0.6121
vn 0.3182 -0.6702 0.6705
vn 0.4509 -0.7164 0.5324
vn 0.3410 -0.7023 0.6249
vn 0.6380 -0.4934 0.5912
vn 0.1566 -0.7246 0.6711
vn -0.0309 -0.7923 0.6094
vn -0.0089 -0.8600 0.5101
vn 0.1412 -0.7831 0.6056
vn -0.7888 -0.4556 0.4126
vn -0.7851 -0.5216 0.3341
vn -0.7330 -0.5636 0.3809
vn -0.7327 -0.4791 0.4834
vn -0.6067 -0.5317 0.5910
vn -0.5866 -0.6404 0.4958
vn -0.7795 -0.5486 0.3025
vn -0.7712 -0.5595 0.3037
vn -0.7796 -0.5640 0.2721
vn -0.7371 -0.6277 0.2506
vn 0.3320 -0.9217 0.2007
vn 0.3372 -0.8814 0.3307
vn 0.0191 -0.9629 0.2694
vn 0.0035 -0.9896 0.1441
vn 0.2287 -0.8428 0.4873
vn 0.0010 -0.9149 0.4038
vn -0.2241 -0.7824 0.5810
vn -0.1848 -0.8433 0.5047
vn -0.3820 -0.7592 0.5270
vn -0.3395 -0.7938 0.5046
vn -0.6965 -0.6430 0.3184
vn -0.7648 -0.5837 0.2726
vn -0.7039 -0.6867 0.1815
vn -0.5732 -0.8024 0.1661
vn -0.5803 -0.8058 -0.1181
vn -0.6699 -0.7417 0.0349
vn -0.4301 -0.8940 -0.1260
vn -0.5163 -0.8552 -0.0455
vn -0.7520 -0.6383 0.1646
vn -0.6667 -0.7340 0.1291
vn -0.2563 -0.9355 -0.2431
vn -0.3281 -0.9378 -0.1133
vn -0.3166 -0.9481 0.0290
vn -0.2526 -0.9515 0.1757
vn -0.5376 -0.8426 0.0320
vn -0.6277 -0.7680 0.1273
vn -0.5545 -0.7128 0.4294
vn -0.4399 -0.8130 0.3815
vn -0.1841 -0.9095 0.3728
vn 0.2897 -0.0738 0.9543
vn 0.4690 -0.0488 0.8819
vn 0.4601 -0.1354 0.8775
vn 0.6735 -0.0863 0.7341
vn 0.5524 -0.1682 0.8164
vn 0.7206 -0.1256 0.6818
vn 0.5962 -0.1893 0.7802
vn 0.7395 -0.1577 0.6544
vn 0.5372 -0.0018 0.8434
vn 0.7278 0.0093 0.6857
vn 0.7449 0.0854 0.6617
vn 0.5179 0.0744 0.8522
vn 0.4403 0.0389 0.8970
vn 0.7062 0.0825 0.7032
vn 0.6205 -0.2204 0.7526
vn 0.7443 -0.1823 0.6424
vn 0.0530 -0.5260 -0.8489
vn -0.0057 -0.4993 -0.8664
vn -0.0556 -0.3005 -0.9522
vn 0.0291 -0.3860 -0.9220
vn -0.1454 -0.3877 -0.9102
vn -0.1130 -0.4527 -0.8845
vn -0.0794 -0.5064 -0.8586
vn -0.0917 -0.6211 -0.7784
vn -0.1745 -0.4711 -0.8647
vn -0.1968 -0.5728 -0.7957
vn -0.2414 -0.7431 -0.6241
vn -0.1733 -0.6752 -0.7170
vn -0.2851 -0.6182 -0.7325
vn -0.3499 -0.6936 -0.6297
vn -0.2732 -0.8393 -0.4701
vn -0.1741 -0.8234 -0.5401
vn -0.3720 -0.7682 -0.5211
vn -0.3785 -0.8145 -0.4397
vn -0.2506 -0.8941 -0.3713
vn -0.2754 -0.8976 -0.3442
vn -0.2011 -0.9448 -0.2587
vn -0.1224 -0.9452 -0.3027
vn -0.1824 -0.9643 -0.1919
vn -0.1461 -0.9856 -0.0855
vn -0.0294 -0.9841 -0.1751
vn -0.0488 -0.9703 -0.2371
vn 0.0093 -0.9943 -0.1063
vn -0.0284 -0.9996 -0.0052
vn 0.1464 -0.9863 -0.0756
vn 0.0777 -0.9956 0.0520
vn 0.0804 -0.9964 0.0260
vn 0.0353 -0.9932 0.1113
vn 0.0289 -0.9973 0.0668
vn 0.1063 -0.9939 0.0301
vn 0.1142 -0.9930 0.0316
vn 0.1112 -0.9689 -0.2210
vn 0.1268 -0.9910 0.0418
vn 0.1506 -0.9701 -0.1902
vn 0.0212 -0.9525 -0.3039
vn -0.0280 -0.8880 -0.4590
vn -0.0054 -0.9612 -0.2758
vn 0.0128 -0.9378 -0.3469
vn 0.0093 -0.9951 -0.0985
vn -0.0266 -0.9659 -0.2576
vn 0.0107 -0.9818 -0.1896
vn 0.0514 -0.9967 -0.0631
vn 0.0236 -0.9817 -0.1891
vn 0.0541 -0.9895 -0.1343
vn 0.0500 -0.9905 -0.1282
vn 0.0695 -0.9906 -0.1175
vn 0.0312 -0.9884 0.1486
vn -0.1166 -0.9750 -0.1890
vn -0.0285 -0.9982 -0.0536
vn -0.0865 -0.9880 0.1281
vn 0.0313 -0.9986 0.0434
vn -0.0127 -0.9936 0.1123
vn 0.0479 -0.9876 0.1495
vn 0.0673 -0.9964 0.0522
vn 0.0105 -0.9908 -0.1346
vn 0.1193 -0.9507 -0.2864
vn 0.1095 -0.9894 -0.0952
vn 0.1430 -0.9493 -0.2799
vn 0.2235 -0.9014 -0.3709
vn 0.2040 -0.8670 -0.4546
vn 0.2435 -0.9017 -0.3573
vn 0.3004 -0.8414 -0.4493
vn 0.1008 -0.8083 -0.5801
vn 0.2048 -0.7432 -0.6370
vn 0.3139 -0.7658 -0.5613
vn 0.2961 -0.7018 -0.6479
vn 0.1482 -0.6914 -0.7071
vn 0.1523 -0.6399 -0.7532
vn 0.2313 -0.6560 -0.7185
vn 0.2233 -0.6088 -0.7613
vn 0.0831 -0.5548 -0.8278
vn -0.0900 -0.4669 -0.8797
vn 0.1208 -0.5078 -0.8530
vn 0.0672 -0.4097 -0.9098
vn -0.4118 -0.5443 -0.7308
vn -0.0150 -0.3984 -0.9171
vn -0.0549 -0.3783 -0.9240
vn -0.0239 -0.3755 -0.9265
vn 0.2687 -0.9372 -0.2225
vn 0.4477 -0.5694 -0.6895
vn 0.2207 -0.4124 -0.8839
vn 0.1733 -0.6384 -0.7500
vn 0.1823 -0.9467 -0.2657
vn 0.1045 -0.9394 0.3266
vn 0.1419 -0.9885 -0.0514
vn 0.0050 -0.9638 0.2667
vn 0.0252 -0.8561 0.5162
vn 0.0667 -0.7699 0.6347
vn 0.0058 -0.8033 0.5955
vn 0.0269 -0.6206 0.7837
vn 0.0117 -0.8288 0.5595
vn 0.0231 -0.5547 0.8317
vn 0.0242 -0.8385 0.5443
vn 0.0281 -0.5800 0.8141
vn 0.0048 -0.8335 0.5525
vn -0.0003 -0.6202 0.7845
vn -0.0227 -0.8460 0.5328
vn -0.0494 -0.6618 0.7480
vn -0.1678 -0.9370 0.3065
vn -0.2153 -0.9507 -0.2230
vn -0.0277 -0.9173 0.3973
vn -0.1246 -0.9603 0.2494
vn -0.0954 -0.7863 0.6104
vn -0.0470 -0.8702 0.4905
vn 0.1146 -0.6770 0.7270
vn 0.1668 -0.6791 0.7148
vn 0.2361 -0.8180 0.5245
vn 0.1836 -0.8458 0.5010
vn 0.0698 -0.4645 0.8828
vn 0.1092 -0.5158 0.8497
vn 0.1242 -0.6584 0.7423
vn 0.1194 -0.8042 0.5822
vn 0.1738 -0.8541 0.4902
vn 0.1894 -0.7557 0.6269
vn 0.2337 -0.8872 0.3979
vn 0.2595 -0.8342 0.4866
vn 0.0209 -0.3151 0.9488
vn 0.0175 -0.3708 0.9285
vn 0.0612 -0.3984 0.9152
vn 0.0469 -0.3047 0.9513
vn 0.0690 -0.5712 0.8179
vn 0.0706 -0.7496 0.6581
vn 0.0187 -0.5312 0.8470
vn 0.0213 -0.7150 0.6988
vn -0.0328 -0.4033 0.9145
vn -0.0159 -0.3788 0.9254
vn -0.0837 -0.4740 0.8765
vn -0.1085 -0.5083 0.8543
vn -0.0402 -0.7250 0.6876
vn -0.0405 -0.5534 0.8319
vn -0.1210 -0.6316 0.7658
vn -0.1150 -0.7698 0.6279
vn -0.1487 -0.6772 0.7206
vn -0.2131 -0.8596 0.4644
vn -0.2795 -0.8067 0.5207
vn -0.1969 -0.6682 0.7175
vn -0.2152 -0.7389 0.6385
vn -0.2980 -0.8255 0.4793
vn -0.2811 -0.8711 0.4028
vn -0.2053 -0.8260 0.5250
vn 0.1233 -0.0118 -0.9923
vn 0.1237 0.0142 -0.9922
vn -0.0128 0.0122 -0.9998
vn -0.0194 -0.0081 -0.9998
vn 0.1112 -0.0038 -0.9938
vn -0.0286 0.0070 -0.9996
vn 0.2441 -0.0149 -0.9696
vn 0.2473 -0.0115 -0.9689
vn 0.2456 0.0230 -0.9691
vn 0.1193 0.0124 -0.9928
vn 0.1130 -0.0114 -0.9935
vn -0.0182 -0.0209 -0.9996
vn -0.0139 0.0051 -0.9999
vn 0.2414 0.0259 -0.9701
vn 0.2346 -0.0015 -0.9721
vn 0.1132 -0.0285 -0.9932
vn 0.1061 -0.0181 -0.9942
vn -0.0044 -0.0467 -0.9989
vn -0.0147 -0.0314 -0.9994
vn 0.2307 -0.0169 -0.9729
vn 0.2590 -0.0208 -0.9657
vn 0.0911 -0.6088 -0.7881
vn 0.0411 -0.5509 -0.8336
vn 0.0091 -0.1893 -0.9819
vn 0.0985 -0.2205 -0.9704
vn 0.2922 -0.2030 -0.9346
vn 0.1968 -0.6084 -0.7688
vn 0.5825 -0.7187 -0.3796
vn 0.3271 -0.9349 0.1374
vn 0.3675 -0.8830 0.2922
vn 0.6327 -0.7731 -0.0459
vn 0.2999 -0.8997 0.3173
vn 0.3564 -0.8666 0.3491
vn 0.4283 -0.8758 0.2224
vn 0.5804 -0.7973 0.1655
vn 0.8712 -0.3966 -0.2894
vn 0.8491 -0.5281 -0.0111
vn 0.6190 -0.7742 0.1321
vn 0.9793 -0.2025 -0.0020
vn 0.7854 -0.6114 0.0965
vn 0.9667 -0.0212 -0.2552
vn 0.7614 -0.2977 -0.5759
vn 0.8144 -0.0089 -0.5802
vn 0.5076 -0.2089 -0.8359
vn 0.4808 -0.3085 -0.8207
vn 0.2866 -0.3732 -0.8824
vn 0.2602 -0.4147 -0.8719
vn 0.1690 -0.4130 -0.8949
vn 0.3053 -0.3784 -0.8738
vn 0.2977 -0.4211 -0.8568
vn 0.4612 -0.4012 -0.7914
vn 0.4889 -0.4297 -0.7592
vn 0.3273 -0.4004 -0.8559
vn 0.8303 -0.1726 -0.5299
vn 0.9817 -0.0500 -0.1837
vn 0.7831 -0.3774 -0.4943
vn 0.9582 -0.2212 -0.1817
vn 0.0028 -0.4588 -0.8885
vn -0.0481 -0.4659 -0.8835
vn 0.1288 -0.4592 -0.8789
vn -0.0628 -0.4127 -0.9087
vn 0.2812 -0.4026 -0.8711
vn 0.1956 -0.4018 -0.8946
vn 0.5187 -0.4175 -0.7461
vn 0.4955 -0.4090 -0.7662
vn 0.7610 -0.3589 -0.5404
vn 0.7313 -0.3451 -0.5883
vn 0.9234 -0.2361 -0.3027
vn 0.9047 -0.2244 -0.3620
vn -0.0980 -0.4645 -0.8801
vn -0.0735 -0.4542 -0.8879
vn -0.1249 -0.5344 -0.8360
vn -0.1921 -0.5600 -0.8059
vn 0.6379 -0.3519 -0.6850
vn 0.4433 -0.4132 -0.7955
vn 0.8708 -0.1829 -0.4564
vn 0.8233 -0.2804 -0.4935
vn 0.6037 -0.3622 -0.7102
vn 0.3506 -0.4144 -0.8398
vn 0.0906 -0.4742 -0.8757
vn -0.0166 -0.5052 -0.8629
vn -0.2386 -0.6109 -0.7549
vn -0.2098 -0.5994 -0.7724
vn -0.2476 -0.6561 -0.7129
vn -0.2787 -0.6883 -0.6697
vn 0.2347 -0.9412 -0.2428
vn 0.1605 -0.9273 -0.3382
vn 0.2318 -0.9687 -0.0890
vn 0.4081 -0.8789 -0.2470
vn 0.2946 -0.8442 -0.4478
vn 0.1492 -0.8892 -0.4325
vn 0.0967 0.0138 -0.9952
vn 0.0893 0.0318 -0.9955
vn 0.2288 0.0295 -0.9730
vn 0.2349 0.0098 -0.9720
vn -0.0375 0.0205 -0.9991
vn -0.0392 0.0189 -0.9991
vn 0.0495 -0.8905 -0.4522
vn -0.0285 -0.8039 -0.5940
vn 0.0886 -0.8404 -0.5347
vn -0.0153 -0.7982 -0.6022
vn 0.1099 -0.7073 -0.6983
vn -0.0194 -0.7431 -0.6689
vn 0.1932 -0.7550 -0.6266
vn 0.2447 -0.3188 -0.9157
vn 0.0999 -0.2872 -0.9526
vn -0.0422 -0.3345 -0.9414
vn -0.0423 0.0088 -0.9991
vn 0.0908 0.0098 -0.9958
vn 0.2311 0.0157 -0.9728
vn -0.0964 -0.8700 -0.4835
vn -0.1378 -0.8108 -0.5689
vn -0.1843 -0.8595 -0.4767
vn -0.0866 -0.9380 -0.3355
vn 0.1631 -0.4508 -0.8776
vn 0.0896 -0.3728 -0.9236
vn 0.2901 -0.5521 -0.7817
vn 0.2462 -0.5011 -0.8297
vn 0.1642 -0.3961 -0.9034
vn 0.0650 -0.3323 -0.9409
vn -0.0861 -0.3719 -0.9243
vn -0.1610 -0.3124 -0.9362
vn -0.0047 -0.5190 -0.8548
vn -0.4146 -0.4666 -0.7813
vn -0.4461 -0.3396 -0.8281
vn -0.4562 -0.2955 -0.8394
vn 0.0211 -0.3484 -0.9371
vn 0.0134 -0.2946 -0.9555
vn -0.0697 -0.3281 -0.9421
vn -0.0908 -0.3727 -0.9235
vn -0.2154 -0.2732 -0.9375
vn -0.4368 -0.3030 -0.8470
vn -0.2181 -0.3018 -0.9281
vn -0.4338 -0.2384 -0.8689
vn -0.7204 -0.2851 -0.6323
vn -0.7343 -0.2460 -0.6327
vn -0.7182 -0.3580 -0.5966
vn -0.9114 -0.2281 -0.3427
vn -0.9243 -0.1746 -0.3394
vn -0.9346 -0.1328 -0.3301
vn -0.9540 -0.1244 -0.2728
vn -0.7496 -0.2518 -0.6121
vn -0.9637 -0.0638 -0.2594
vn -0.7673 -0.1178 -0.6303
vn -0.2654 -0.9568 -0.1189
vn -0.3385 -0.9193 -0.2009
vn -0.2019 -0.9777 -0.0572
vn -0.3224 -0.9242 -0.2046
vn -0.0494 -0.9980 0.0394
vn -0.1614 -0.9869 0.0081
vn 0.3259 -0.6342 -0.7011
vn 0.2932 -0.6840 -0.6679
vn 0.3581 -0.6854 -0.6341
vn 0.3289 -0.6142 -0.7173
vn -0.3433 -0.8922 0.2934
vn -0.3827 -0.8645 0.3257
vn -0.3914 -0.8698 0.3004
vn -0.5226 -0.8352 0.1710
vn -0.5771 -0.8147 0.0573
vn -0.4250 -0.8825 0.2013
vn -0.2255 -0.8983 -0.3771
vn -0.1879 -0.6056 -0.7733
vn -0.1868 -0.4172 -0.8894
vn -0.5094 -0.5272 -0.6801
vn -0.2102 -0.2820 -0.9361
vn -0.4847 -0.1640 -0.8592
vn -0.4047 -0.9092 0.0978
vn -0.6616 -0.7346 -0.1505
vn -0.8103 -0.1824 -0.5569
vn -0.7401 0.0162 -0.6723
vn -0.9410 0.1061 -0.3212
vn -0.9621 -0.0666 -0.2644
vn -0.7939 -0.5913 -0.1418
vn -0.8321 -0.4774 -0.2823
vn -0.9165 -0.3993 -0.0225
vn -0.6729 -0.7374 0.0594
vn -0.5340 -0.8340 0.1385
vn -0.7398 -0.6716 0.0406
vn -0.0340 -0.9965 -0.0764
vn -0.1289 -0.9810 -0.1452
vn -0.2299 -0.9663 0.1154
vn -0.1634 -0.9767 0.1394
vn 0.0087 -0.9780 -0.2083
vn 0.0008 -0.9479 -0.3186
vn -0.1577 -0.7653 -0.6240
vn -0.1943 -0.3535 -0.9150
vn -0.3110 -0.3993 -0.8625
vn -0.2259 -0.7996 -0.5564
vn -0.1718 0.0142 -0.9850
vn -0.1567 0.0169 -0.9875
vn -0.2915 0.0219 -0.9563
vn -0.3122 0.0192 -0.9498
vn -0.4195 -0.0046 -0.9077
vn -0.3682 -0.4686 -0.8030
vn -0.4053 0.0287 -0.9137
vn -0.6507 0.0190 -0.7591
vn -0.6960 -0.0454 -0.7166
vn -0.4323 -0.6065 -0.6673
vn -0.1515 0.0127 -0.9884
vn -0.1540 0.0040 -0.9881
vn -0.2729 -0.0019 -0.9620
vn -0.2760 0.0030 -0.9611
vn -0.6575 0.0063 -0.7534
vn -0.3920 0.0081 -0.9199
vn -0.3761 -0.0031 -0.9266
vn -0.6493 0.0084 -0.7605
vn -0.1476 -0.0012 -0.9890
vn -0.2731 -0.0039 -0.9620
vn -0.1464 0.0128 -0.9891
vn -0.2771 0.0104 -0.9608
vn -0.3658 -0.0063 -0.9307
vn -0.5998 0.0034 -0.8001
vn -0.3729 0.0025 -0.9279
vn -0.5365 -0.0108 -0.8439
vn -0.1501 -0.0006 -0.9887
vn -0.2830 0.0023 -0.9591
vn -0.1491 -0.0205 -0.9886
vn -0.2806 -0.0130 -0.9597
vn -0.3814 0.0013 -0.9244
vn -0.4952 0.0261 -0.8684
vn -0.3467 0.0186 -0.9378
vn -0.4835 0.0304 -0.8748
vn -0.1443 -0.0234 -0.9893
vn -0.2555 0.0091 -0.9668
vn -0.1242 -0.0281 -0.9919
vn -0.2486 -0.0335 -0.9680
vn -0.3339 0.0241 -0.9423
vn -0.5092 -0.0037 -0.8606
vn -0.3543 -0.1015 -0.9296
vn -0.5176 -0.1504 -0.8423
vn -0.2900 -0.2410 -0.9262
vn -0.1117 -0.1750 -0.9782
vn -0.0696 -0.5591 -0.8261
vn -0.2469 -0.5926 -0.7667
vn -0.4553 -0.4521 -0.7670
vn -0.3842 -0.3435 -0.8570
vn -0.3802 -0.6285 -0.6786
vn -0.4064 -0.7127 -0.5718
vn 0.0569 -0.9841 -0.1684
vn -0.0779 -0.9266 -0.3680
vn -0.2273 -0.8269 -0.5143
vn -0.1053 -0.8981 -0.4269
vn 0.0739 -0.9931 0.0910
vn 0.0142 -0.9922 0.1241
vn 0.1805 -0.9667 0.1814
vn 0.3946 -0.9142 0.0919
vn 0.2786 -0.7910 -0.5448
vn 0.4927 -0.7815 -0.3827
vn 0.5290 -0.4732 -0.7045
vn 0.3317 -0.4365 -0.8363
vn 0.3412 -0.0027 -0.9400
vn 0.4920 -0.0307 -0.8701
vn 0.4988 0.0387 -0.8659
vn 0.3373 0.0357 -0.9407
vn 0.9094 -0.0225 -0.4154
vn 0.9997 -0.0177 0.0195
vn 0.9999 0.0149 0.0056
vn 0.9018 0.0253 -0.4315
vn 0.8981 -0.3945 -0.1943
vn 0.9231 -0.3737 0.0910
vn 0.3384 0.0082 -0.9410
vn 0.5063 0.0116 -0.8623
vn 0.4977 -0.0060 -0.8673
vn 0.3390 -0.0137 -0.9407
vn 0.9098 0.0036 -0.4150
vn 0.9999 -0.0076 0.0122
vn 0.9999 -0.0056 0.0123
vn 0.9074 -0.0012 -0.4202
vn 0.9999 -0.0072 -0.0115
vn 0.9998 0.0207 -0.0081
vn 1.0000 -0.0024 0.0013
vn 0.9995 0.0311 0.0110
vn 1.0000 -0.0082 -0.0027
vn 0.9999 -0.0059 -0.0119
vn 0.3388 -0.0098 -0.9408
vn 0.3414 0.0254 -0.9396
vn 0.4757 -0.0117 -0.8795
vn 0.4767 0.0192 -0.8789
vn 0.8925 -0.0119 -0.4510
vn 0.9999 -0.0115 0.0055
vn 0.9999 -0.0154 0.0064
vn 0.8901 -0.0007 -0.4557
vn 0.9999 -0.0115 -0.0077
vn 0.9999 -0.0153 0.0023
vn 0.9997 -0.0227 0.0064
vn 0.9998 -0.0180 -0.0026
vn 0.3457 0.0335 -0.9377
vn 0.3426 0.0102 -0.9394
vn 0.5041 0.0251 -0.8633
vn 0.5252 0.0075 -0.8509
vn 0.9042 0.0023 -0.4271
vn 0.9170 -0.0167 -0.3985
vn 0.9998 -0.0116 0.0130
vn 0.9996 -0.0200 0.0223
vn 0.9999 -0.0172 0.0016
vn 0.9997 -0.0220 0.0133
vn 0.9995 -0.0242 0.0188
vn 0.9997 -0.0214 0.0099
vn 0.3558 -0.0488 -0.9333
vn 0.4202 -0.1118 -0.9005
vn 0.5459 -0.1236 -0.8287
vn 0.5903 -0.2278 -0.7744
vn 0.8607 -0.2900 -0.4185
vn 0.9053 -0.1775 -0.3858
vn 0.9926 -0.1211 -0.0050
vn 0.9687 -0.2050 -0.1398
vn 0.9981 -0.0618 0.0001
vn 0.9996 -0.0272 0.0102
vn 0.9912 -0.1099 -0.0745
vn 0.9985 -0.0469 -0.0271
vn 0.8250 -0.3441 -0.4482
vn 0.9261 -0.3006 -0.2281
vn 0.7780 -0.5860 -0.2264
vn 0.7127 -0.5926 -0.3753
vn 0.6384 -0.2835 -0.7156
vn 0.6011 -0.5509 -0.5789
vn 0.4229 -0.5469 -0.7225
vn 0.4893 -0.1862 -0.8520
vn 0.9611 -0.2277 -0.1566
vn 0.9883 -0.1240 -0.0887
vn 0.8035 -0.5539 -0.2183
vn 0.8366 -0.5212 -0.1686
vn -0.0521 -0.9947 0.0888
vn 0.0652 -0.9835 0.1690
vn 0.4859 -0.8686 0.0973
vn 0.6248 -0.7599 0.1796
vn 0.3583 -0.9300 0.0827
vn 0.8780 -0.4746 0.0624
vn 0.8220 -0.5666 0.0582
vn 0.7048 -0.7093 0.0163
vn 0.9989 -0.0457 0.0134
vn 0.9970 -0.0668 0.0391
vn -0.3478 -0.8787 -0.3271
vn -0.3623 -0.8467 -0.3897
vn -0.3489 -0.8233 -0.4477
vn -0.3468 -0.7922 -0.5021
vn -0.1125 -0.5653 -0.8172
vn 0.2459 -0.5132 -0.8223
vn 0.2284 -0.6041 -0.7635
vn -0.1419 -0.6268 -0.7662
vn 0.6413 -0.3641 -0.6754
vn 0.8174 -0.3182 -0.4802
vn 0.8826 -0.2839 -0.3748
vn 0.6649 -0.4431 -0.6013
vn 0.7373 -0.4532 -0.5011
vn 0.9317 -0.2496 -0.2637
vn 0.9630 -0.1989 -0.1820
vn 0.8288 -0.3984 -0.3928
vn 0.2925 -0.6510 -0.7005
vn 0.4018 -0.6924 -0.5993
vn 0.9651 -0.1732 -0.1964
vn 0.9401 -0.2133 -0.2659
vn 0.9661 -0.1282 -0.2243
vn 0.9862 -0.0977 -0.1338
vn 0.9999 -0.0088 0.0120
vn 0.9998 0.0051 0.0195
vn 0.9998 0.0187 0.0088
vn 0.9973 -0.0427 -0.0593
vn 1.0000 -0.0026 0.0063
vn 0.9996 -0.0118 0.0256
vn 0.9984 -0.0532 -0.0192
vn 0.9989 -0.0265 0.0380
vn 0.9835 -0.1195 -0.1358
vn 0.9920 -0.1030 -0.0732
vn 0.9988 -0.0492 -0.0063
vn 0.9811 -0.1382 -0.1358
vn 0.9941 -0.0704 -0.0821
vn 0.9997 -0.0193 0.0174
vn 0.9993 -0.0237 0.0275
vn 0.9992 -0.0276 0.0288
vn 0.9994 -0.0269 0.0195
vn 0.9736 -0.1162 -0.1967
vn 0.9723 -0.1522 -0.1776
vn 0.9954 -0.0692 -0.0659
vn 0.9904 -0.0886 -0.1062
vn 0.9991 -0.0263 0.0322
vn 0.9990 -0.0202 0.0386
vn 0.9996 -0.0189 0.0218
vn 0.9990 -0.0243 0.0375
vn 0.9982 -0.0550 -0.0236
vn 0.9995 -0.0322 0.0060
vn 0.9838 -0.1236 -0.1299
vn 0.9967 -0.0642 -0.0498
vn 0.9994 -0.0203 0.0287
vn 0.9987 -0.0489 0.0161
vn 0.9994 -0.0261 0.0219
vn 0.9993 -0.0243 0.0271
vn 0.9994 -0.0278 0.0227
vn 0.9994 -0.0273 0.0226
vn 0.9994 -0.0229 0.0273
vn 0.9994 -0.0168 0.0294
vn 0.9994 -0.0251 0.0236
vn 0.9993 -0.0253 0.0264
vn 0.9994 -0.0229 0.0259
vn 0.9996 -0.0136 0.0259
vn 0.9995 -0.0141 0.0267
vn 0.9994 -0.0216 0.0262
vn 0.9994 0.0004 0.0345
vn 0.9998 -0.0134 0.0145
vn 0.9998 -0.0155 0.0128
vn 0.9978 0.0662 -0.0031
vn 0.9997 0.0255 0.0055
vn 0.9996 -0.0035 0.0276
vn 0.9993 -0.0274 0.0247
vn 0.9994 -0.0266 0.0243
vn 0.9997 -0.0019 0.0262
vn 0.9995 0.0006 0.0316
vn 0.9995 -0.0213 0.0213
vn 1.0000 -0.0028 0.0074
vn 0.9982 -0.0539 0.0282
vn 0.9988 -0.0443 0.0214
vn 0.9985 -0.0491 0.0259
vn 0.9071 -0.4208 0.0135
vn 0.9186 -0.3950 0.0121
vn 0.8896 -0.4563 0.0191
vn 0.9983 -0.0552 -0.0198
vn 0.8706 -0.4885 -0.0588
vn 0.9991 -0.0402 0.0154
vn 0.9976 -0.0659 -0.0198
vn 0.8769 -0.4803 0.0213
vn 0.9202 -0.3914 -0.0099
vn 0.9985 -0.0528 0.0134
vn 0.9323 -0.3614 0.0134
vn -0.3363 -0.7717 -0.5398
vn -0.3088 -0.7347 -0.6041
vn -0.1607 -0.7107 -0.6849
vn -0.1323 -0.7916 -0.5965
vn -0.0520 -0.8701 -0.4902
vn 0.5311 -0.6942 -0.4858
vn 0.6557 -0.6720 -0.3443
vn 0.0852 -0.9422 -0.3242
vn 0.2252 -0.9733 -0.0450
vn 0.7542 -0.6392 -0.1503
vn 0.9860 -0.1397 -0.0910
vn 0.9450 -0.2371 -0.2251
vn 0.8939 -0.3184 -0.3156
vn 0.2004 -0.9772 -0.0699
vn 0.2475 -0.9391 -0.2382
vn 0.1398 -0.9868 0.0812
vn 0.1775 -0.9827 -0.0530
vn 0.0291 -0.9952 0.0932
vn 0.2645 -0.9377 -0.2253
vn -0.2078 -0.9654 -0.1578
vn -0.5759 -0.7848 -0.2291
vn -0.5825 -0.8047 0.1149
vn -0.3093 -0.9417 0.1322
vn -0.9724 -0.1237 -0.1979
vn -0.9511 0.0093 -0.3088
vn -0.9993 0.0225 -0.0282
vn -0.9733 -0.2134 0.0839
vn -0.9433 -0.3297 0.0378
vn -0.5158 -0.8451 0.1405
vn -0.9993 0.0371 -0.0098
vn -0.9998 0.0175 0.0048
vn -0.9103 -0.4129 0.0295
vn -0.4554 -0.8879 0.0650
vn -0.9561 -0.0108 -0.2928
vn -0.9583 0.0069 -0.2857
vn -0.9993 0.0010 -0.0366
vn -0.9994 -0.0167 -0.0291
vn -0.9996 -0.0087 -0.0255
vn -0.9991 0.0070 -0.0410
vn -0.9998 0.0147 -0.0136
vn -1.0000 0.0064 0.0008
vn -0.9445 0.0194 -0.3279
vn -0.9091 0.0037 -0.4166
vn -0.9994 0.0011 -0.0344
vn -0.9989 0.0112 -0.0448
vn -0.9999 0.0013 -0.0161
vn -0.9988 0.0085 -0.0477
vn -0.9994 -0.0093 -0.0337
vn -0.9997 -0.0255 0.0017
vn -0.8860 0.0140 -0.4636
vn -0.8983 -0.0027 -0.4395
vn -0.9997 -0.0236 -0.0078
vn -0.9996 -0.0200 -0.0214
vn -0.9994 -0.0319 -0.0149
vn -0.9991 -0.0399 0.0104
vn -0.9996 -0.0270 -0.0076
vn -0.9996 -0.0272 0.0057
vn -0.8861 -0.1572 -0.4360
vn -0.9952 -0.0810 -0.0540
vn -0.9995 -0.0253 -0.0164
vn -0.9005 -0.0295 -0.4338
vn -0.9995 -0.0215 -0.0210
vn -1.0000 -0.0039 0.0075
vn -0.9997 -0.0196 0.0120
vn -0.9998 -0.0192 -0.0067
vn -0.4934 -0.7772 -0.3906
vn -0.6323 -0.7336 -0.2489
vn -0.9142 -0.3602 -0.1860
vn -0.7370 -0.4918 -0.4637
vn -0.9744 -0.2071 -0.0872
vn -0.9936 -0.1124 -0.0057
vn -0.7322 -0.6686 -0.1299
vn -0.8235 -0.5654 -0.0477
vn 0.0084 -0.9802 0.1979
vn -0.1865 -0.9616 0.2015
vn -0.3017 -0.9298 0.2109
vn -0.2120 -0.9714 0.1066
vn -0.1040 -0.9938 -0.0393
vn -0.3765 -0.9238 -0.0693
vn -0.3242 -0.9302 -0.1721
vn 0.0088 -0.9796 -0.2009
vn -0.8555 -0.5165 -0.0351
vn -0.9994 -0.0006 0.0356
vn -0.9982 -0.0601 0.0068
vn -0.7929 -0.5908 -0.1494
vn -0.7642 -0.5975 -0.2430
vn -0.7345 -0.5473 -0.4011
vn -0.2498 -0.8695 -0.4261
vn -0.2656 -0.9245 -0.2735
vn -0.9900 -0.1267 -0.0627
vn -0.9674 -0.1915 -0.1656
vn -0.9638 -0.1805 -0.1964
vn -0.9781 -0.1208 -0.1692
vn -0.9014 -0.2872 -0.3239
vn -0.9781 -0.1524 -0.1417
vn -0.9071 -0.2981 -0.2971
vn -0.9967 -0.0641 -0.0492
vn -0.9998 0.0166 0.0128
vn -0.9999 0.0148 0.0053
vn -0.9996 0.0138 0.0231
vn -0.9990 0.0305 0.0312
vn -0.9992 0.0186 0.0344
vn -0.9997 -0.0237 0.0090
vn -0.9991 0.0187 0.0373
vn -0.9986 0.0172 0.0505
vn -0.9942 -0.0819 -0.0696
vn -0.9322 -0.2552 -0.2568
vn -0.9989 -0.0138 0.0450
vn -0.9999 -0.0048 0.0139
vn -0.9991 -0.0357 0.0214
vn -0.9992 -0.0306 0.0240
vn -0.9996 -0.0101 0.0269
vn -0.9905 -0.0859 -0.1074
vn -0.9999 -0.0128 0.0085
vn -0.9992 -0.0207 0.0332
vn -0.9943 -0.0604 -0.0882
vn -0.9994 -0.0105 0.0338
vn -0.9988 -0.0067 0.0487
vn -0.9992 -0.0273 0.0293
vn -0.9990 -0.0266 0.0371
vn -0.9984 0.0058 0.0564
vn -0.9985 -0.0230 0.0487
vn -0.9993 -0.0338 0.0187
vn -0.9986 -0.0400 0.0331
vn -0.9992 -0.0344 0.0199
vn -0.9994 -0.0334 0.0132
vn -0.9962 -0.0227 -0.0836
vn -0.9996 -0.0087 0.0282
vn -0.9999 0.0064 0.0123
vn -0.9987 0.0048 -0.0508
vn -0.9984 -0.0440 0.0347
vn -0.9984 -0.0426 0.0372
vn -0.9990 -0.0314 0.0310
vn -0.9996 -0.0171 0.0212
vn -0.9990 -0.0286 0.0350
vn -0.9999 -0.0019 0.0135
vn -0.9977 0.0468 -0.0493
vn -0.9999 0.0128 -0.0006
vn -0.9981 0.0588 -0.0202
vn -0.9935 0.0819 -0.0793
vn -0.9996 -0.0175 0.0216
vn -0.9998 -0.0040 0.0203
vn -0.9999 -0.0017 0.0145
vn -0.9999 -0.0036 0.0138
vn -0.9997 0.0225 0.0095
vn -0.9999 0.0084 0.0138
vn -0.9998 0.0109 0.0145
vn -0.9999 0.0020 0.0147
vn -0.9998 0.0080 0.0184
vn -0.9998 -0.0050 0.0167
vn -0.9966 -0.0789 -0.0231
vn -0.8455 -0.5340 0.0029
vn -0.7900 -0.6130 0.0086
vn -0.9883 -0.1484 -0.0360
vn -0.9980 -0.0626 -0.0006
vn -0.9971 -0.0757 0.0021
vn -0.8671 -0.4981 0.0074
vn -0.8562 -0.5163 0.0172
vn -0.9971 -0.0758 0.0101
vn -0.9959 -0.0888 0.0160
vn -0.8916 -0.4526 -0.0115
vn -0.8940 -0.4475 0.0242
vn -0.9945 -0.1035 0.0149
vn -0.8765 -0.4813 0.0128
vn 0.3048 -0.8959 -0.3231
vn 0.3329 -0.8343 -0.4394
vn 0.2924 -0.8989 -0.3264
vn 0.3014 -0.8413 -0.4487
vn 0.0843 -0.9429 -0.3221
vn 0.1251 -0.8874 -0.4437
vn 0.3261 -0.7508 -0.5745
vn 0.3254 -0.7582 -0.5650
vn 0.1468 -0.8198 -0.5535
vn -0.2908 -0.7719 -0.5654
vn 0.1132 -0.7318 -0.6721
vn -0.3340 -0.6769 -0.6560
vn -0.7012 -0.4690 -0.5370
vn -0.7021 -0.5058 -0.5013
vn -0.3558 -0.6098 -0.7082
vn 0.0481 -0.6425 -0.7648
vn -0.7149 -0.5123 -0.4758
vn -0.2508 0.1205 0.9605
vn -0.2729 0.1014 0.9567
vn -0.2554 -0.0796 0.9635
vn -0.2612 -0.0857 0.9615
vn -0.2784 -0.0558 0.9588
vn -0.3170 0.1082 0.9422
vn -0.4369 0.0610 0.8975
vn -0.3788 -0.0753 0.9224
vn -0.4875 -0.1259 0.8640
vn -0.5517 0.0082 0.8340
vn -0.6620 -0.0556 0.7475
vn -0.5670 -0.1892 0.8017
vn -0.6275 -0.2885 0.7231
vn -0.7236 -0.1041 0.6823
vn -0.7573 -0.0636 0.6500
vn -0.6596 -0.3618 0.6588
vn -0.5714 -0.4565 0.6819
vn -0.8141 0.0141 0.5805
vn -0.5215 -0.2256 0.8229
vn -0.5881 -0.2823 0.7579
vn -0.4536 -0.1744 0.8740
vn -0.4916 -0.0359 0.8701
vn -0.5815 -0.0697 0.8105
vn -0.6670 -0.0849 0.7402
vn -0.3644 -0.1394 0.9207
vn -0.2818 -0.1456 0.9483
vn -0.3356 -0.0100 0.9420
vn -0.4177 -0.0048 0.9086
vn -0.5624 -0.3535 0.7475
vn -0.7318 -0.0502 0.6797
vn -0.6635 -0.3767 0.6465
vn -0.8891 0.0097 0.4577
vn -0.3164 0.0901 0.9443
vn -0.3050 0.0961 0.9475
vn -0.2724 -0.0729 0.9594
vn -0.2705 -0.0846 0.9590
vn -0.2543 -0.1487 0.9556
vn -0.2582 -0.1635 0.9522
vn -0.2977 -0.0183 0.9545
vn -0.3095 -0.0411 0.9500
vn -0.2434 0.1055 0.9642
vn -0.2289 -0.0591 0.9717
vn -0.1568 0.1139 0.9810
vn -0.1347 -0.0490 0.9897
vn -0.2625 -0.1811 0.9478
vn -0.3074 -0.0489 0.9503
vn -0.2396 -0.1848 0.9531
vn -0.2768 -0.0449 0.9599
vn -0.0395 0.1243 0.9915
vn 0.0856 0.1054 0.9907
vn -0.0381 -0.0338 0.9987
vn 0.0635 -0.0130 0.9979
vn -0.1959 -0.1839 0.9632
vn -0.1842 -0.0028 0.9829
vn -0.0935 -0.1552 0.9835
vn -0.0673 0.0404 0.9969
vn 0.3861 -0.0805 0.9190
vn 0.3639 -0.0150 0.9313
vn 0.5114 0.0530 0.8577
vn 0.3923 -0.2253 0.8918
vn 0.4577 -0.2615 0.8498
vn 0.2028 -0.1237 0.9714
vn 0.2286 0.0557 0.9719
vn 0.1300 -0.0245 0.9912
vn 0.0072 -0.1076 0.9942
vn 0.0175 0.0596 0.9981
vn 0.0773 -0.0768 0.9940
vn 0.0898 0.0832 0.9925
vn 0.1222 -0.0649 0.9904
vn 0.1658 -0.0266 0.9858
vn 0.1779 0.1209 0.9766
vn 0.2800 0.1816 0.9427
vn 0.7589 -0.4663 -0.4545
vn 0.6908 -0.5934 -0.4131
vn 0.5364 -0.5739 -0.6188
vn 0.5627 -0.3504 -0.7487
vn 0.3921 -0.4160 -0.8205
vn 0.6142 -0.1889 -0.7662
vn 0.5356 -0.0224 -0.8442
vn 0.5748 0.0541 -0.8165
vn 0.8251 0.0647 -0.5613
vn 0.2860 0.8914 0.3516
vn 0.0641 0.9231 0.3793
vn 0.0269 0.9485 0.3157
vn 0.3498 0.7743 0.5274
vn 0.4694 0.7980 0.3780
vn 0.3173 0.7419 0.5907
vn 0.4594 0.8669 0.1933
vn 0.5207 0.8317 0.1931
vn 0.1076 0.9940 0.0177
vn -0.9884 -0.1340 -0.0715
vn -0.9924 -0.0766 -0.0960
vn -0.7722 -0.6288 -0.0914
vn -0.7503 -0.6574 0.0700
vn -0.9638 -0.2454 0.1046
vn -0.6633 -0.6734 0.3263
vn -0.9907 0.1357 0.0083
vn -0.9744 0.1642 -0.1536
vn -0.9803 0.1814 -0.0780
vn -0.6185 -0.3654 -0.6957
vn -0.6487 -0.3062 -0.6967
vn -0.6618 -0.0572 -0.7475
vn -0.5116 -0.1092 -0.8522
vn -0.4994 -0.2816 -0.8194
vn -0.3464 -0.0147 -0.9380
vn -0.3951 -0.6785 -0.6193
vn -0.4939 -0.5873 -0.6412
vn -0.5336 -0.5194 -0.6674
vn -0.4983 -0.0282 -0.8665
vn -0.7810 0.0231 -0.6241
vn -0.6483 0.2888 -0.7045
vn -0.4595 0.2791 -0.8432
vn -0.3943 -0.2213 -0.8919
vn -0.4910 0.1977 -0.8484
vn -0.3889 0.4242 -0.8178
vn -0.3754 0.3034 -0.8758
vn -0.3161 0.3386 -0.8863
vn -0.1893 0.6451 -0.7402
vn -0.4488 0.3927 -0.8027
vn -0.4070 0.3061 -0.8606
vn 0.6487 0.3803 -0.6593
vn 0.6068 0.1859 -0.7728
vn 0.7204 0.3414 -0.6037
vn 0.5820 0.2012 -0.7879
vn 0.6011 0.1786 -0.7790
vn 0.4195 0.0182 -0.9076
vn 0.4742 0.6276 -0.6174
vn 0.5056 0.6770 -0.5348
vn 0.4745 0.7441 -0.4703
vn 0.5509 0.5766 -0.6034
vn 0.6771 0.6359 -0.3703
vn 0.7739 0.2477 -0.5828
vn 0.5730 0.1933 -0.7964
vn 0.6445 0.2654 -0.7171
vn 0.4754 0.1704 -0.8631
vn 0.7689 0.3763 -0.5169
vn 0.7553 0.5407 -0.3704
vn 0.7695 0.2874 -0.5703
vn 0.8735 0.3900 -0.2914
vn 0.8513 0.2389 -0.4672
vn 0.4935 0.4703 -0.7316
vn 0.5422 0.3021 -0.7840
vn 0.4471 0.1950 -0.8730
vn 0.6553 0.3734 -0.6567
vn 0.5086 0.4313 -0.7452
vn 0.5033 0.3225 -0.8017
vn 0.8738 -0.1895 -0.4478
vn 0.6404 -0.1917 -0.7437
vn 0.8894 -0.1781 -0.4210
vn 0.8189 -0.2668 -0.5081
vn 0.5066 -0.0417 0.8611
vn 0.4759 -0.2711 0.8367
vn 0.7421 0.0428 0.6689
vn 0.6711 -0.2868 0.6837
vn 0.3308 -0.0413 0.9428
vn 0.3919 0.2298 0.8908
vn 0.4629 -0.0994 0.8808
vn 0.5256 0.2117 0.8240
vn 0.7048 -0.4055 0.5821
vn 0.6135 -0.3162 0.7237
vn 0.7744 0.1265 0.6200
vn 0.9099 0.1201 0.3971
vn 0.6997 0.5148 0.4954
vn 0.7081 0.2198 0.6710
vn 0.6979 0.6543 0.2913
vn 0.7498 -0.0448 0.6601
vn 0.6028 -0.4144 0.6818
vn 0.4368 0.7020 0.5625
vn 0.5293 0.7570 0.3832
vn 0.8061 0.3699 0.4619
vn 0.4516 0.3692 0.8122
vn 0.3736 0.9115 0.1721
vn 0.7607 0.5648 0.3197
vn 0.5888 0.0981 0.8023
vn 0.7819 0.2051 0.5886
vn 0.7671 0.4868 0.4180
vn 0.4143 0.1331 0.9004
vn 0.4250 -0.2289 0.8758
vn 0.3724 -0.2309 0.8989
vn 0.3148 0.1382 0.9390
vn 0.5241 0.1236 0.8427
vn 0.4471 -0.2864 0.8474
vn 0.6020 0.0923 0.7932
vn 0.5446 -0.3070 0.7805
vn 0.5799 0.1718 0.7963
vn 0.7188 0.1863 0.6698
vn 0.6803 0.0583 0.7306
vn 0.6520 -0.2621 0.7115
vn 0.9251 0.2347 0.2985
vn 0.6019 0.4913 0.6296
vn 0.9021 0.3962 0.1710
vn 0.6521 -0.0424 0.7570
vn 0.3716 0.4590 0.8070
vn 0.7359 0.2025 0.6461
vn 0.5868 -0.1475 0.7962
vn 0.6844 -0.1625 0.7108
vn 0.6113 -0.3223 0.7228
vn 0.3784 0.7383 0.5583
vn 0.2464 0.8799 0.4062
vn 0.1276 0.8843 0.4491
vn 0.2302 0.7624 0.6048
vn 0.1859 0.8713 0.4543
vn 0.4218 0.6753 0.6050
vn 0.2517 0.8803 0.4022
vn 0.1563 0.6424 0.7503
vn 0.4790 0.4232 0.7690
vn 0.4607 0.5331 0.7096
vn 0.5235 0.3974 0.7537
vn 0.3406 0.4940 0.8000
vn 0.6028 -0.1699 0.7796
vn 0.5105 -0.0523 0.8583
vn -0.8147 -0.0180 0.5796
vn -0.7168 -0.0303 0.6966
vn -0.7456 -0.1859 0.6399
vn -0.7997 -0.2623 0.5401
vn -0.8985 -0.0218 0.4385
vn -0.8188 -0.3634 0.4443
vn -0.6205 -0.0200 0.7840
vn -0.5025 0.0024 0.8646
vn -0.5255 -0.0893 0.8461
vn -0.6114 -0.1402 0.7788
vn 0.1936 0.7652 0.6140
vn 0.0671 0.8178 0.5717
vn 0.1143 0.5092 0.8530
vn -0.1421 0.5485 0.8240
vn 0.2979 0.3156 0.9009
vn 0.4716 0.5439 0.6941
vn 0.3758 -0.1538 0.9138
vn 0.5793 0.3515 0.7355
vn 0.3460 -0.1841 0.9200
vn 0.7991 0.2766 0.5338
vn 0.0405 0.1484 0.9881
vn 0.0689 -0.0842 0.9941
vn -0.0034 -0.0613 0.9981
vn -0.0538 0.1294 0.9901
vn 0.1101 0.1536 0.9820
vn 0.1499 -0.1100 0.9826
vn 0.2150 0.1458 0.9657
vn 0.2602 -0.1876 0.9472
vn 0.0376 -0.1999 0.9791
vn -0.1341 -0.0971 0.9862
vn -0.0236 0.0320 0.9992
vn 0.0022 -0.1755 0.9845
vn 0.0768 -0.3198 0.9444
vn -0.0540 -0.1445 0.9880
vn 0.1922 -0.3037 0.9332
vn 0.1858 0.1209 0.9751
vn -0.6754 -0.3119 0.6682
vn -0.7789 -0.2380 0.5802
vn -0.6253 -0.3514 0.6968
vn -0.6728 -0.0927 0.7340
vn -0.8493 0.0811 0.5217
vn -0.8817 0.2276 0.4133
vn -0.6056 -0.0262 0.7954
vn -0.5632 -0.2315 0.7932
vn -0.4773 -0.1803 0.8600
vn -0.5542 0.0916 0.8273
vn -0.3298 0.0402 0.9432
vn -0.3597 0.0372 0.9323
vn -0.3235 0.0445 0.9452
vn -0.3021 -0.0302 0.9528
vn -0.2958 -0.0548 0.9537
vn -0.3437 -0.0633 0.9369
vn -0.4170 0.0229 0.9086
vn -0.4208 -0.0859 0.9031
vn -0.2944 0.0691 0.9532
vn -0.2620 -0.0637 0.9630
vn -0.2261 0.1035 0.9686
vn -0.2063 -0.0628 0.9765
vn -0.1458 0.1229 0.9817
vn -0.1162 -0.0618 0.9913
vn -0.1085 -0.2020 0.9734
vn -0.0129 0.1748 0.9845
vn -0.1709 0.1490 0.9740
vn -0.1750 -0.1695 0.9699
vn -0.2366 0.0670 0.9693
vn -0.1688 0.3470 0.9225
vn -0.2284 0.2211 0.9481
vn 0.0551 0.2375 0.9698
vn -0.2594 -0.1406 0.9555
vn -0.3274 0.1663 0.9301
vn -0.3904 0.2321 0.8909
vn -0.3379 -0.1019 0.9357
vn -0.9188 0.3804 -0.1054
vn -0.8714 0.4902 -0.0189
vn -0.8619 0.4765 0.1738
vn -0.8707 0.4917 -0.0113
vn -0.9420 0.3187 -0.1051
vn -0.9503 0.3105 -0.0214
vn -0.8506 0.5099 0.1282
vn -0.9377 0.2985 0.1777
vn -0.8573 0.5120 0.0544
vn -0.7969 0.6038 -0.0199
vn -0.9544 0.0996 0.2816
vn -0.9647 0.1461 0.2193
vn -0.8814 -0.3596 0.3062
vn -0.8667 -0.4045 0.2918
vn -0.7153 -0.5966 0.3638
vn -0.8682 -0.4295 0.2485
vn -0.8465 -0.4253 0.3204
vn -0.8932 -0.3297 0.3057
vn -0.9363 0.1983 0.2899
vn -0.9205 0.3482 0.1774
vn -0.7693 0.5282 0.3594
vn -0.7321 0.6456 0.2172
vn -0.8726 0.4819 -0.0800
vn -0.8539 0.5057 0.1231
vn -0.7007 0.7064 0.1002
vn -0.6519 0.7472 0.1292
vn -0.8492 0.5184 0.1007
vn -0.6538 0.7486 -0.1104
vn -0.7885 0.6046 -0.1127
vn -0.8898 0.4557 -0.0252
vn -0.7869 0.6167 0.0220
vn 0.7991 -0.2289 -0.5559
vn 0.7730 0.0924 -0.6276
vn 0.2707 0.3643 -0.8911
vn 0.4411 0.5777 -0.6868
vn 0.3381 -0.4496 -0.8268
vn 0.6413 -0.3385 -0.6886
vn -0.5375 -0.4486 -0.7141
vn -0.4528 -0.4353 -0.7781
vn -0.3763 -0.5156 -0.7698
vn -0.3383 0.2092 -0.9175
vn -0.4364 0.3682 -0.8210
vn -0.4569 0.4099 -0.7895
vn -0.7997 -0.6004 0.0025
vn -0.8815 -0.4658 0.0768
vn -0.7950 -0.5990 -0.0958
vn -0.9875 0.1188 -0.1032
vn -0.9899 0.1165 0.0806
vn -0.9952 -0.0972 0.0111
vn -0.8989 -0.0908 0.4285
vn -0.7349 -0.4896 0.4693
vn -0.9741 -0.1525 0.1668
vn -0.7401 -0.5933 0.3165
vn -0.9791 -0.1922 0.0670
vn -0.9804 -0.1438 0.1347
vn -0.9938 -0.1108 -0.0074
vn -0.9837 -0.1029 0.1475
vn -0.9528 -0.3011 0.0399
vn -0.9761 -0.2164 -0.0220
vn -0.6529 -0.7340 0.1871
vn -0.7580 -0.5149 0.4003
vn -0.8033 -0.5779 0.1440
vn -0.6891 -0.6581 0.3035
vn -0.8173 -0.5051 0.2772
vn -0.8183 -0.3970 0.4157
vn -0.9536 -0.0764 0.2913
vn -0.9637 -0.0668 0.2586
vn -0.9769 -0.1209 0.1760
vn -0.6901 -0.0976 0.7171
vn -0.9187 -0.1483 0.3661
vn -0.6928 -0.3455 0.6329
vn -0.9750 -0.1057 0.1954
vn -0.7587 -0.0098 0.6513
vn -0.8855 0.3726 0.2778
vn -0.9770 0.0360 0.2102
vn -0.9525 0.2990 0.0571
vn -0.9887 -0.1347 -0.0663
vn -0.9196 0.3661 -0.1427
vn -0.9944 -0.0566 0.0889
vn -0.3016 0.4232 -0.8544
vn -0.4506 0.5322 -0.7167
vn -0.2294 0.3006 -0.9258
vn -0.2270 0.0275 -0.9735
vn -0.3264 0.0714 -0.9425
vn -0.5136 0.2057 -0.8330
vn -0.1056 -0.5315 -0.8404
vn 0.2563 -0.2847 -0.9237
vn 0.1409 -0.2497 -0.9580
vn 0.0479 0.0143 -0.9987
vn 0.6829 0.0849 -0.7256
vn 0.6421 -0.2838 -0.7122
vn 0.7411 0.0358 0.6704
vn 0.7393 0.0263 0.6728
vn 0.7522 0.2989 0.5872
vn 0.7640 -0.0449 0.6436
vn 0.8366 -0.1213 0.5342
vn 0.8429 0.1574 0.5146
vn 0.8300 0.3922 0.3966
vn 0.8427 -0.2424 0.4808
vn 0.5545 0.0278 0.8317
vn 0.7225 -0.1433 0.6764
vn 0.7641 0.2868 0.5779
vn 0.7355 0.2626 0.6246
vn 0.5917 -0.3156 0.7418
vn 0.5425 0.0518 0.8385
vn 0.5640 0.6625 0.4930
vn 0.6414 0.0180 0.7670
vn 0.8349 0.0190 0.5501
vn 0.6918 0.0705 0.7187
vn 0.8416 0.0724 0.5352
vn 0.4458 -0.1643 0.8799
vn 0.4384 -0.1570 0.8849
vn 0.5909 -0.0994 0.8006
vn 0.8505 0.0392 0.5246
vn 0.6755 -0.2756 0.6839
vn 0.1721 -0.3264 0.9294
vn 0.3129 -0.2372 0.9197
vn 0.2415 -0.6328 0.7357
vn 0.5666 0.1850 0.8030
vn 0.8042 0.0987 0.5861
vn 0.4167 -0.0744 0.9060
vn 0.7885 -0.0285 0.6144
vn 0.5243 -0.2831 0.8031
vn 0.3650 -0.1976 0.9098
vn 0.6637 0.0285 0.7475
vn 0.0995 -0.1747 0.9796
vn 0.7483 -0.1872 0.6364
vn 0.5750 -0.0512 0.8165
vn 0.6050 -0.2709 0.7487
vn 0.6549 -0.1930 0.7306
vn 0.6524 -0.4970 0.5722
vn 0.8270 -0.1019 0.5529
vn 0.7988 -0.1415 0.5847
vn 0.7513 -0.1979 0.6296
vn 0.8427 -0.0738 0.5333
vn 0.8281 -0.0821 0.5545
vn 0.5679 -0.3367 0.7511
vn 0.5180 -0.3153 0.7952
vn 0.5028 -0.2546 0.8261
vn 0.8884 -0.0062 0.4591
vn 0.8139 -0.1779 0.5531
vn 0.6188 -0.6486 0.4432
vn 0.8530 -0.4070 0.3268
vn 0.7494 -0.4406 0.4942
vn 0.6790 -0.5555 0.4800
vn 0.7094 -0.4981 0.4985
vn 0.7409 -0.6586 0.1317
vn 0.9960 -0.0768 0.0448
vn 0.9833 0.0320 0.1793
vn 0.8242 -0.2415 0.5122
vn 0.9067 -0.2582 0.3336
vn 0.9405 -0.2528 0.2269
vn 0.8937 -0.3941 0.2143
vn 0.9304 -0.0798 0.3578
vn 0.9192 -0.0876 0.3839
vn 0.9523 0.0099 0.3050
vn 0.9862 -0.1127 0.1215
vn -0.9455 -0.3248 0.0236
vn -0.9555 -0.2907 -0.0494
vn -0.9485 -0.1666 0.2696
vn -0.8554 -0.4145 0.3107
vn -0.9460 -0.3223 0.0351
vn -0.8245 -0.5597 -0.0831
vn -0.9331 -0.3595 0.0026
vn -0.9328 -0.3569 -0.0495
vn -0.8913 -0.4523 -0.0313
vn -0.9163 -0.3997 -0.0265
vn -0.7092 -0.3114 0.6325
vn -0.9046 -0.3818 0.1896
vn -0.8188 -0.5504 0.1629
vn -0.6464 -0.6275 0.4340
vn -0.6671 -0.5368 0.5165
vn -0.7903 -0.1500 0.5941
vn -0.7509 -0.5344 0.3881
vn -0.8062 -0.5787 -0.1230
vn -0.6988 -0.7107 0.0811
vn -0.6792 -0.6711 -0.2971
vn -0.9623 -0.2604 -0.0786
vn -0.9198 -0.3919 0.0184
vn -0.7555 -0.5953 -0.2735
vn -0.8923 -0.4513 0.0056
vn -0.3556 -0.6959 -0.6239
vn -0.5309 -0.6166 -0.5813
vn -0.5658 -0.7190 -0.4036
vn -0.7557 -0.6491 -0.0871
vn -0.7512 -0.5567 -0.3546
vn -0.7940 -0.4390 -0.4206
vn -0.8376 -0.2457 -0.4880
vn -0.8877 -0.4006 -0.2269
vn -0.9162 -0.3805 -0.1260
vn -0.8898 -0.3603 -0.2800
vn -0.9085 -0.3574 -0.2165
vn -0.8546 -0.4312 -0.2893
vn -0.8561 -0.3758 -0.3546
vn -0.8996 -0.3270 -0.2894
vn -0.9335 0.1008 0.3441
vn -0.9949 -0.0960 0.0293
vn -0.8771 -0.3881 0.2830
vn -0.9015 -0.2794 0.3304
vn -0.9564 -0.2904 0.0311
vn -0.8498 -0.3122 -0.4247
vn -0.9312 -0.2707 0.2440
vn -0.9928 0.1117 0.0438
vn -0.4167 -0.6053 -0.6782
vn -0.2944 -0.7501 -0.5922
vn -0.3377 -0.8992 0.2782
vn -0.8588 -0.4796 0.1803
vn -0.7298 -0.4980 -0.4684
vn -0.8932 0.0801 -0.4425
vn -0.7505 -0.6177 0.2350
vn -0.9834 0.1714 0.0590
vn -0.9889 0.0766 0.1270
vn -0.9805 -0.1828 0.0728
vn -0.9987 0.0404 -0.0319
vn -0.9948 0.0921 0.0434
vn 0.9290 -0.2849 0.2360
vn 0.9735 -0.1785 0.1430
vn 0.8987 -0.1145 0.4234
vn 0.9601 -0.0540 0.2745
vn 0.9846 -0.1428 0.1011
vn 0.9589 -0.2811 -0.0379
vn 0.8571 -0.4096 0.3126
vn 0.8566 -0.4783 0.1935
vn 0.9271 -0.1973 0.3188
vn 0.9610 -0.1099 0.2536
vn 0.9431 -0.0921 0.3196
vn 0.9625 -0.0670 0.2630
vn 0.9730 -0.2219 -0.0631
vn 0.9899 -0.1419 0.0057
vn 0.9647 -0.2625 -0.0229
vn 0.9196 -0.3709 0.1294
vn -0.3836 0.1078 -0.9172
vn -0.5445 0.1137 -0.8310
vn -0.5467 0.0215 -0.8370
vn -0.3817 0.0356 -0.9236
vn -0.2588 0.0874 -0.9620
vn -0.2577 0.0315 -0.9657
vn -0.7145 0.1256 -0.6882
vn -0.8682 0.1217 -0.4811
vn -0.8479 -0.0915 -0.5223
vn -0.6823 0.0134 -0.7309
vn -0.6242 -0.1838 -0.7593
vn -0.7459 -0.2381 -0.6220
vn -0.7280 -0.2246 -0.6477
vn -0.6347 -0.2354 -0.7360
vn -0.5034 -0.2045 -0.8395
vn -0.4889 -0.1291 -0.8628
vn -0.2982 -0.1835 -0.9367
vn -0.5367 -0.1711 -0.8263
vn -0.2031 -0.2442 -0.9482
vn -0.1807 -0.6983 -0.6926
vn -0.1868 -0.6241 -0.7587
vn -0.3151 -0.6706 -0.6716
vn -0.9908 0.1262 -0.0484
vn -0.9831 0.1472 -0.1091
vn -0.9940 -0.0835 -0.0701
vn -0.9806 -0.1423 -0.1350
vn -0.9577 0.1372 -0.2529
vn -0.9475 -0.1145 -0.2986
vn -0.8710 -0.3523 -0.3425
vn -0.9227 -0.3465 -0.1687
vn -0.8900 -0.4362 -0.1324
vn -0.8440 -0.3064 -0.4401
vn -0.9495 -0.3135 -0.0162
vn -0.9269 -0.3749 0.0159
vn -0.3785 -0.2270 0.8973
vn -0.6577 -0.5679 0.4949
vn -0.6480 -0.5804 0.4931
vn -0.8062 -0.0737 0.5871
vn -0.4717 -0.3530 0.8080
vn -0.9708 -0.2302 0.0668
vn -0.5674 -0.0665 -0.8207
vn -0.7372 -0.2299 -0.6353
vn -0.6842 -0.1741 -0.7082
vn -0.5323 -0.0666 -0.8439
vn -0.4960 -0.1384 -0.8572
vn -0.4947 -0.0043 -0.8690
vn -0.4117 -0.5148 -0.7520
vn -0.4816 -0.3311 -0.8114
vn -0.3110 -0.6641 -0.6798
vn -0.8508 -0.4813 0.2110
vn -0.8467 -0.4092 0.3402
vn -0.7765 -0.0518 -0.6280
vn -0.9002 -0.0578 -0.4316
vn -0.7638 0.3159 -0.5628
vn -0.7759 0.2401 -0.5834
vn -0.6020 -0.5469 -0.5817
vn -0.8050 -0.3471 -0.4811
vn -0.2946 -0.7538 -0.5873
vn -0.4705 -0.6551 -0.5912
vn -0.6451 -0.4347 -0.6284
vn -0.5791 -0.6340 -0.5125
vn -0.6037 -0.7848 -0.1405
vn -0.7019 -0.6726 -0.2343
vn -0.9016 -0.0998 -0.4209
vn -0.7987 -0.2232 -0.5588
vn -0.8283 -0.4682 -0.3077
vn -0.7870 -0.6164 0.0239
vn 0.9968 -0.0108 -0.0787
vn 0.9978 -0.0379 0.0539
vn 0.9998 0.0107 0.0177
vn 0.9957 0.0639 -0.0677
vn 0.9967 -0.0388 0.0713
vn 0.9941 -0.0577 0.0920
vn 0.9754 -0.0596 0.2120
vn 0.9912 -0.0321 0.1287
vn 0.9598 -0.2705 0.0755
vn 0.6564 -0.6359 0.4059
vn 0.8716 -0.3270 0.3652
vn 0.6358 -0.6945 0.3368
vn 0.9384 -0.3232 0.1223
vn 0.7584 -0.6407 -0.1193
vn 0.9902 -0.1395 -0.0051
vn 0.8342 -0.5491 -0.0508
vn 0.6599 -0.5485 0.5135
vn 0.8626 -0.4342 0.2598
vn 0.7175 -0.4876 0.4974
vn 0.7374 -0.5788 0.3482
vn 0.8451 -0.5169 0.1363
vn 0.9574 -0.2887 -0.0000
vn 0.8763 -0.0232 -0.4813
vn 0.8229 -0.1946 -0.5338
vn 0.9691 0.0494 -0.2417
vn 0.9851 -0.0080 -0.1716
vn 0.8689 -0.4834 -0.1064
vn 0.9097 -0.4148 0.0172
vn 0.7292 -0.6451 0.2284
vn 0.8160 -0.5745 -0.0637
vn 0.8294 -0.5552 0.0626
vn 0.7831 -0.6185 0.0645
vn 0.9936 -0.1092 -0.0285
vn 0.7968 -0.6029 0.0409
vn 0.9967 -0.0332 -0.0745
vn 0.8833 -0.3671 -0.2916
vn 0.8179 -0.5581 -0.1403
vn 0.9320 -0.3543 -0.0769
vn 0.7557 -0.6525 0.0558
vn 0.9270 -0.3703 -0.0590
vn 0.8157 -0.5343 -0.2216
vn 0.9146 -0.2788 -0.2930
vn 0.7491 -0.5435 -0.3788
vn 0.8806 -0.4284 -0.2027
vn 0.9840 -0.1322 -0.1196
vn 0.9894 -0.1257 -0.0720
vn 0.8831 -0.0101 -0.4691
vn 0.9229 -0.3244 -0.2074
vn 0.9690 -0.1050 -0.2235
vn 0.9763 -0.2056 -0.0673
vn 0.9376 -0.2282 -0.2622
vn 0.9395 -0.1706 -0.2971
vn 0.9377 -0.1272 -0.3233
vn 0.9121 -0.1043 -0.3965
vn 0.9103 -0.4124 0.0361
vn 0.9309 0.0016 -0.3653
vn 0.9890 -0.1324 -0.0666
vn 0.9357 -0.3515 -0.0285
vn 0.9315 -0.1843 -0.3134
vn 0.8873 -0.0780 -0.4546
vn 0.9138 0.0325 -0.4049
vn 0.9091 0.0269 -0.4158
vn 0.9274 0.0371 -0.3722
vn 0.9633 -0.0994 -0.2494
vn 0.9562 -0.0625 -0.2860
vn 0.9856 -0.1680 -0.0171
vn 0.8949 -0.0796 -0.4392
vn 0.8732 0.0520 -0.4845
vn 0.8888 -0.0090 -0.4582
vn 0.8619 -0.0954 -0.4981
vn 0.9142 0.3190 -0.2500
vn 0.9129 0.2785 -0.2985
vn 0.9562 0.2337 -0.1762
vn 0.8283 0.4250 -0.3651
vn 0.8930 0.1782 -0.4133
vn 0.8722 0.2595 -0.4147
vn 0.9971 -0.0434 0.0617
vn 0.9494 -0.3086 -0.0587
vn 0.9818 -0.0061 -0.1899
vn 0.8384 0.4713 -0.2738
vn 0.9172 0.3860 0.0987
vn 0.9397 -0.3042 -0.1563
vn 0.9421 -0.3203 -0.0995
vn 0.9118 -0.3897 -0.1297
vn 0.8337 -0.3445 -0.4315
vn 0.7124 -0.5325 -0.4571
vn 0.8148 -0.3172 -0.4853
vn 0.7426 -0.5098 -0.4344
vn 0.8404 0.1119 -0.5303
vn 0.8890 0.1481 -0.4333
vn 0.8597 0.0984 -0.5012
vn 0.8831 0.0548 -0.4661
vn 0.7670 -0.3413 -0.5434
vn 0.8467 -0.4085 -0.3410
vn 0.9607 0.1922 -0.2003
vn 0.9225 -0.0504 -0.3827
vn 0.9513 0.1513 -0.2687
vn 0.8458 0.1358 -0.5159
vn 0.8685 -0.4819 -0.1158
vn 0.7770 -0.5745 -0.2573
vn 0.7661 -0.4046 -0.4994
vn 0.0362 -0.3425 -0.9388
vn 0.5146 -0.5608 -0.6486
vn 0.5337 -0.4637 -0.7072
vn 0.3629 0.0359 -0.9312
vn 0.4534 0.0788 -0.8878
vn 0.4438 0.0842 -0.8922
vn 0.9288 -0.3656 -0.0609
vn 0.9274 -0.1227 -0.3533
vn 0.9390 -0.0682 -0.3371
vn 0.8483 -0.4543 -0.2721
vn 0.8272 -0.4435 -0.3452
vn 0.9263 -0.1014 -0.3628
vn 0.8467 -0.1564 -0.5086
vn 0.7398 -0.4872 -0.4642
vn 0.6173 -0.3787 -0.6896
vn 0.5921 -0.3667 -0.7176
vn 0.4737 -0.1689 -0.8643
vn 0.4562 -0.1297 -0.8804
vn 0.5376 -0.1679 -0.8263
vn 0.4889 -0.2062 -0.8476
vn 0.7522 -0.6313 -0.1886
vn 0.9590 -0.1461 -0.2427
vn 0.9503 -0.1255 -0.2851
vn 0.8067 -0.5270 -0.2674
vn 0.5625 -0.1850 -0.8058
vn 0.7385 -0.3391 -0.5827
vn 0.7695 -0.2775 -0.5752
vn 0.5849 -0.2368 -0.7758
vn 0.4228 -0.2364 -0.8748
vn 0.4295 -0.1185 -0.8952
vn 0.7950 -0.4784 -0.3729
vn 0.8779 -0.1823 -0.4428
vn 0.9794 0.0750 -0.1876
vn 0.9337 0.0117 -0.3579
vn 0.9705 0.0117 -0.2407
vn 0.9158 -0.0154 -0.4014
vn 0.9630 0.0192 -0.2688
vn 0.9090 0.0471 -0.4142
vn 0.3611 0.1944 -0.9120
vn 0.1797 0.1324 -0.9748
vn 0.3269 0.1199 -0.9374
vn 0.3229 0.0025 -0.9464
vn 0.1840 -0.0023 -0.9829
vn 0.4648 -0.0010 -0.8854
vn 0.4932 0.0924 -0.8650
vn 0.5781 0.1424 -0.8035
vn 0.8547 -0.0292 -0.5183
vn 0.7713 -0.0509 -0.6344
vn 0.8498 0.0036 -0.5271
vn 0.7395 0.0142 -0.6730
vn 0.3654 0.3047 -0.8796
vn 0.5700 0.2647 -0.7778
vn 0.7606 0.2163 -0.6122
vn 0.7796 0.1262 -0.6135
vn 0.5581 0.0468 -0.8285
vn 0.6770 0.0542 -0.7340
vn 0.5750 -0.0200 -0.8179
vn 0.8290 0.0669 -0.5552
vn 0.5959 -0.1142 -0.7949
vn 0.4512 -0.0679 -0.8898
vn 0.0635 0.1522 -0.9863
vn -0.0257 0.1361 -0.9904
vn -0.0056 0.0029 -1.0000
vn 0.0709 -0.0191 -0.9973
vn -0.1393 0.0975 -0.9854
vn -0.1196 0.0192 -0.9926
vn -0.3451 -0.1854 -0.9201
vn -0.2510 -0.2025 -0.9466
vn -0.3806 -0.2092 -0.9008
vn -0.2387 -0.2089 -0.9484
vn 0.3408 -0.0404 -0.9393
vn 0.2294 -0.1250 -0.9653
vn 0.3021 -0.1559 -0.9404
vn 0.3348 -0.1567 -0.9292
vn -0.1231 -0.2132 -0.9692
vn -0.0313 -0.2946 -0.9551
vn -0.1741 -0.2903 -0.9409
vn -0.0149 -0.3089 -0.9510
vn 0.1035 -0.2564 -0.9610
vn 0.1920 -0.2348 -0.9529
vn 0.3499 -0.3450 -0.8709
vn 0.2664 -0.3022 -0.9153
vn 0.2003 -0.2641 -0.9435
vn 0.3958 -0.2418 -0.8859
vn -0.4465 -0.0231 -0.8945
vn -0.2995 -0.0752 -0.9511
vn -0.4261 -0.1108 -0.8979
vn -0.2977 -0.0445 -0.9536
vn 0.1738 -0.1893 -0.9664
vn -0.0104 -0.0996 -0.9950
vn -0.0312 0.0011 -0.9995
vn 0.0718 -0.1262 -0.9894
vn -0.2149 -0.1059 -0.9709
vn -0.2191 -0.0699 -0.9732
vn 0.4024 -0.0127 -0.9154
vn 0.2154 -0.0658 -0.9743
vn 0.2567 0.1283 -0.9579
vn 0.3582 0.1017 -0.9281
vn -0.3805 -0.1630 -0.9103
vn -0.1470 -0.3862 -0.9106
vn -0.2316 0.0742 -0.9700
vn -0.1457 -0.2376 -0.9604
vn -0.2059 0.0873 -0.9747
vn -0.0806 -0.0330 -0.9962
vn -0.2274 -0.0684 -0.9714
vn -0.1744 -0.1031 -0.9793
vn -0.0032 -0.1287 -0.9917
vn 0.0814 0.0556 -0.9951
vn -0.0908 -0.2778 -0.9563
vn -0.0624 -0.3332 -0.9408
vn -0.1369 -0.0087 -0.9905
vn -0.0538 -0.0395 -0.9978
vn 0.3828 -0.0331 -0.9233
vn 0.2359 -0.1080 -0.9658
vn 0.2545 -0.3177 -0.9134
vn 0.4828 -0.1925 -0.8543
vn -0.0824 -0.1580 -0.9840
vn -0.0109 0.1062 -0.9943
vn 0.0229 -0.0036 -0.9997
vn -0.1079 -0.1625 -0.9808
vn 0.4332 -0.0865 -0.8971
vn 0.2954 0.0061 -0.9554
vn 0.2770 -0.2723 -0.9215
vn 0.2454 -0.3881 -0.8883
vn 0.1419 -0.6301 -0.7634
vn 0.2544 -0.5857 -0.7695
vn 0.2607 -0.2803 -0.9238
vn 0.4005 -0.2298 -0.8870
vn 0.3315 -0.5837 -0.7412
vn 0.0875 -0.6323 -0.7698
vn 0.1299 -0.1069 -0.9857
vn 0.2201 -0.2784 -0.9349
vn 0.1960 -0.3614 -0.9116
vn -0.0588 -0.5299 -0.8460
vn 0.3778 -0.2998 -0.8760
vn 0.2564 -0.2659 -0.9293
vn 0.2415 -0.1446 -0.9596
vn 0.4085 -0.1346 -0.9028
vn -0.3953 -0.1777 -0.9012
vn -0.0819 -0.0667 -0.9944
vn -0.2924 -0.6275 -0.7216
vn -0.3666 -0.7349 -0.5705
vn -0.3420 0.0364 -0.9390
vn -0.2698 -0.0647 -0.9607
vn 0.1638 -0.2658 -0.9500
vn 0.0758 -0.1660 -0.9832
vn -0.0635 -0.3011 -0.9515
vn 0.2406 -0.1315 -0.9617
vn 0.1209 -0.0908 -0.9885
vn -0.0685 -0.2913 -0.9542
vn -0.0689 -0.1549 -0.9855
vn 0.4614 0.0456 -0.8860
vn 0.1407 0.0896 -0.9860
vn 0.0675 0.2457 -0.9670
vn 0.5117 0.3242 -0.7957
vn -0.3152 -0.2477 -0.9161
vn -0.1688 -0.1315 -0.9768
vn -0.2017 0.2908 -0.9353
vn -0.0360 0.3407 -0.9395
vn 0.3169 0.2685 -0.9097
vn 0.0234 0.1565 -0.9874
vn 0.1205 0.3542 -0.9274
vn 0.1501 0.2599 -0.9539
vn -0.0450 0.0829 -0.9955
vn 0.0650 0.1947 -0.9787
vn 0.4733 0.5298 -0.7038
vn 0.1967 0.5969 -0.7778
vn 0.2495 0.3848 -0.8886
vn 0.3053 0.2604 -0.9160
vn -0.2487 0.4555 -0.8548
vn -0.3844 0.2223 -0.8960
vn -0.4533 0.1682 -0.8753
vn -0.3037 0.3936 -0.8676
vn 0.2002 0.3107 -0.9292
vn 0.3373 0.4794 -0.8102
vn 0.2227 0.3220 -0.9202
vn 0.0520 0.5196 -0.8528
vn 0.0341 0.2374 -0.9708
vn 0.0107 0.5296 -0.8482
vn 0.3718 0.6177 -0.6929
vn 0.0882 0.5305 -0.8431
vn 0.1284 0.9014 -0.4136
vn 0.3122 0.8048 -0.5048
vn -0.3298 0.3720 -0.8676
vn -0.2543 0.4103 -0.8758
vn -0.0919 0.6278 -0.7729
vn -0.2699 0.6054 -0.7487
vn -0.0148 0.6672 -0.7447
vn 0.0469 0.7889 -0.6127
vn 0.0101 0.7633 -0.6460
vn -0.1027 0.7630 -0.6382
vn 0.0538 0.7359 -0.6749
vn 0.0123 0.7375 -0.6753
vn -0.6107 0.7879 0.0795
vn -0.5638 0.8257 0.0209
vn -0.5265 0.8435 0.1064
vn -0.5568 0.8161 0.1546
vn -0.6256 0.7800 0.0141
vn -0.5289 0.8371 0.1397
vn -0.1275 0.9820 0.1397
vn -0.0928 0.9832 0.1570
vn -0.0344 0.9863 0.1614
vn 0.0717 0.9542 0.2904
vn -0.1904 0.9156 0.3541
vn -0.0789 0.9113 0.4042
vn -0.2495 0.9459 0.2072
vn -0.2925 0.8871 0.3571
vn -0.0761 0.9814 0.1763
vn -0.4812 0.8613 0.1629
vn -0.3990 0.8859 0.2367
vn -0.2016 0.9779 0.0557
vn -0.2474 0.9517 0.1818
vn -0.3342 0.9393 0.0776
vn -0.4031 0.9063 0.1271
vn -0.1912 0.9748 0.1147
vn -0.0457 0.9625 0.2675
vn -0.1654 0.9345 0.3153
vn -0.0375 0.8801 0.4733
vn -0.6584 0.7458 0.1013
vn -0.6279 0.7728 0.0927
vn -0.6837 0.6740 0.2796
vn -0.6586 0.6957 0.2868
vn -0.1765 0.9124 0.3693
vn 0.0038 0.9693 0.2459
vn -0.2377 0.9591 0.1538
vn -0.3735 0.8504 0.3706
vn -0.4406 0.8913 0.1069
vn -0.5499 0.7122 0.4364
vn -0.1653 0.8031 0.5725
vn -0.2925 0.7576 0.5835
vn -0.4224 0.6670 0.6137
vn -0.2326 0.5830 0.7785
vn -0.2653 0.4641 0.8451
vn -0.3668 0.4599 0.8087
vn -0.5111 0.7464 0.4262
vn -0.4035 0.6313 0.6623
vn -0.3389 0.6057 0.7199
vn -0.5422 0.6631 0.5161
vn -0.6337 0.6871 0.3555
vn -0.6264 0.5779 0.5232
vn -0.4109 0.5232 0.7466
vn -0.4562 0.2120 0.8642
vn -0.3894 0.6424 0.6601
vn -0.4621 0.4818 0.7445
vn -0.3618 0.2679 0.8929
vn -0.2046 0.6986 0.6857
vn -0.7063 0.6494 0.2816
vn -0.7364 0.5052 0.4499
vn -0.7700 0.1633 0.6168
vn -0.4793 0.4617 0.7464
vn -0.3986 0.4868 0.7773
vn -0.3942 0.2930 0.8711
vn -0.4095 -0.1150 0.9050
vn -0.3245 0.0104 0.9458
vn -0.3529 -0.0602 0.9337
vn -0.3449 -0.6044 -0.7182
vn -0.4327 -0.6797 -0.5923
vn -0.2819 -0.2353 -0.9302
vn -0.2797 0.0160 -0.9600
vn -0.1132 0.2453 -0.9628
vn -0.0700 0.1212 -0.9902
vn -0.1376 -0.0915 -0.9862
vn -0.2677 -0.5020 -0.8224
vn -0.2238 -0.2182 -0.9499
vn -0.3358 -0.7015 -0.6286
vn 0.0497 -0.0419 -0.9979
vn -0.0325 -0.3185 -0.9474
vn 0.0717 0.0071 -0.9974
vn 0.7819 -0.6120 0.1188
vn 0.6303 -0.5247 0.5721
vn 0.9535 -0.1270 -0.2735
vn 0.9532 -0.1172 0.2786
vn 0.9407 0.0257 -0.3383
vn 0.9488 -0.3097 -0.0619
vn 0.9488 -0.3128 -0.0444
vn 0.9952 -0.0533 -0.0825
vn 0.6540 -0.7561 -0.0242
vn 0.5125 -0.7704 0.3793
vn 0.9106 -0.4108 -0.0457
vn 0.8244 -0.2915 0.4852
vn 0.7886 -0.0206 0.6146
vn 0.9175 -0.2404 0.3170
vn 0.5261 -0.8410 -0.1262
vn 0.5926 -0.7203 -0.3605
vn 0.3971 -0.7272 0.5599
vn 0.3886 -0.3008 0.8710
vn 0.9660 -0.1615 0.2020
vn 0.9578 -0.2851 -0.0366
vn 0.8392 0.2722 -0.4707
vn 0.9085 0.3321 -0.2535
vn 0.8120 0.5260 -0.2530
vn 0.9514 0.2192 -0.2164
vn 0.6393 0.6766 0.3653
vn 0.8440 0.3956 0.3623
vn 0.9366 0.1407 0.3210
vn 0.5580 0.5622 0.6104
vn 0.7275 0.5748 0.3747
vn 0.7471 0.6418 0.1731
vn 0.7364 0.6497 0.1885
vn 0.8803 0.4684 -0.0751
vn 0.7628 0.6463 -0.0200
vn 0.9470 0.2992 -0.1166
vn 0.8040 0.5919 -0.0563
vn 0.9248 -0.3738 0.0704
vn 0.7991 -0.5991 -0.0498
vn 0.8002 -0.5685 0.1908
vn 0.9384 -0.3244 0.1190
vn 0.8075 -0.3674 0.4615
vn 0.8181 -0.3795 0.4321
vn 0.8765 -0.2427 0.4157
vn 0.9053 -0.3829 0.1840
vn 0.9494 -0.2505 0.1892
vn 0.8256 -0.4933 0.2738
vn 0.7710 -0.5725 0.2789
vn 0.9514 -0.2156 0.2198
vn 0.9332 -0.2207 0.2838
vn 0.7869 -0.4822 0.3851
vn 0.9516 -0.2348 -0.1983
vn 0.9974 -0.0621 -0.0370
vn 0.9778 0.1246 -0.1683
vn 0.9842 -0.1321 -0.1181
vn 0.9115 0.2071 0.3554
vn 0.8546 0.2408 0.4601
vn 0.9100 -0.0303 0.4135
vn 0.8535 0.0799 0.5150
vn 0.9794 0.1154 0.1658
vn 0.8536 -0.0201 0.5206
vn 0.9796 -0.1795 0.0905
vn 0.9226 0.3854 0.0146
vn 0.9726 -0.2030 0.1131
vn 0.9461 0.2605 -0.1924
vn 0.7473 0.4477 0.4911
vn 0.7320 0.5666 0.3784
vn 0.7078 0.6399 0.2992
vn 0.8092 0.4730 0.3485
vn 0.9611 0.2540 0.1082
vn 0.9375 0.1628 -0.3074
vn 0.8227 0.4787 -0.3067
vn 0.8400 0.5206 -0.1529
vn 0.8426 0.4336 -0.3193
vn 0.7495 0.5981 -0.2838
vn 0.6233 0.7177 -0.3106
vn 0.9672 0.2528 0.0240
vn 0.8713 0.4907 -0.0053
vn 0.7887 0.5920 0.1661
vn 0.5016 0.8039 0.3197
vn 0.5374 0.8426 -0.0352
vn 0.4909 0.8643 -0.1095
vn 0.4654 0.8583 0.2160
vn 0.8208 0.4764 -0.3152
vn 0.7205 0.6675 -0.1882
vn 0.7072 0.6297 -0.3214
vn 0.5863 0.8023 -0.1123
vn 0.5775 0.7312 -0.3631
vn 0.6746 0.7378 -0.0213
vn 0.7486 0.6577 0.0836
vn 0.6971 0.7165 0.0260
vn 0.7122 0.7016 -0.0226
vn 0.7177 0.6829 -0.1360
vn 0.6238 0.6617 -0.4160
vn 0.5722 0.7857 -0.2352
vn 0.4649 0.7258 -0.5070
vn 0.3368 0.9342 -0.1179
vn 0.4207 0.8964 0.1399
vn 0.2876 0.9475 0.1399
vn 0.4859 0.8720 0.0601
vn 0.3104 0.9503 -0.0231
vn 0.5676 0.8220 0.0465
vn 0.2868 0.9505 -0.1193
vn 0.5368 0.8431 -0.0327
vn 0.3374 0.8952 -0.2911
vn 0.5486 0.7730 -0.3186
vn 0.2252 0.9146 -0.3360
vn 0.0311 0.8456 -0.5328
vn -0.0833 0.9601 -0.2670
vn -0.0197 0.9676 -0.2518
vn -0.2908 0.8360 -0.4653
vn 0.1029 0.9778 0.1826
vn -0.0448 0.9974 -0.0562
vn 0.0016 0.9512 -0.3086
vn 0.0306 0.9272 -0.3733
vn -0.0087 0.9988 -0.0481
vn -0.2457 0.9676 -0.0576
vn 0.2555 0.9140 -0.3151
vn -0.3326 0.8434 -0.4219
vn 0.1928 0.8612 -0.4702
vn -0.1613 0.7765 -0.6092
vn -0.0265 0.9862 -0.1636
vn -0.0271 0.9165 -0.3992
vn 0.0865 0.9883 -0.1260
vn -0.0246 0.9713 -0.2367
vn 0.3249 0.8758 -0.3570
vn 0.1749 0.9440 -0.2799
vn -0.0091 0.8326 -0.5538
vn 0.2815 0.7320 -0.6204
vn 0.0931 0.9494 -0.2998
vn -0.1463 0.9881 -0.0471
vn -0.0497 0.9865 -0.1563
vn -0.2961 0.9399 -0.1703
vn -0.1771 0.8653 -0.4690
vn 0.2619 0.8914 -0.3699
vn -0.0236 0.9472 -0.3198
vn 0.0258 0.9073 -0.4196
vn -0.1954 0.8384 -0.5088
vn -0.2538 0.9116 -0.3233
vn -0.2926 0.9562 0.0050
vn -0.4374 0.8993 0.0019
vn -0.2447 0.9692 -0.0271
vn -0.4996 0.8094 -0.3086
vn -0.1600 0.8446 -0.5110
vn -0.3517 0.8532 -0.3853
vn -0.5027 0.7140 -0.4874
vn -0.2423 0.8398 -0.4859
vn 0.0691 0.9149 -0.3976
vn -0.3686 0.7585 -0.5375
vn -0.6781 0.7097 -0.1909
vn -0.6149 0.6551 -0.4389
vn -0.7333 0.6059 -0.3084
vn -0.6541 0.6974 -0.2929
vn -0.3741 0.6349 -0.6760
vn -0.4226 0.8831 -0.2039
vn -0.5173 0.3726 -0.7705
vn -0.5612 0.6218 -0.5463
vn -0.5180 0.7799 -0.3512
vn -0.7389 0.6117 -0.2828
vn -0.4405 0.7654 -0.4692
vn -0.6438 0.6475 -0.4076
vn -0.4465 0.8189 -0.3606
vn -0.4635 0.8009 -0.3792
vn -0.7152 0.6120 -0.3376
vn -0.7311 0.5412 -0.4155
vn -0.7983 0.4312 -0.4205
vn -0.7902 0.4774 -0.3843
vn -0.5944 0.2607 -0.7607
vn -0.6641 0.3754 -0.6466
vn -0.7039 0.1455 -0.6952
vn -0.6590 0.2501 -0.7093
vn -0.8285 0.5094 -0.2325
vn -0.7617 0.5736 -0.3014
vn -0.7458 0.5776 -0.3319
vn -0.7514 0.4466 -0.4857
vn -0.8462 0.4419 -0.2976
vn -0.7264 0.4872 -0.4846
vn -0.8988 0.3248 -0.2943
vn -0.8989 0.2815 -0.3357
vn -0.8990 0.1718 -0.4029
vn -0.9328 0.2262 -0.2806
vn -0.6754 0.0955 -0.7312
vn -0.6057 -0.0044 -0.7957
vn -0.7581 0.0649 -0.6489
vn -0.7913 -0.1701 -0.5873
vn -0.8071 0.4374 -0.3965
vn -0.8814 0.2850 -0.3767
vn -0.7565 0.2176 -0.6168
vn -0.9779 0.1082 -0.1790
vn -0.8774 0.1240 -0.4634
vn -0.7612 -0.0541 -0.6463
vn -0.9719 -0.1815 -0.1498
vn -0.8725 -0.0318 -0.4876
vn -0.7686 -0.6299 -0.1120
vn -0.7223 -0.6730 -0.1593
vn -0.7972 -0.2215 -0.5617
vn -0.6646 -0.3062 -0.6815
vn -0.7790 -0.1143 -0.6165
vn -0.7903 -0.1197 -0.6009
vn -0.6411 -0.2198 -0.7354
vn -0.8480 -0.2022 -0.4900
vn -0.8406 -0.2385 -0.4863
vn -0.8586 -0.3210 -0.3998
vn -0.9515 -0.1076 -0.2881
vn -0.8840 -0.3087 -0.3511
vn -0.6181 0.5749 -0.5361
vn -0.7496 0.4961 -0.4381
vn -0.7723 0.0563 -0.6328
vn -0.6918 0.2098 -0.6909
vn -0.7734 -0.6174 -0.1434
vn -0.7691 -0.6385 0.0306
vn -0.9567 -0.0685 -0.2828
vn -0.9672 0.0023 -0.2539
vn -0.5363 -0.4947 -0.6838
vn -0.6886 -0.4990 -0.5261
vn -0.9390 -0.1044 -0.3275
vn -0.9520 -0.0248 -0.3050
vn -0.9426 0.2484 -0.2231
vn -0.8821 0.2288 -0.4118
vn -0.7762 -0.3949 -0.4914
vn -0.8354 -0.4807 -0.2664
vn -0.8848 -0.0996 -0.4551
vn -0.9831 -0.1833 -0.0005
vn -0.7085 -0.6740 0.2092
vn -0.9871 -0.1585 -0.0203
vn -0.8532 0.3618 -0.3758
vn -0.9397 0.2429 -0.2409
vn -0.8350 0.5480 0.0500
vn -0.7691 0.6286 -0.1155
vn -0.8748 0.4411 0.2003
vn -0.7621 0.5281 -0.3745
vn -0.9066 -0.0885 0.4125
vn 0.7297 -0.2385 0.6408
vn 0.6529 -0.6814 0.3308
vn 0.6013 -0.7306 0.3235
vn 0.7086 -0.7050 0.0281
vn 0.9667 -0.2434 -0.0794
vn 0.8154 -0.2059 0.5411
vn 0.8195 0.2406 0.5202
vn 0.9108 0.0707 0.4068
vn 0.8966 -0.0722 0.4369
vn 0.6728 -0.1739 0.7191
vn 0.8118 -0.0566 0.5812
vn 0.8116 -0.4549 0.3664
vn 0.1920 0.0534 0.9799
vn -0.0694 -0.9975 -0.0102
vn -0.1165 -0.9929 -0.0231
vn -0.1257 -0.9911 -0.0440
vn -0.0530 -0.9974 -0.0492
vn -0.1145 -0.9883 -0.1004
vn -0.0506 -0.9924 -0.1121
vn -0.0118 -0.9942 -0.1071
vn -0.0067 -0.9981 -0.0609
vn -0.0192 -0.9994 -0.0280
vn -0.0704 -0.9974 -0.0129
vn -0.0377 -0.9991 -0.0206
vn -0.0511 -0.9984 -0.0257
vn -0.0751 -0.9970 -0.0182
vn -0.1013 -0.9946 -0.0232
vn -0.0987 -0.9950 -0.0158
vn -0.0797 -0.9968 -0.0063
vn -0.0604 -0.9981 -0.0075
vn -0.0596 -0.9982 0.0091
vn -0.0819 -0.9966 0.0097
vn -0.1030 -0.9947 -0.0063
vn -0.1081 -0.9941 0.0077
vn -0.0759 -0.9970 0.0134
vn -0.0613 -0.9980 0.0156
vn -0.0611 -0.9980 0.0183
vn -0.0808 -0.9966 0.0190
vn -0.1144 -0.9934 0.0129
vn -0.1121 -0.9935 0.0198
vn -0.0807 -0.9965 0.0199
vn -0.0585 -0.9981 0.0216
vn -0.0542 -0.9982 0.0258
vn -0.0784 -0.9966 0.0241
vn -0.1083 -0.9939 0.0183
vn -0.1054 -0.9942 0.0230
vn -0.0485 -0.9982 0.0353
vn -0.0428 -0.9981 0.0447
vn -0.0688 -0.9968 0.0411
vn -0.0744 -0.9967 0.0315
vn -0.1017 -0.9943 0.0303
vn -0.0996 -0.9942 0.0416
vn -0.0364 -0.9980 0.0515
vn -0.0297 -0.9979 0.0569
vn -0.0597 -0.9968 0.0525
vn -0.0639 -0.9968 0.0484
vn -0.1017 -0.9931 0.0580
vn -0.0998 -0.9936 0.0524
vn -0.0532 -0.9964 0.0653
vn -0.0266 -0.9974 0.0677
vn -0.0301 -0.9933 0.1112
vn -0.0552 -0.9916 0.1167
vn -0.1024 -0.9884 0.1120
vn -0.1044 -0.9920 0.0705
vn 0.0217 -0.9977 -0.0639
vn 0.0109 -0.9977 -0.0666
vn 0.0108 -0.9940 -0.1086
vn 0.0308 -0.9921 -0.1217
vn 0.0531 -0.9966 -0.0632
vn 0.0579 -0.9897 -0.1307
vn 0.0301 -0.9990 -0.0337
vn 0.0503 -0.9985 -0.0233
vn 0.0146 -0.9989 -0.0435
vn 0.0170 -0.9991 -0.0398
vn 0.0403 -0.9987 -0.0298
vn 0.0582 -0.9982 -0.0158
vn 0.0537 -0.9982 -0.0248
vn 0.0726 -0.9973 -0.0112
vn 0.0217 -0.9990 -0.0391
vn 0.0294 -0.9994 -0.0170
vn 0.0638 -0.9979 -0.0111
vn 0.0811 -0.9967 -0.0087
vn 0.0594 -0.9982 0.0006
vn 0.0792 -0.9968 -0.0052
vn 0.0249 -0.9996 0.0096
vn 0.0164 -0.9998 0.0129
vn 0.0504 -0.9987 0.0060
vn 0.0702 -0.9975 -0.0012
vn 0.0454 -0.9989 0.0110
vn 0.0624 -0.9980 0.0064
vn 0.0110 -0.9998 0.0138
vn 0.0096 -0.9997 0.0219
vn 0.0433 -0.9989 0.0189
vn 0.0582 -0.9982 0.0164
vn 0.0570 -0.9980 0.0290
vn 0.0413 -0.9987 0.0285
vn 0.0093 -0.9995 0.0299
vn 0.0428 -0.9983 0.0391
vn 0.0095 -0.9992 0.0386
vn 0.0594 -0.9974 0.0408
vn 0.0608 -0.9967 0.0547
vn 0.0435 -0.9975 0.0558
vn 0.0110 -0.9983 0.0572
vn 0.0408 -0.9968 0.0687
vn 0.0137 -0.9977 0.0671
vn 0.0591 -0.9960 0.0667
vn 0.0576 -0.9955 0.0747
vn 0.0403 -0.9965 0.0737
vn 0.0182 -0.9975 0.0688
vn 0.0426 -0.9949 0.0919
vn 0.0246 -0.9965 0.0803
vn 0.0574 -0.9942 0.0911
vn 0.0554 -0.9920 0.1135
vn 0.0489 -0.9912 0.1231
vn 0.0340 -0.9928 0.1150
vn 0.0060 -0.9947 -0.1023
vn 0.0043 -0.9977 -0.0682
vn 0.0015 -0.9990 -0.0437
vn -0.0056 -0.9993 -0.0360
vn -0.0140 -0.9991 -0.0389
vn -0.0237 -0.9996 -0.0141
vn -0.0270 -0.9996 0.0120
vn -0.0278 -0.9995 0.0147
vn -0.0314 -0.9993 0.0179
vn -0.0312 -0.9992 0.0238
vn -0.0259 -0.9992 0.0293
vn -0.0231 -0.9990 0.0379
vn -0.0184 -0.9985 0.0507
vn -0.0096 -0.9982 0.0584
vn -0.0045 -0.9980 0.0625
vn -0.0001 -0.9977 0.0681
vn 0.0002 -0.9936 0.1132
vn 0.0825 -0.9943 -0.0673
vn 0.0755 -0.9898 -0.1206
vn 0.1185 -0.9875 -0.1044
vn 0.1382 -0.9885 -0.0607
vn 0.0862 -0.9959 -0.0275
vn 0.1466 -0.9886 -0.0333
vn 0.0933 -0.9956 -0.0056
vn 0.1409 -0.9899 -0.0149
vn 0.1014 -0.9948 -0.0024
vn 0.1287 -0.9917 -0.0054
vn 0.1040 -0.9945 -0.0091
vn 0.1180 -0.9929 -0.0157
vn 0.0941 -0.9955 -0.0144
vn 0.1103 -0.9935 -0.0293
vn 0.0760 -0.9970 -0.0115
vn 0.1034 -0.9943 -0.0250
vn 0.0681 -0.9977 0.0028
vn 0.0953 -0.9955 -0.0001
vn 0.0702 -0.9974 0.0148
vn 0.0923 -0.9955 0.0194
vn 0.0975 -0.9949 0.0257
vn 0.0687 -0.9972 0.0289
vn 0.0686 -0.9967 0.0432
vn 0.0829 -0.9955 0.0456
vn 0.0847 -0.9945 0.0615
vn 0.0710 -0.9959 0.0561
vn 0.0732 -0.9949 0.0695
vn 0.0891 -0.9928 0.0805
vn 0.1024 -0.9913 0.0822
vn 0.0773 -0.9942 0.0751
vn 0.0723 -0.9933 0.0904
vn 0.0999 -0.9903 0.0967
vn 0.1109 -0.9860 0.1243
vn 0.0744 -0.9906 0.1146
vn 0.1737 -0.9434 0.2825
vn 0.1402 -0.9301 0.3394
vn 0.1014 -0.9107 0.4004
vn 0.1130 -0.9688 0.2207
vn 0.0826 -0.9635 0.2548
vn 0.1213 -0.9751 0.1856
vn 0.0635 -0.8913 0.4489
vn 0.0242 -0.8741 0.4851
vn 0.0517 -0.9632 0.2637
vn 0.0283 -0.9573 0.2878
vn -0.0282 -0.8724 0.4880
vn -0.0962 -0.8803 0.4645
vn -0.0663 -0.9513 0.3011
vn -0.0129 -0.9539 0.2998
vn -0.1727 -0.9009 0.3983
vn -0.2417 -0.9176 0.3155
vn -0.1916 -0.9536 0.2321
vn -0.1277 -0.9521 0.2779
vn -0.2852 -0.9290 0.2357
vn -0.3189 -0.9311 0.1768
vn -0.2270 -0.9653 0.1288
vn -0.2225 -0.9599 0.1704
vn -0.3496 -0.9276 0.1320
vn -0.3887 -0.9184 0.0744
vn -0.2246 -0.9698 0.0946
vn -0.2249 -0.9725 0.0608
vn -0.4405 -0.8972 0.0311
vn -0.4819 -0.8760 0.0203
vn -0.2367 -0.9710 0.0340
vn -0.2485 -0.9684 0.0220
vn -0.4842 -0.8748 0.0180
vn -0.4591 -0.8881 0.0229
vn -0.2419 -0.9701 0.0169
vn -0.2501 -0.9681 0.0165
vn -0.4897 -0.8717 0.0194
vn -0.5107 -0.8593 0.0281
vn -0.2184 -0.9756 0.0214
vn -0.2346 -0.9718 0.0215
vn -0.4900 -0.8716 -0.0141
vn -0.4084 -0.9101 -0.0709
vn -0.1817 -0.9822 -0.0470
vn -0.1835 -0.9830 0.0002
vn -0.3308 -0.9390 -0.0936
vn -0.3215 -0.9351 -0.1488
vn -0.2066 -0.9745 -0.0870
vn -0.1954 -0.9782 -0.0704
vn -0.3211 -0.9169 -0.2372
vn -0.3062 -0.8876 -0.3441
vn -0.2067 -0.9708 -0.1220
vn -0.1839 -0.9676 -0.1728
vn -0.2623 -0.8752 -0.4064
vn -0.1271 -0.8892 -0.4396
vn -0.1303 -0.9708 -0.2014
vn -0.0552 -0.9757 -0.2119
vn -0.0168 -0.8764 -0.4813
vn 0.0447 -0.8551 -0.5165
vn -0.0022 -0.9712 -0.2383
vn 0.0317 -0.9630 -0.2678
vn 0.0787 -0.8582 -0.5073
vn 0.1166 -0.8649 -0.4882
vn 0.0787 -0.9579 -0.2761
vn 0.0607 -0.9563 -0.2861
vn 0.2290 -0.8684 -0.4399
vn 0.3954 -0.8591 -0.3249
vn 0.2099 -0.9639 -0.1638
vn 0.1200 -0.9654 -0.2317
vn 0.4742 -0.8569 -0.2021
vn 0.5014 -0.8525 -0.1481
vn 0.3134 -0.9455 -0.0887
vn 0.2848 -0.9527 -0.1064
vn 0.4799 -0.8613 -0.1669
vn 0.4451 -0.8841 -0.1420
vn 0.2970 -0.9499 -0.0979
vn 0.2533 -0.9640 -0.0803
vn 0.4490 -0.8914 -0.0617
vn 0.4976 -0.8673 -0.0138
vn 0.2185 -0.9751 -0.0379
vn 0.2329 -0.9720 -0.0302
vn 0.5531 -0.8328 -0.0217
vn 0.5795 -0.8149 -0.0033
vn 0.2500 -0.9678 -0.0295
vn 0.2623 -0.9649 -0.0134
vn 0.6208 -0.7839 0.0046
vn 0.6062 -0.7951 0.0182
vn 0.2788 -0.9604 0.0035
vn 0.2597 -0.9653 0.0277
vn 0.4890 -0.8719 0.0258
vn 0.3945 -0.9147 0.0882
vn 0.1768 -0.9815 0.0730
vn 0.2136 -0.9760 0.0417
vn 0.3179 -0.9381 0.1372
vn 0.2574 -0.9497 0.1787
vn 0.1391 -0.9834 0.1166
vn 0.1549 -0.9827 0.1014
vn 0.2162 -0.9485 0.2317
vn 0.1390 -0.9790 0.1488
vn 0.1122 -0.9832 0.1442
vn 0.0959 -0.9829 0.1570
vn 0.0635 -0.9848 0.1617
vn 0.0472 -0.9853 0.1639
vn 0.0343 -0.9833 0.1786
vn -0.0052 -0.9819 0.1894
vn -0.0396 -0.9826 0.1815
vn -0.0844 -0.9787 0.1874
vn -0.1414 -0.9762 0.1642
vn -0.1617 -0.9804 0.1124
vn -0.1557 -0.9842 0.0839
vn -0.1479 -0.9868 0.0660
vn -0.1452 -0.9882 0.0484
vn -0.1477 -0.9885 0.0317
vn -0.1524 -0.9881 0.0220
vn -0.1559 -0.9876 0.0174
vn -0.1563 -0.9876 0.0140
vn -0.1584 -0.9872 0.0156
vn -0.1396 -0.9901 0.0142
vn -0.1266 -0.9919 -0.0031
vn -0.1252 -0.9918 -0.0254
vn -0.1391 -0.9894 -0.0414
vn -0.1514 -0.9871 -0.0520
vn -0.1617 -0.9840 -0.0748
vn -0.1401 -0.9819 -0.1271
vn -0.0822 -0.9843 -0.1563
vn -0.0315 -0.9883 -0.1494
vn 0.0042 -0.9898 -0.1427
vn 0.0197 -0.9871 -0.1592
vn 0.0446 -0.9827 -0.1796
vn 0.0626 -0.9817 -0.1799
vn 0.0911 -0.9818 -0.1667
vn 0.1536 -0.9795 -0.1301
vn 0.1980 -0.9771 -0.0774
vn 0.2112 -0.9760 -0.0526
vn 0.1974 -0.9793 -0.0456
vn 0.1659 -0.9856 -0.0320
vn 0.1459 -0.9890 -0.0254
vn 0.1460 -0.9888 -0.0303
vn 0.1546 -0.9875 -0.0294
vn 0.1536 -0.9881 -0.0114
vn 0.1373 -0.9904 0.0152
vn 0.1257 -0.9918 0.0246
vn 0.1198 -0.9918 0.0443
vn 0.1094 -0.9917 0.0677
vn 0.1033 -0.9903 0.0925
vn 0.1065 -0.9901 0.0915
vn 0.1112 -0.9878 0.1086
# 4514 vertex normals

vt 0.5221 0.7319 0.0000
vt 0.5229 0.7303 0.0000
vt 0.5253 0.7306 0.0000
vt 0.5248 0.7326 0.0000
vt 0.5213 0.7335 0.0000
vt 0.5242 0.7346 0.0000
vt 0.5185 0.7324 0.0000
vt 0.5195 0.7312 0.0000
vt 0.5205 0.7301 0.0000
vt 0.5337 0.7129 0.0000
vt 0.5346 0.7154 0.0000
vt 0.5310 0.7166 0.0000
vt 0.5295 0.7143 0.0000
vt 0.5328 0.7103 0.0000
vt 0.5279 0.7119 0.0000
vt 0.5377 0.7087 0.0000
vt 0.5380 0.7115 0.0000
vt 0.5382 0.7143 0.0000
vt 0.5420 0.7115 0.0000
vt 0.5417 0.7142 0.0000
vt 0.5423 0.7089 0.0000
vt 0.5461 0.7116 0.0000
vt 0.5469 0.7091 0.0000
vt 0.5452 0.7140 0.0000
vt 0.5428 0.7286 0.0000
vt 0.5422 0.7274 0.0000
vt 0.5452 0.7247 0.0000
vt 0.5460 0.7255 0.0000
vt 0.5434 0.7299 0.0000
vt 0.5467 0.7264 0.0000
vt 0.5400 0.7334 0.0000
vt 0.5396 0.7318 0.0000
vt 0.5392 0.7301 0.0000
vt 0.5355 0.7343 0.0000
vt 0.5314 0.7368 0.0000
vt 0.5316 0.7345 0.0000
vt 0.5354 0.7323 0.0000
vt 0.5356 0.7363 0.0000
vt 0.5312 0.7391 0.0000
vt 0.5272 0.7369 0.0000
vt 0.5231 0.7370 0.0000
vt 0.5279 0.7345 0.0000
vt 0.5265 0.7393 0.0000
vt 0.5219 0.7394 0.0000
vt 0.5200 0.7355 0.0000
vt 0.5169 0.7341 0.0000
vt 0.5186 0.7376 0.0000
vt 0.5153 0.7358 0.0000
vt 0.5256 0.7168 0.0000
vt 0.5238 0.7150 0.0000
vt 0.5273 0.7186 0.0000
vt 0.5236 0.7205 0.0000
vt 0.5217 0.7193 0.0000
vt 0.5197 0.7181 0.0000
vt 0.5192 0.7217 0.0000
vt 0.5172 0.7210 0.0000
vt 0.5212 0.7224 0.0000
vt 0.5187 0.7243 0.0000
vt 0.5167 0.7240 0.0000
vt 0.5147 0.7238 0.0000
vt 0.5158 0.7265 0.0000
vt 0.5138 0.7268 0.0000
vt 0.5177 0.7262 0.0000
vt 0.5167 0.7282 0.0000
vt 0.5148 0.7289 0.0000
vt 0.5129 0.7297 0.0000
vt 0.5176 0.7303 0.0000
vt 0.5159 0.7315 0.0000
vt 0.5141 0.7327 0.0000
vt 0.5406 0.7353 0.0000
vt 0.5412 0.7372 0.0000
vt 0.5360 0.7403 0.0000
vt 0.5358 0.7383 0.0000
vt 0.5307 0.7433 0.0000
vt 0.5309 0.7412 0.0000
vt 0.5444 0.7314 0.0000
vt 0.5455 0.7330 0.0000
vt 0.5482 0.7276 0.0000
vt 0.5497 0.7287 0.0000
vt 0.5505 0.7236 0.0000
vt 0.5522 0.7241 0.0000
vt 0.5487 0.7232 0.0000
vt 0.5508 0.7199 0.0000
vt 0.5527 0.7197 0.0000
vt 0.5546 0.7195 0.0000
vt 0.5259 0.7416 0.0000
vt 0.5252 0.7438 0.0000
vt 0.5198 0.7444 0.0000
vt 0.5209 0.7419 0.0000
vt 0.5202 0.7287 0.0000
vt 0.5189 0.7295 0.0000
vt 0.5184 0.7278 0.0000
vt 0.5200 0.7273 0.0000
vt 0.5190 0.7261 0.0000
vt 0.5197 0.7245 0.0000
vt 0.5204 0.7260 0.0000
vt 0.5208 0.7247 0.0000
vt 0.5349 0.7175 0.0000
vt 0.5383 0.7165 0.0000
vt 0.5351 0.7197 0.0000
vt 0.5384 0.7187 0.0000
vt 0.5318 0.7206 0.0000
vt 0.5314 0.7186 0.0000
vt 0.5353 0.7304 0.0000
vt 0.5318 0.7323 0.0000
vt 0.5319 0.7301 0.0000
vt 0.5352 0.7284 0.0000
vt 0.5389 0.7284 0.0000
vt 0.5385 0.7267 0.0000
vt 0.5352 0.7263 0.0000
vt 0.5320 0.7278 0.0000
vt 0.5321 0.7254 0.0000
vt 0.5353 0.7243 0.0000
vt 0.5385 0.7249 0.0000
vt 0.5384 0.7231 0.0000
vt 0.5352 0.7219 0.0000
vt 0.5384 0.7209 0.0000
vt 0.5320 0.7230 0.0000
vt 0.5283 0.7324 0.0000
vt 0.5286 0.7304 0.0000
vt 0.5228 0.7286 0.0000
vt 0.5227 0.7269 0.0000
vt 0.5255 0.7265 0.0000
vt 0.5254 0.7285 0.0000
vt 0.5254 0.7247 0.0000
vt 0.5229 0.7254 0.0000
vt 0.5230 0.7238 0.0000
vt 0.5253 0.7229 0.0000
vt 0.5221 0.7231 0.0000
vt 0.5245 0.7217 0.0000
vt 0.5279 0.7202 0.0000
vt 0.5286 0.7217 0.0000
vt 0.5287 0.7238 0.0000
vt 0.5288 0.7259 0.0000
vt 0.5287 0.7281 0.0000
vt 0.5417 0.7261 0.0000
vt 0.5413 0.7249 0.0000
vt 0.5441 0.7230 0.0000
vt 0.5446 0.7239 0.0000
vt 0.5412 0.7201 0.0000
vt 0.5440 0.7194 0.0000
vt 0.5438 0.7210 0.0000
vt 0.5411 0.7220 0.0000
vt 0.5413 0.7183 0.0000
vt 0.5442 0.7178 0.0000
vt 0.5415 0.7162 0.0000
vt 0.5447 0.7159 0.0000
vt 0.5478 0.7228 0.0000
vt 0.5469 0.7225 0.0000
vt 0.5486 0.7203 0.0000
vt 0.5497 0.7201 0.0000
vt 0.5499 0.7176 0.0000
vt 0.5510 0.7168 0.0000
vt 0.5488 0.7183 0.0000
vt 0.5490 0.7164 0.0000
vt 0.5501 0.7151 0.0000
vt 0.5511 0.7138 0.0000
vt 0.5465 0.7166 0.0000
vt 0.5482 0.7172 0.0000
vt 0.5474 0.7181 0.0000
vt 0.5458 0.7180 0.0000
vt 0.5471 0.7152 0.0000
vt 0.5481 0.7133 0.0000
vt 0.5490 0.7114 0.0000
vt 0.5412 0.7235 0.0000
vt 0.5439 0.7220 0.0000
vt 0.5452 0.7207 0.0000
vt 0.5467 0.7205 0.0000
vt 0.5454 0.7218 0.0000
vt 0.5448 0.7215 0.0000
vt 0.5455 0.7193 0.0000
vt 0.5470 0.7193 0.0000
vt 0.5461 0.7221 0.0000
vt 0.5476 0.7204 0.0000
vt 0.5479 0.7188 0.0000
vt 0.5529 0.7159 0.0000
vt 0.5548 0.7150 0.0000
vt 0.5530 0.7122 0.0000
vt 0.5549 0.7106 0.0000
vt 0.5321 0.7068 0.0000
vt 0.5264 0.7086 0.0000
vt 0.5315 0.7034 0.0000
vt 0.5249 0.7054 0.0000
vt 0.5379 0.7050 0.0000
vt 0.5381 0.7014 0.0000
vt 0.5506 0.7093 0.0000
vt 0.5522 0.7072 0.0000
vt 0.5482 0.7065 0.0000
vt 0.5496 0.7039 0.0000
vt 0.5431 0.7058 0.0000
vt 0.5439 0.7026 0.0000
vt 0.5111 0.7345 0.0000
vt 0.5082 0.7363 0.0000
vt 0.5070 0.7323 0.0000
vt 0.5100 0.7310 0.0000
vt 0.5123 0.7380 0.0000
vt 0.5094 0.7403 0.0000
vt 0.5166 0.7399 0.0000
vt 0.5146 0.7423 0.0000
vt 0.5064 0.7362 0.0000
vt 0.5061 0.7382 0.0000
vt 0.5029 0.7361 0.0000
vt 0.5049 0.7342 0.0000
vt 0.4281 0.7148 0.0000
vt 0.4281 0.7133 0.0000
vt 0.4289 0.7141 0.0000
vt 0.4288 0.7152 0.0000
vt 0.4282 0.7163 0.0000
vt 0.4288 0.7162 0.0000
vt 0.4276 0.7163 0.0000
vt 0.4274 0.7144 0.0000
vt 0.4272 0.7124 0.0000
vt 0.4550 0.7222 0.0000
vt 0.4561 0.7220 0.0000
vt 0.4566 0.7249 0.0000
vt 0.4553 0.7245 0.0000
vt 0.4538 0.7224 0.0000
vt 0.4540 0.7241 0.0000
vt 0.4535 0.7206 0.0000
vt 0.4546 0.7198 0.0000
vt 0.4557 0.7190 0.0000
vt 0.4395 0.7251 0.0000
vt 0.4397 0.7268 0.0000
vt 0.4362 0.7253 0.0000
vt 0.4362 0.7235 0.0000
vt 0.4394 0.7234 0.0000
vt 0.4362 0.7218 0.0000
vt 0.4426 0.7249 0.0000
vt 0.4429 0.7266 0.0000
vt 0.4432 0.7284 0.0000
vt 0.4400 0.7142 0.0000
vt 0.4362 0.7133 0.0000
vt 0.4362 0.7111 0.0000
vt 0.4400 0.7121 0.0000
vt 0.4363 0.7089 0.0000
vt 0.4400 0.7099 0.0000
vt 0.4438 0.7130 0.0000
vt 0.4436 0.7110 0.0000
vt 0.4439 0.7150 0.0000
vt 0.4398 0.7168 0.0000
vt 0.4435 0.7180 0.0000
vt 0.4431 0.7209 0.0000
vt 0.4395 0.7195 0.0000
vt 0.4359 0.7181 0.0000
vt 0.4360 0.7157 0.0000
vt 0.4394 0.7214 0.0000
vt 0.4360 0.7199 0.0000
vt 0.4428 0.7229 0.0000
vt 0.4474 0.7147 0.0000
vt 0.4473 0.7165 0.0000
vt 0.4475 0.7129 0.0000
vt 0.4511 0.7164 0.0000
vt 0.4514 0.7148 0.0000
vt 0.4507 0.7179 0.0000
vt 0.4528 0.7181 0.0000
vt 0.4535 0.7169 0.0000
vt 0.4521 0.7193 0.0000
vt 0.4518 0.7232 0.0000
vt 0.4497 0.7240 0.0000
vt 0.4499 0.7219 0.0000
vt 0.4517 0.7213 0.0000
vt 0.4518 0.7250 0.0000
vt 0.4495 0.7259 0.0000
vt 0.4527 0.7259 0.0000
vt 0.4537 0.7268 0.0000
vt 0.4509 0.7288 0.0000
vt 0.4502 0.7273 0.0000
vt 0.4466 0.7270 0.0000
vt 0.4470 0.7286 0.0000
vt 0.4461 0.7254 0.0000
vt 0.4463 0.7234 0.0000
vt 0.4465 0.7214 0.0000
vt 0.4469 0.7189 0.0000
vt 0.4503 0.7199 0.0000
vt 0.4514 0.7202 0.0000
vt 0.4293 0.7123 0.0000
vt 0.4305 0.7112 0.0000
vt 0.4308 0.7129 0.0000
vt 0.4298 0.7135 0.0000
vt 0.4288 0.7110 0.0000
vt 0.4303 0.7096 0.0000
vt 0.4334 0.7112 0.0000
vt 0.4333 0.7092 0.0000
vt 0.4335 0.7131 0.0000
vt 0.4336 0.7216 0.0000
vt 0.4338 0.7202 0.0000
vt 0.4336 0.7229 0.0000
vt 0.4309 0.7207 0.0000
vt 0.4311 0.7196 0.0000
vt 0.4313 0.7185 0.0000
vt 0.4336 0.7185 0.0000
vt 0.4335 0.7169 0.0000
vt 0.4312 0.7171 0.0000
vt 0.4311 0.7157 0.0000
vt 0.4300 0.7161 0.0000
vt 0.4301 0.7174 0.0000
vt 0.4300 0.7149 0.0000
vt 0.4297 0.7179 0.0000
vt 0.4293 0.7185 0.0000
vt 0.4309 0.7143 0.0000
vt 0.4303 0.7143 0.0000
vt 0.4335 0.7150 0.0000
vt 0.4398 0.7291 0.0000
vt 0.4436 0.7309 0.0000
vt 0.4398 0.7314 0.0000
vt 0.4440 0.7333 0.0000
vt 0.4356 0.7296 0.0000
vt 0.4359 0.7274 0.0000
vt 0.4300 0.7219 0.0000
vt 0.4330 0.7247 0.0000
vt 0.4324 0.7264 0.0000
vt 0.4291 0.7232 0.0000
vt 0.4478 0.7309 0.0000
vt 0.4487 0.7332 0.0000
vt 0.4521 0.7309 0.0000
vt 0.4533 0.7331 0.0000
vt 0.4578 0.7267 0.0000
vt 0.4590 0.7285 0.0000
vt 0.4562 0.7308 0.0000
vt 0.4550 0.7288 0.0000
vt 0.4583 0.7239 0.0000
vt 0.4601 0.7229 0.0000
vt 0.4596 0.7257 0.0000
vt 0.4586 0.7254 0.0000
vt 0.4577 0.7207 0.0000
vt 0.4593 0.7195 0.0000
vt 0.4571 0.7175 0.0000
vt 0.4585 0.7161 0.0000
vt 0.4548 0.7150 0.0000
vt 0.4561 0.7130 0.0000
vt 0.4525 0.7124 0.0000
vt 0.4537 0.7099 0.0000
vt 0.4486 0.7101 0.0000
vt 0.4447 0.7078 0.0000
vt 0.4458 0.7047 0.0000
vt 0.4498 0.7073 0.0000
vt 0.4406 0.7069 0.0000
vt 0.4364 0.7060 0.0000
vt 0.4365 0.7031 0.0000
vt 0.4412 0.7039 0.0000
vt 0.4296 0.7074 0.0000
vt 0.4290 0.7052 0.0000
vt 0.4328 0.7042 0.0000
vt 0.4330 0.7067 0.0000
vt 0.4260 0.7111 0.0000
vt 0.4247 0.7099 0.0000
vt 0.4268 0.7075 0.0000
vt 0.4278 0.7093 0.0000
vt 0.4261 0.7137 0.0000
vt 0.4262 0.7163 0.0000
vt 0.4248 0.7164 0.0000
vt 0.4248 0.7131 0.0000
vt 0.4281 0.7191 0.0000
vt 0.4270 0.7197 0.0000
vt 0.4315 0.7284 0.0000
vt 0.4353 0.7322 0.0000
vt 0.4349 0.7349 0.0000
vt 0.4305 0.7304 0.0000
vt 0.4276 0.7246 0.0000
vt 0.4261 0.7260 0.0000
vt 0.4401 0.7344 0.0000
vt 0.4404 0.7373 0.0000
vt 0.4450 0.7365 0.0000
vt 0.4459 0.7397 0.0000
vt 0.4587 0.7330 0.0000
vt 0.4614 0.7301 0.0000
vt 0.4613 0.7353 0.0000
vt 0.4637 0.7318 0.0000
vt 0.4589 0.7387 0.0000
vt 0.4561 0.7359 0.0000
vt 0.4505 0.7362 0.0000
vt 0.4524 0.7392 0.0000
vt 0.4637 0.7369 0.0000
vt 0.4637 0.7352 0.0000
vt 0.4661 0.7334 0.0000
vt 0.4685 0.7351 0.0000
vt 0.4620 0.7264 0.0000
vt 0.4643 0.7272 0.0000
vt 0.4625 0.7227 0.0000
vt 0.4650 0.7225 0.0000
vt 0.4672 0.7279 0.0000
vt 0.4700 0.7286 0.0000
vt 0.4683 0.7224 0.0000
vt 0.4715 0.7222 0.0000
vt 0.4616 0.7187 0.0000
vt 0.4639 0.7179 0.0000
vt 0.4607 0.7147 0.0000
vt 0.4629 0.7134 0.0000
vt 0.4579 0.7111 0.0000
vt 0.4598 0.7092 0.0000
vt 0.4552 0.7075 0.0000
vt 0.4567 0.7051 0.0000
vt 0.4507 0.7047 0.0000
vt 0.4463 0.7019 0.0000
vt 0.4468 0.6991 0.0000
vt 0.4517 0.7021 0.0000
vt 0.4362 0.7001 0.0000
vt 0.4359 0.6971 0.0000
vt 0.4413 0.6981 0.0000
vt 0.4413 0.7010 0.0000
vt 0.4319 0.7013 0.0000
vt 0.4309 0.6983 0.0000
vt 0.4275 0.7024 0.0000
vt 0.4260 0.6995 0.0000
vt 0.4248 0.7052 0.0000
vt 0.4229 0.7029 0.0000
vt 0.4222 0.7081 0.0000
vt 0.4197 0.7063 0.0000
vt 0.4668 0.7175 0.0000
vt 0.4697 0.7170 0.0000
vt 0.4654 0.7126 0.0000
vt 0.4679 0.7117 0.0000
vt 0.4765 0.6634 0.0000
vt 0.4762 0.6647 0.0000
vt 0.4748 0.6639 0.0000
vt 0.4750 0.6629 0.0000
vt 0.4768 0.6621 0.0000
vt 0.4751 0.6618 0.0000
vt 0.4785 0.6624 0.0000
vt 0.4781 0.6639 0.0000
vt 0.4777 0.6654 0.0000
vt 0.4832 0.6661 0.0000
vt 0.4835 0.6652 0.0000
vt 0.4850 0.6650 0.0000
vt 0.4837 0.6665 0.0000
vt 0.4825 0.6680 0.0000
vt 0.4823 0.6667 0.0000
vt 0.4821 0.6654 0.0000
vt 0.4800 0.6640 0.0000
vt 0.4799 0.6654 0.0000
vt 0.4801 0.6626 0.0000
vt 0.4817 0.6627 0.0000
vt 0.4819 0.6640 0.0000
vt 0.4972 0.6661 0.0000
vt 0.4957 0.6666 0.0000
vt 0.4947 0.6648 0.0000
vt 0.4961 0.6644 0.0000
vt 0.4986 0.6657 0.0000
vt 0.4976 0.6640 0.0000
vt 0.4996 0.6673 0.0000
vt 0.4982 0.6679 0.0000
vt 0.4967 0.6684 0.0000
vt 0.5035 0.6650 0.0000
vt 0.5017 0.6651 0.0000
vt 0.5014 0.6636 0.0000
vt 0.5034 0.6636 0.0000
vt 0.5053 0.6649 0.0000
vt 0.5053 0.6637 0.0000
vt 0.5053 0.6660 0.0000
vt 0.5037 0.6663 0.0000
vt 0.5021 0.6667 0.0000
vt 0.5002 0.6654 0.0000
vt 0.5009 0.6670 0.0000
vt 0.4995 0.6638 0.0000
vt 0.5013 0.6677 0.0000
vt 0.5009 0.6682 0.0000
vt 0.5021 0.6679 0.0000
vt 0.5021 0.6691 0.0000
vt 0.4927 0.6664 0.0000
vt 0.4897 0.6661 0.0000
vt 0.4899 0.6647 0.0000
vt 0.4923 0.6647 0.0000
vt 0.4931 0.6680 0.0000
vt 0.4894 0.6676 0.0000
vt 0.4995 0.6683 0.0000
vt 0.4994 0.6687 0.0000
vt 0.5051 0.6682 0.0000
vt 0.5044 0.6672 0.0000
vt 0.5066 0.6666 0.0000
vt 0.5080 0.6672 0.0000
vt 0.5112 0.6670 0.0000
vt 0.5144 0.6668 0.0000
vt 0.5117 0.6691 0.0000
vt 0.5105 0.6685 0.0000
vt 0.5091 0.6713 0.0000
vt 0.5085 0.6693 0.0000
vt 0.4932 0.6709 0.0000
vt 0.4892 0.6706 0.0000
vt 0.4972 0.6712 0.0000
vt 0.4976 0.6741 0.0000
vt 0.4933 0.6739 0.0000
vt 0.4890 0.6737 0.0000
vt 0.4754 0.6653 0.0000
vt 0.4770 0.6666 0.0000
vt 0.4764 0.6679 0.0000
vt 0.4745 0.6660 0.0000
vt 0.4737 0.6640 0.0000
vt 0.4726 0.6641 0.0000
vt 0.4797 0.6667 0.0000
vt 0.4794 0.6679 0.0000
vt 0.4874 0.6648 0.0000
vt 0.4867 0.6663 0.0000
vt 0.4860 0.6678 0.0000
vt 0.4854 0.6709 0.0000
vt 0.4847 0.6740 0.0000
vt 0.4805 0.6743 0.0000
vt 0.4815 0.6711 0.0000
vt 0.4781 0.6705 0.0000
vt 0.4746 0.6698 0.0000
vt 0.4767 0.6730 0.0000
vt 0.4729 0.6717 0.0000
vt 0.4726 0.6670 0.0000
vt 0.4706 0.6680 0.0000
vt 0.4705 0.6642 0.0000
vt 0.4683 0.6642 0.0000
vt 0.5000 0.6712 0.0000
vt 0.5028 0.6712 0.0000
vt 0.5034 0.6734 0.0000
vt 0.5005 0.6738 0.0000
vt 0.5056 0.6703 0.0000
vt 0.5063 0.6724 0.0000
vt 0.4846 0.6783 0.0000
vt 0.4803 0.6787 0.0000
vt 0.4890 0.6780 0.0000
vt 0.4890 0.6823 0.0000
vt 0.4846 0.6826 0.0000
vt 0.4801 0.6830 0.0000
vt 0.4850 0.6865 0.0000
vt 0.4807 0.6867 0.0000
vt 0.4894 0.6863 0.0000
vt 0.4897 0.6902 0.0000
vt 0.4855 0.6903 0.0000
vt 0.4813 0.6904 0.0000
vt 0.5010 0.6771 0.0000
vt 0.4978 0.6778 0.0000
vt 0.5041 0.6764 0.0000
vt 0.5014 0.6804 0.0000
vt 0.5048 0.6793 0.0000
vt 0.4981 0.6815 0.0000
vt 0.4934 0.6779 0.0000
vt 0.4936 0.6819 0.0000
vt 0.4938 0.6855 0.0000
vt 0.4941 0.6891 0.0000
vt 0.4983 0.6848 0.0000
vt 0.4985 0.6880 0.0000
vt 0.4709 0.7156 0.0000
vt 0.4705 0.7123 0.0000
vt 0.4732 0.7128 0.0000
vt 0.4724 0.7175 0.0000
vt 0.4940 0.6927 0.0000
vt 0.4897 0.6938 0.0000
vt 0.4984 0.6916 0.0000
vt 0.4940 0.6962 0.0000
vt 0.4982 0.6951 0.0000
vt 0.4897 0.6973 0.0000
vt 0.4854 0.6937 0.0000
vt 0.4812 0.6936 0.0000
vt 0.4854 0.6970 0.0000
vt 0.4811 0.6967 0.0000
vt 0.4767 0.7088 0.0000
vt 0.4769 0.7143 0.0000
vt 0.4726 0.7074 0.0000
vt 0.4765 0.7034 0.0000
vt 0.4720 0.7019 0.0000
vt 0.4809 0.7103 0.0000
vt 0.4811 0.7048 0.0000
vt 0.4807 0.7158 0.0000
vt 0.4852 0.7013 0.0000
vt 0.4811 0.7008 0.0000
vt 0.4893 0.7017 0.0000
vt 0.4890 0.7062 0.0000
vt 0.4850 0.7055 0.0000
vt 0.4761 0.7198 0.0000
vt 0.4798 0.7222 0.0000
vt 0.4753 0.7254 0.0000
vt 0.4790 0.7285 0.0000
vt 0.4847 0.7110 0.0000
vt 0.4886 0.7116 0.0000
vt 0.4882 0.7171 0.0000
vt 0.4844 0.7165 0.0000
vt 0.4934 0.7010 0.0000
vt 0.4974 0.7002 0.0000
vt 0.4966 0.7053 0.0000
vt 0.4928 0.7057 0.0000
vt 0.4922 0.7112 0.0000
vt 0.4959 0.7107 0.0000
vt 0.4952 0.7161 0.0000
vt 0.4917 0.7166 0.0000
vt 0.4913 0.7232 0.0000
vt 0.4877 0.7237 0.0000
vt 0.4950 0.7226 0.0000
vt 0.4947 0.7292 0.0000
vt 0.4909 0.7298 0.0000
vt 0.4871 0.7304 0.0000
vt 0.4837 0.7229 0.0000
vt 0.4831 0.7294 0.0000
vt 0.5214 0.7120 0.0000
vt 0.5189 0.7089 0.0000
vt 0.5163 0.7153 0.0000
vt 0.5130 0.7125 0.0000
vt 0.5138 0.7194 0.0000
vt 0.5113 0.7235 0.0000
vt 0.5104 0.7179 0.0000
vt 0.5078 0.7233 0.0000
vt 0.5057 0.7185 0.0000
vt 0.5041 0.7243 0.0000
vt 0.5010 0.7192 0.0000
vt 0.5004 0.7253 0.0000
vt 0.5016 0.7130 0.0000
vt 0.5073 0.7128 0.0000
vt 0.5106 0.7273 0.0000
vt 0.5074 0.7278 0.0000
vt 0.5045 0.7292 0.0000
vt 0.5016 0.7307 0.0000
vt 0.4980 0.7209 0.0000
vt 0.4975 0.7272 0.0000
vt 0.4985 0.7146 0.0000
vt 0.4994 0.7101 0.0000
vt 0.5028 0.7094 0.0000
vt 0.5003 0.7056 0.0000
vt 0.5039 0.7058 0.0000
vt 0.5192 0.7039 0.0000
vt 0.5134 0.7074 0.0000
vt 0.5138 0.7022 0.0000
vt 0.5195 0.6988 0.0000
vt 0.5250 0.7004 0.0000
vt 0.5251 0.6955 0.0000
vt 0.5088 0.7040 0.0000
vt 0.5081 0.7084 0.0000
vt 0.5322 0.6987 0.0000
vt 0.5395 0.6970 0.0000
vt 0.5330 0.6940 0.0000
vt 0.5409 0.6926 0.0000
vt 0.5455 0.6985 0.0000
vt 0.5515 0.7000 0.0000
vt 0.5472 0.6944 0.0000
vt 0.5535 0.6962 0.0000
vt 0.5582 0.7078 0.0000
vt 0.5549 0.7039 0.0000
vt 0.5575 0.7006 0.0000
vt 0.5616 0.7050 0.0000
vt 0.5581 0.7135 0.0000
vt 0.5614 0.7120 0.0000
vt 0.5612 0.7190 0.0000
vt 0.5579 0.7193 0.0000
vt 0.5552 0.7250 0.0000
vt 0.5583 0.7259 0.0000
vt 0.5553 0.7327 0.0000
vt 0.5525 0.7307 0.0000
vt 0.5475 0.7355 0.0000
vt 0.5496 0.7381 0.0000
vt 0.5439 0.7435 0.0000
vt 0.5426 0.7404 0.0000
vt 0.5368 0.7436 0.0000
vt 0.5376 0.7470 0.0000
vt 0.5314 0.7504 0.0000
vt 0.5310 0.7469 0.0000
vt 0.5253 0.7478 0.0000
vt 0.5253 0.7518 0.0000
vt 0.5193 0.7532 0.0000
vt 0.5196 0.7488 0.0000
vt 0.5141 0.7473 0.0000
vt 0.5136 0.7523 0.0000
vt 0.5078 0.7515 0.0000
vt 0.5086 0.7459 0.0000
vt 0.4988 0.7341 0.0000
vt 0.4961 0.7376 0.0000
vt 0.5002 0.7410 0.0000
vt 0.4974 0.7460 0.0000
vt 0.5044 0.7435 0.0000
vt 0.5026 0.7487 0.0000
vt 0.4914 0.7383 0.0000
vt 0.4868 0.7390 0.0000
vt 0.4920 0.7467 0.0000
vt 0.4865 0.7475 0.0000
vt 0.4768 0.7369 0.0000
vt 0.4818 0.7379 0.0000
vt 0.4805 0.7464 0.0000
vt 0.4746 0.7454 0.0000
vt 0.4734 0.7328 0.0000
vt 0.4716 0.7402 0.0000
vt 0.4656 0.7423 0.0000
vt 0.4597 0.7444 0.0000
vt 0.4675 0.7477 0.0000
vt 0.4604 0.7501 0.0000
vt 0.4529 0.7442 0.0000
vt 0.4460 0.7440 0.0000
vt 0.4533 0.7492 0.0000
vt 0.4462 0.7483 0.0000
vt 0.4400 0.7411 0.0000
vt 0.4340 0.7382 0.0000
vt 0.4396 0.7450 0.0000
vt 0.4331 0.7416 0.0000
vt 0.4223 0.7121 0.0000
vt 0.4223 0.7161 0.0000
vt 0.4198 0.7158 0.0000
vt 0.4198 0.7111 0.0000
vt 0.4287 0.7330 0.0000
vt 0.4235 0.7278 0.0000
vt 0.4270 0.7356 0.0000
vt 0.4209 0.7297 0.0000
vt 0.4250 0.7203 0.0000
vt 0.4230 0.7209 0.0000
vt 0.4193 0.7216 0.0000
vt 0.4151 0.7153 0.0000
vt 0.4156 0.7222 0.0000
vt 0.4104 0.7147 0.0000
vt 0.4151 0.7031 0.0000
vt 0.4151 0.7092 0.0000
vt 0.4104 0.7073 0.0000
vt 0.4104 0.6999 0.0000
vt 0.4191 0.6990 0.0000
vt 0.4153 0.6950 0.0000
vt 0.4202 0.6902 0.0000
vt 0.4231 0.6948 0.0000
vt 0.4291 0.6938 0.0000
vt 0.4274 0.6893 0.0000
vt 0.4345 0.6884 0.0000
vt 0.4352 0.6928 0.0000
vt 0.4413 0.6941 0.0000
vt 0.4413 0.6902 0.0000
vt 0.4475 0.6955 0.0000
vt 0.4482 0.6919 0.0000
vt 0.4687 0.7066 0.0000
vt 0.4668 0.7009 0.0000
vt 0.4647 0.7058 0.0000
vt 0.4616 0.6998 0.0000
vt 0.4533 0.6990 0.0000
vt 0.4591 0.7025 0.0000
vt 0.4549 0.6959 0.0000
vt 0.4622 0.7075 0.0000
vt 0.5011 0.6435 0.0000
vt 0.5046 0.6435 0.0000
vt 0.5050 0.6456 0.0000
vt 0.5013 0.6458 0.0000
vt 0.5015 0.6481 0.0000
vt 0.5053 0.6477 0.0000
vt 0.4977 0.6486 0.0000
vt 0.4977 0.6461 0.0000
vt 0.4976 0.6435 0.0000
vt 0.4943 0.6459 0.0000
vt 0.4943 0.6485 0.0000
vt 0.4908 0.6483 0.0000
vt 0.4909 0.6457 0.0000
vt 0.4943 0.6432 0.0000
vt 0.4910 0.6430 0.0000
vt 0.4943 0.6406 0.0000
vt 0.4943 0.6379 0.0000
vt 0.4974 0.6382 0.0000
vt 0.4975 0.6409 0.0000
vt 0.4911 0.6403 0.0000
vt 0.4912 0.6376 0.0000
vt 0.4875 0.6452 0.0000
vt 0.4877 0.6425 0.0000
vt 0.4873 0.6478 0.0000
vt 0.4837 0.6473 0.0000
vt 0.4841 0.6447 0.0000
vt 0.4844 0.6420 0.0000
vt 0.4808 0.6436 0.0000
vt 0.4812 0.6411 0.0000
vt 0.4804 0.6461 0.0000
vt 0.4770 0.6448 0.0000
vt 0.4775 0.6425 0.0000
vt 0.4779 0.6402 0.0000
vt 0.4747 0.6410 0.0000
vt 0.4751 0.6390 0.0000
vt 0.4742 0.6430 0.0000
vt 0.4715 0.6412 0.0000
vt 0.4719 0.6395 0.0000
vt 0.4722 0.6378 0.0000
vt 0.5123 0.6427 0.0000
vt 0.5127 0.6442 0.0000
vt 0.5090 0.6459 0.0000
vt 0.5087 0.6442 0.0000
vt 0.5083 0.6424 0.0000
vt 0.5119 0.6412 0.0000
vt 0.5138 0.6407 0.0000
vt 0.5158 0.6402 0.0000
vt 0.5142 0.6422 0.0000
vt 0.5135 0.6418 0.0000
vt 0.4709 0.6387 0.0000
vt 0.4706 0.6375 0.0000
vt 0.4702 0.6391 0.0000
vt 0.4689 0.6371 0.0000
vt 0.4704 0.6347 0.0000
vt 0.4684 0.6341 0.0000
vt 0.4702 0.6320 0.0000
vt 0.4679 0.6311 0.0000
vt 0.4724 0.6328 0.0000
vt 0.4723 0.6353 0.0000
vt 0.4753 0.6365 0.0000
vt 0.4755 0.6339 0.0000
vt 0.4785 0.6351 0.0000
vt 0.4782 0.6376 0.0000
vt 0.4721 0.6250 0.0000
vt 0.4734 0.6248 0.0000
vt 0.4734 0.6272 0.0000
vt 0.4715 0.6263 0.0000
vt 0.4715 0.6239 0.0000
vt 0.4696 0.6253 0.0000
vt 0.4734 0.6225 0.0000
vt 0.4729 0.6300 0.0000
vt 0.4708 0.6291 0.0000
vt 0.4688 0.6282 0.0000
vt 0.5010 0.6409 0.0000
vt 0.5009 0.6383 0.0000
vt 0.5043 0.6384 0.0000
vt 0.5045 0.6410 0.0000
vt 0.5010 0.6284 0.0000
vt 0.5008 0.6318 0.0000
vt 0.4976 0.6319 0.0000
vt 0.4979 0.6284 0.0000
vt 0.5013 0.6250 0.0000
vt 0.4981 0.6248 0.0000
vt 0.5042 0.6284 0.0000
vt 0.5045 0.6251 0.0000
vt 0.5039 0.6318 0.0000
vt 0.5008 0.6351 0.0000
vt 0.5041 0.6351 0.0000
vt 0.4975 0.6351 0.0000
vt 0.5138 0.6381 0.0000
vt 0.5117 0.6388 0.0000
vt 0.5114 0.6365 0.0000
vt 0.5138 0.6356 0.0000
vt 0.5160 0.6374 0.0000
vt 0.5162 0.6346 0.0000
vt 0.5081 0.6399 0.0000
vt 0.5079 0.6374 0.0000
vt 0.5107 0.6283 0.0000
vt 0.5105 0.6308 0.0000
vt 0.5072 0.6313 0.0000
vt 0.5074 0.6284 0.0000
vt 0.5077 0.6255 0.0000
vt 0.5109 0.6259 0.0000
vt 0.5120 0.6286 0.0000
vt 0.5128 0.6275 0.0000
vt 0.5126 0.6300 0.0000
vt 0.5147 0.6292 0.0000
vt 0.5132 0.6328 0.0000
vt 0.5154 0.6319 0.0000
vt 0.5110 0.6336 0.0000
vt 0.5075 0.6344 0.0000
vt 0.4879 0.6399 0.0000
vt 0.4880 0.6372 0.0000
vt 0.4847 0.6394 0.0000
vt 0.4849 0.6368 0.0000
vt 0.4814 0.6385 0.0000
vt 0.4817 0.6359 0.0000
vt 0.4946 0.6317 0.0000
vt 0.4944 0.6348 0.0000
vt 0.4914 0.6346 0.0000
vt 0.4915 0.6315 0.0000
vt 0.4759 0.6310 0.0000
vt 0.4764 0.6281 0.0000
vt 0.4794 0.6291 0.0000
vt 0.4790 0.6321 0.0000
vt 0.4883 0.6342 0.0000
vt 0.4885 0.6311 0.0000
vt 0.4852 0.6337 0.0000
vt 0.4855 0.6307 0.0000
vt 0.4821 0.6329 0.0000
vt 0.4824 0.6299 0.0000
vt 0.4765 0.6253 0.0000
vt 0.4766 0.6225 0.0000
vt 0.4798 0.6225 0.0000
vt 0.4796 0.6258 0.0000
vt 0.4948 0.6281 0.0000
vt 0.4950 0.6246 0.0000
vt 0.4917 0.6279 0.0000
vt 0.4919 0.6243 0.0000
vt 0.4827 0.6265 0.0000
vt 0.4829 0.6230 0.0000
vt 0.4860 0.6236 0.0000
vt 0.4857 0.6271 0.0000
vt 0.4887 0.6275 0.0000
vt 0.4890 0.6240 0.0000
vt 0.4945 0.6530 0.0000
vt 0.4907 0.6530 0.0000
vt 0.4908 0.6507 0.0000
vt 0.4944 0.6507 0.0000
vt 0.4980 0.6508 0.0000
vt 0.4983 0.6530 0.0000
vt 0.5020 0.6501 0.0000
vt 0.5026 0.6521 0.0000
vt 0.5061 0.6494 0.0000
vt 0.5069 0.6512 0.0000
vt 0.5102 0.6475 0.0000
vt 0.5113 0.6491 0.0000
vt 0.5142 0.6456 0.0000
vt 0.5157 0.6470 0.0000
vt 0.5162 0.6429 0.0000
vt 0.5182 0.6437 0.0000
vt 0.5183 0.6402 0.0000
vt 0.5207 0.6403 0.0000
vt 0.5185 0.6370 0.0000
vt 0.5211 0.6366 0.0000
vt 0.5188 0.6338 0.0000
vt 0.5214 0.6329 0.0000
vt 0.5179 0.6308 0.0000
vt 0.5171 0.6277 0.0000
vt 0.5194 0.6263 0.0000
vt 0.5204 0.6296 0.0000
vt 0.5148 0.6255 0.0000
vt 0.5125 0.6234 0.0000
vt 0.5142 0.6208 0.0000
vt 0.5168 0.6235 0.0000
vt 0.5091 0.6224 0.0000
vt 0.5056 0.6215 0.0000
vt 0.5067 0.6179 0.0000
vt 0.5105 0.6194 0.0000
vt 0.5021 0.6212 0.0000
vt 0.4986 0.6208 0.0000
vt 0.5030 0.6173 0.0000
vt 0.4992 0.6168 0.0000
vt 0.4955 0.6205 0.0000
vt 0.4923 0.6203 0.0000
vt 0.4927 0.6162 0.0000
vt 0.4960 0.6165 0.0000
vt 0.4892 0.6200 0.0000
vt 0.4860 0.6197 0.0000
vt 0.4861 0.6158 0.0000
vt 0.4894 0.6160 0.0000
vt 0.4826 0.6194 0.0000
vt 0.4824 0.6157 0.0000
vt 0.4793 0.6191 0.0000
vt 0.4787 0.6156 0.0000
vt 0.4758 0.6195 0.0000
vt 0.4749 0.6165 0.0000
vt 0.4723 0.6199 0.0000
vt 0.4711 0.6173 0.0000
vt 0.4700 0.6219 0.0000
vt 0.4685 0.6199 0.0000
vt 0.4677 0.6239 0.0000
vt 0.4658 0.6225 0.0000
vt 0.4669 0.6272 0.0000
vt 0.4660 0.6305 0.0000
vt 0.4641 0.6298 0.0000
vt 0.4650 0.6262 0.0000
vt 0.4665 0.6339 0.0000
vt 0.4671 0.6373 0.0000
vt 0.4652 0.6374 0.0000
vt 0.4647 0.6336 0.0000
vt 0.4687 0.6400 0.0000
vt 0.4703 0.6427 0.0000
vt 0.4692 0.6442 0.0000
vt 0.4672 0.6408 0.0000
vt 0.4738 0.6622 0.0000
vt 0.4739 0.6604 0.0000
vt 0.4726 0.6615 0.0000
vt 0.4726 0.6590 0.0000
vt 0.4733 0.6448 0.0000
vt 0.4724 0.6466 0.0000
vt 0.4763 0.6469 0.0000
vt 0.4755 0.6490 0.0000
vt 0.4712 0.6487 0.0000
vt 0.4701 0.6509 0.0000
vt 0.4662 0.6483 0.0000
vt 0.4677 0.6462 0.0000
vt 0.4748 0.6513 0.0000
vt 0.4739 0.6536 0.0000
vt 0.4847 0.6629 0.0000
vt 0.4833 0.6635 0.0000
vt 0.4830 0.6617 0.0000
vt 0.4844 0.6608 0.0000
vt 0.4871 0.6502 0.0000
vt 0.4869 0.6525 0.0000
vt 0.4830 0.6519 0.0000
vt 0.4834 0.6496 0.0000
vt 0.4798 0.6483 0.0000
vt 0.4793 0.6504 0.0000
vt 0.4787 0.6528 0.0000
vt 0.4782 0.6551 0.0000
vt 0.4827 0.6543 0.0000
vt 0.4825 0.6566 0.0000
vt 0.4874 0.6629 0.0000
vt 0.4873 0.6609 0.0000
vt 0.4903 0.6610 0.0000
vt 0.4901 0.6628 0.0000
vt 0.4927 0.6629 0.0000
vt 0.4953 0.6631 0.0000
vt 0.4931 0.6611 0.0000
vt 0.4959 0.6613 0.0000
vt 0.4938 0.6593 0.0000
vt 0.4973 0.6595 0.0000
vt 0.4904 0.6591 0.0000
vt 0.4906 0.6572 0.0000
vt 0.4946 0.6574 0.0000
vt 0.4986 0.6576 0.0000
vt 0.4967 0.6627 0.0000
vt 0.4985 0.6610 0.0000
vt 0.4990 0.6624 0.0000
vt 0.5013 0.6621 0.0000
vt 0.5011 0.6607 0.0000
vt 0.4986 0.6599 0.0000
vt 0.4999 0.6591 0.0000
vt 0.4961 0.6634 0.0000
vt 0.4906 0.6551 0.0000
vt 0.4945 0.6552 0.0000
vt 0.4984 0.6553 0.0000
vt 0.4764 0.6607 0.0000
vt 0.4761 0.6593 0.0000
vt 0.4796 0.6595 0.0000
vt 0.4790 0.6610 0.0000
vt 0.4810 0.6581 0.0000
vt 0.4771 0.6572 0.0000
vt 0.4733 0.6563 0.0000
vt 0.4810 0.6614 0.0000
vt 0.4820 0.6601 0.0000
vt 0.4821 0.6590 0.0000
vt 0.4834 0.6587 0.0000
vt 0.4869 0.6589 0.0000
vt 0.4865 0.6569 0.0000
vt 0.4867 0.6547 0.0000
vt 0.5042 0.6624 0.0000
vt 0.5071 0.6628 0.0000
vt 0.5050 0.6612 0.0000
vt 0.5089 0.6618 0.0000
vt 0.5044 0.6590 0.0000
vt 0.5038 0.6567 0.0000
vt 0.5089 0.6588 0.0000
vt 0.5089 0.6558 0.0000
vt 0.5069 0.6647 0.0000
vt 0.5084 0.6645 0.0000
vt 0.5032 0.6544 0.0000
vt 0.5079 0.6535 0.0000
vt 0.4692 0.6607 0.0000
vt 0.4679 0.6573 0.0000
vt 0.4658 0.6600 0.0000
vt 0.4632 0.6557 0.0000
vt 0.4690 0.6541 0.0000
vt 0.4647 0.6520 0.0000
vt 0.5257 0.6363 0.0000
vt 0.5304 0.6360 0.0000
vt 0.5303 0.6409 0.0000
vt 0.5255 0.6406 0.0000
vt 0.5259 0.6320 0.0000
vt 0.5304 0.6311 0.0000
vt 0.5246 0.6282 0.0000
vt 0.5233 0.6244 0.0000
vt 0.5272 0.6226 0.0000
vt 0.5288 0.6268 0.0000
vt 0.5202 0.6212 0.0000
vt 0.5171 0.6179 0.0000
vt 0.5200 0.6150 0.0000
vt 0.5236 0.6188 0.0000
vt 0.5129 0.6160 0.0000
vt 0.5088 0.6141 0.0000
vt 0.5108 0.6104 0.0000
vt 0.5154 0.6127 0.0000
vt 0.5046 0.6133 0.0000
vt 0.5004 0.6125 0.0000
vt 0.5017 0.6082 0.0000
vt 0.5062 0.6093 0.0000
vt 0.4967 0.6121 0.0000
vt 0.4931 0.6118 0.0000
vt 0.4934 0.6073 0.0000
vt 0.4976 0.6078 0.0000
vt 0.4895 0.6116 0.0000
vt 0.4896 0.6072 0.0000
vt 0.4859 0.6115 0.0000
vt 0.4857 0.6071 0.0000
vt 0.4820 0.6115 0.0000
vt 0.4815 0.6073 0.0000
vt 0.4780 0.6116 0.0000
vt 0.4773 0.6075 0.0000
vt 0.4737 0.6127 0.0000
vt 0.4725 0.6090 0.0000
vt 0.4694 0.6139 0.0000
vt 0.4677 0.6105 0.0000
vt 0.4664 0.6172 0.0000
vt 0.4634 0.6206 0.0000
vt 0.4610 0.6186 0.0000
vt 0.4643 0.6145 0.0000
vt 0.4625 0.6250 0.0000
vt 0.4615 0.6293 0.0000
vt 0.4589 0.6288 0.0000
vt 0.4600 0.6237 0.0000
vt 0.4624 0.6338 0.0000
vt 0.4632 0.6382 0.0000
vt 0.4611 0.6389 0.0000
vt 0.4600 0.6339 0.0000
vt 0.4654 0.6422 0.0000
vt 0.4637 0.6436 0.0000
vt 0.4415 0.6844 0.0000
vt 0.4341 0.6821 0.0000
vt 0.4337 0.6758 0.0000
vt 0.4417 0.6786 0.0000
vt 0.4489 0.6867 0.0000
vt 0.4496 0.6815 0.0000
vt 0.4557 0.6849 0.0000
vt 0.4618 0.6884 0.0000
vt 0.4617 0.6941 0.0000
vt 0.4553 0.6904 0.0000
vt 0.4599 0.6671 0.0000
vt 0.4601 0.6629 0.0000
vt 0.4633 0.6655 0.0000
vt 0.4639 0.6689 0.0000
vt 0.4595 0.6714 0.0000
vt 0.4644 0.6722 0.0000
vt 0.4547 0.6705 0.0000
vt 0.4558 0.6654 0.0000
vt 0.4569 0.6603 0.0000
vt 0.4630 0.6614 0.0000
vt 0.4601 0.6580 0.0000
vt 0.4658 0.6649 0.0000
vt 0.4615 0.6464 0.0000
vt 0.4593 0.6491 0.0000
vt 0.4582 0.6407 0.0000
vt 0.4553 0.6425 0.0000
vt 0.5335 0.6879 0.0000
vt 0.5422 0.6865 0.0000
vt 0.5248 0.6892 0.0000
vt 0.5245 0.6830 0.0000
vt 0.5340 0.6817 0.0000
vt 0.5435 0.6805 0.0000
vt 0.4443 0.6722 0.0000
vt 0.4522 0.6760 0.0000
vt 0.4364 0.6683 0.0000
vt 0.4390 0.6608 0.0000
vt 0.4469 0.6657 0.0000
vt 0.4493 0.6599 0.0000
vt 0.4428 0.6545 0.0000
vt 0.4466 0.6481 0.0000
vt 0.4518 0.6542 0.0000
vt 0.4555 0.6517 0.0000
vt 0.4510 0.6453 0.0000
vt 0.4564 0.6347 0.0000
vt 0.4546 0.6287 0.0000
vt 0.4528 0.6356 0.0000
vt 0.4503 0.6286 0.0000
vt 0.4558 0.6225 0.0000
vt 0.4516 0.6212 0.0000
vt 0.4529 0.6139 0.0000
vt 0.4570 0.6163 0.0000
vt 0.4611 0.6114 0.0000
vt 0.4579 0.6082 0.0000
vt 0.4630 0.6025 0.0000
vt 0.4653 0.6065 0.0000
vt 0.4707 0.6047 0.0000
vt 0.4690 0.6004 0.0000
vt 0.4749 0.5982 0.0000
vt 0.4761 0.6028 0.0000
vt 0.4808 0.6025 0.0000
vt 0.4802 0.5978 0.0000
vt 0.4854 0.5974 0.0000
vt 0.4856 0.6022 0.0000
vt 0.4898 0.6024 0.0000
vt 0.4900 0.5975 0.0000
vt 0.4946 0.5976 0.0000
vt 0.4940 0.6025 0.0000
vt 0.4985 0.6030 0.0000
vt 0.5031 0.6035 0.0000
vt 0.4995 0.5982 0.0000
vt 0.5045 0.5988 0.0000
vt 0.5082 0.6047 0.0000
vt 0.5134 0.6058 0.0000
vt 0.5103 0.6000 0.0000
vt 0.5161 0.6012 0.0000
vt 0.5189 0.6085 0.0000
vt 0.5245 0.6112 0.0000
vt 0.5225 0.6044 0.0000
vt 0.5290 0.6075 0.0000
vt 0.5289 0.6158 0.0000
vt 0.5334 0.6203 0.0000
vt 0.5343 0.6127 0.0000
vt 0.5396 0.6180 0.0000
vt 0.5351 0.6249 0.0000
vt 0.5367 0.6296 0.0000
vt 0.5413 0.6230 0.0000
vt 0.5430 0.6281 0.0000
vt 0.5228 0.6455 0.0000
vt 0.5273 0.6474 0.0000
vt 0.5242 0.6538 0.0000
vt 0.5200 0.6504 0.0000
vt 0.5383 0.6397 0.0000
vt 0.5375 0.6346 0.0000
vt 0.5447 0.6333 0.0000
vt 0.5464 0.6385 0.0000
vt 0.5014 0.7000 0.0000
vt 0.5026 0.6945 0.0000
vt 0.5069 0.6940 0.0000
vt 0.5054 0.6999 0.0000
vt 0.5096 0.6987 0.0000
vt 0.5138 0.6974 0.0000
vt 0.5104 0.6933 0.0000
vt 0.5139 0.6926 0.0000
vt 0.5193 0.6933 0.0000
vt 0.5192 0.6878 0.0000
vt 0.5019 0.6834 0.0000
vt 0.5023 0.6864 0.0000
vt 0.5055 0.6820 0.0000
vt 0.5062 0.6848 0.0000
vt 0.5024 0.6905 0.0000
vt 0.5065 0.6894 0.0000
vt 0.5099 0.6888 0.0000
vt 0.5094 0.6842 0.0000
vt 0.5126 0.6837 0.0000
vt 0.5132 0.6881 0.0000
vt 0.5176 0.6751 0.0000
vt 0.5184 0.6786 0.0000
vt 0.5155 0.6812 0.0000
vt 0.5147 0.6779 0.0000
vt 0.5118 0.6806 0.0000
vt 0.5139 0.6745 0.0000
vt 0.5110 0.6776 0.0000
vt 0.5169 0.6715 0.0000
vt 0.5100 0.6744 0.0000
vt 0.5128 0.6718 0.0000
vt 0.5156 0.6692 0.0000
vt 0.5071 0.6754 0.0000
vt 0.5079 0.6784 0.0000
vt 0.5086 0.6813 0.0000
vt 0.5353 0.6737 0.0000
vt 0.5251 0.6750 0.0000
vt 0.5257 0.6669 0.0000
vt 0.5366 0.6656 0.0000
vt 0.5455 0.6723 0.0000
vt 0.5475 0.6642 0.0000
vt 0.5173 0.6845 0.0000
vt 0.5214 0.6808 0.0000
vt 0.4672 0.6684 0.0000
vt 0.4686 0.6719 0.0000
vt 0.4694 0.6743 0.0000
vt 0.4720 0.6754 0.0000
vt 0.4710 0.6791 0.0000
vt 0.4677 0.6756 0.0000
vt 0.4756 0.6810 0.0000
vt 0.4761 0.6770 0.0000
vt 0.4763 0.6939 0.0000
vt 0.4764 0.6986 0.0000
vt 0.4717 0.6965 0.0000
vt 0.4715 0.6911 0.0000
vt 0.4667 0.6953 0.0000
vt 0.4666 0.6898 0.0000
vt 0.4572 0.6801 0.0000
vt 0.4622 0.6841 0.0000
vt 0.4587 0.6752 0.0000
vt 0.4627 0.6798 0.0000
vt 0.4606 0.6742 0.0000
vt 0.4635 0.6760 0.0000
vt 0.4663 0.6860 0.0000
vt 0.4660 0.6823 0.0000
vt 0.4695 0.6847 0.0000
vt 0.4705 0.6879 0.0000
vt 0.4669 0.6789 0.0000
vt 0.4703 0.6819 0.0000
vt 0.4755 0.6843 0.0000
vt 0.4754 0.6876 0.0000
vt 0.4758 0.6907 0.0000
vt 0.5123 0.6644 0.0000
vt 0.5162 0.6643 0.0000
vt 0.5134 0.6618 0.0000
vt 0.5180 0.6618 0.0000
vt 0.5188 0.6668 0.0000
vt 0.5213 0.6692 0.0000
vt 0.5218 0.6643 0.0000
vt 0.5226 0.6608 0.0000
vt 0.5250 0.6604 0.0000
vt 0.5211 0.6578 0.0000
vt 0.5214 0.6750 0.0000
vt 0.5357 0.6522 0.0000
vt 0.5473 0.6506 0.0000
vt 0.5474 0.6574 0.0000
vt 0.5362 0.6589 0.0000
vt 0.5139 0.6520 0.0000
vt 0.5165 0.6548 0.0000
vt 0.5150 0.6583 0.0000
vt 0.5370 0.6460 0.0000
vt 0.5468 0.6445 0.0000
vt 0.3643 0.2796 0.0000
vt 0.3774 0.2553 0.0000
vt 0.3780 0.2565 0.0000
vt 0.3659 0.2813 0.0000
vt 0.3511 0.3040 0.0000
vt 0.3539 0.3062 0.0000
vt 0.3626 0.2779 0.0000
vt 0.3484 0.3018 0.0000
vt 0.3769 0.2540 0.0000
vt 0.3416 0.3186 0.0000
vt 0.3387 0.3162 0.0000
vt 0.3445 0.3210 0.0000
vt 0.3350 0.3359 0.0000
vt 0.3321 0.3332 0.0000
vt 0.3291 0.3305 0.0000
vt 0.3225 0.3043 0.0000
vt 0.3251 0.3064 0.0000
vt 0.3137 0.3209 0.0000
vt 0.3099 0.3180 0.0000
vt 0.3062 0.3150 0.0000
vt 0.3199 0.3021 0.0000
vt 0.3350 0.2905 0.0000
vt 0.3336 0.2892 0.0000
vt 0.3365 0.2919 0.0000
vt 0.3319 0.3113 0.0000
vt 0.3424 0.2968 0.0000
vt 0.3214 0.3257 0.0000
vt 0.3250 0.3507 0.0000
vt 0.3275 0.3533 0.0000
vt 0.3299 0.3559 0.0000
vt 0.3248 0.3759 0.0000
vt 0.3229 0.3734 0.0000
vt 0.3209 0.3708 0.0000
vt 0.3082 0.3398 0.0000
vt 0.3028 0.3587 0.0000
vt 0.3009 0.3567 0.0000
vt 0.3054 0.3373 0.0000
vt 0.2991 0.3547 0.0000
vt 0.3027 0.3349 0.0000
vt 0.3166 0.3452 0.0000
vt 0.3118 0.3648 0.0000
vt 0.3125 0.3891 0.0000
vt 0.3143 0.3910 0.0000
vt 0.3161 0.3929 0.0000
vt 0.3074 0.4100 0.0000
vt 0.3057 0.4086 0.0000
vt 0.3041 0.4073 0.0000
vt 0.2940 0.3746 0.0000
vt 0.2870 0.3924 0.0000
vt 0.2855 0.3907 0.0000
vt 0.2923 0.3727 0.0000
vt 0.2957 0.3764 0.0000
vt 0.2885 0.3941 0.0000
vt 0.3041 0.3828 0.0000
vt 0.2963 0.4007 0.0000
vt 0.2924 0.4236 0.0000
vt 0.2908 0.4224 0.0000
vt 0.2941 0.4249 0.0000
vt 0.2808 0.4398 0.0000
vt 0.2791 0.4387 0.0000
vt 0.2774 0.4375 0.0000
vt 0.2739 0.4069 0.0000
vt 0.2608 0.4214 0.0000
vt 0.2594 0.4198 0.0000
vt 0.2724 0.4053 0.0000
vt 0.2754 0.4085 0.0000
vt 0.2622 0.4229 0.0000
vt 0.2831 0.4155 0.0000
vt 0.2698 0.4302 0.0000
vt 0.2643 0.4449 0.0000
vt 0.2627 0.4437 0.0000
vt 0.2660 0.4460 0.0000
vt 0.2511 0.4522 0.0000
vt 0.2495 0.4511 0.0000
vt 0.2479 0.4500 0.0000
vt 0.2468 0.4263 0.0000
vt 0.2488 0.4282 0.0000
vt 0.2355 0.4336 0.0000
vt 0.2327 0.4312 0.0000
vt 0.2447 0.4243 0.0000
vt 0.2300 0.4288 0.0000
vt 0.2558 0.4360 0.0000
vt 0.2417 0.4418 0.0000
vt 0.2349 0.4518 0.0000
vt 0.2333 0.4509 0.0000
vt 0.2364 0.4527 0.0000
vt 0.2217 0.4533 0.0000
vt 0.2202 0.4525 0.0000
vt 0.2187 0.4517 0.0000
vt 0.2174 0.4351 0.0000
vt 0.2200 0.4368 0.0000
vt 0.2045 0.4401 0.0000
vt 0.2020 0.4391 0.0000
vt 0.2148 0.4334 0.0000
vt 0.1995 0.4381 0.0000
vt 0.2266 0.4439 0.0000
vt 0.2116 0.4459 0.0000
vt 0.2072 0.4605 0.0000
vt 0.2056 0.4597 0.0000
vt 0.2088 0.4614 0.0000
vt 0.1942 0.4686 0.0000
vt 0.1958 0.4695 0.0000
vt 0.1925 0.4677 0.0000
vt 0.1921 0.4464 0.0000
vt 0.1941 0.4477 0.0000
vt 0.1837 0.4553 0.0000
vt 0.1821 0.4536 0.0000
vt 0.1900 0.4450 0.0000
vt 0.1806 0.4520 0.0000
vt 0.1998 0.4537 0.0000
vt 0.1881 0.4615 0.0000
vt 0.1775 0.4773 0.0000
vt 0.1608 0.4860 0.0000
vt 0.1590 0.4839 0.0000
vt 0.1757 0.4758 0.0000
vt 0.1792 0.4788 0.0000
vt 0.1626 0.4881 0.0000
vt 0.1682 0.4621 0.0000
vt 0.1528 0.4689 0.0000
vt 0.1517 0.4664 0.0000
vt 0.1669 0.4600 0.0000
vt 0.1506 0.4638 0.0000
vt 0.1656 0.4579 0.0000
vt 0.1720 0.4690 0.0000
vt 0.1559 0.4764 0.0000
vt 0.1446 0.4969 0.0000
vt 0.1285 0.5078 0.0000
vt 0.1251 0.5043 0.0000
vt 0.1420 0.4941 0.0000
vt 0.1472 0.4997 0.0000
vt 0.1319 0.5114 0.0000
vt 0.1150 0.4874 0.0000
vt 0.1126 0.4830 0.0000
vt 0.1316 0.4735 0.0000
vt 0.1333 0.4769 0.0000
vt 0.1351 0.4803 0.0000
vt 0.1174 0.4917 0.0000
vt 0.1385 0.4872 0.0000
vt 0.1212 0.4980 0.0000
vt 0.8632 0.4668 0.0000
vt 0.8934 0.4823 0.0000
vt 0.8910 0.4846 0.0000
vt 0.8612 0.4689 0.0000
vt 0.8885 0.4869 0.0000
vt 0.8593 0.4711 0.0000
vt 0.8315 0.4533 0.0000
vt 0.8301 0.4552 0.0000
vt 0.8330 0.4513 0.0000
vt 0.8708 0.4542 0.0000
vt 0.8406 0.4386 0.0000
vt 0.8419 0.4374 0.0000
vt 0.8720 0.4521 0.0000
vt 0.9021 0.4667 0.0000
vt 0.9010 0.4698 0.0000
vt 0.8696 0.4564 0.0000
vt 0.8998 0.4729 0.0000
vt 0.8394 0.4398 0.0000
vt 0.8664 0.4616 0.0000
vt 0.8362 0.4456 0.0000
vt 0.8966 0.4776 0.0000
vt 0.8203 0.4348 0.0000
vt 0.8001 0.4309 0.0000
vt 0.8013 0.4296 0.0000
vt 0.8216 0.4335 0.0000
vt 0.8191 0.4360 0.0000
vt 0.7988 0.4322 0.0000
vt 0.7866 0.4306 0.0000
vt 0.7732 0.4302 0.0000
vt 0.7747 0.4288 0.0000
vt 0.7880 0.4292 0.0000
vt 0.7853 0.4320 0.0000
vt 0.7717 0.4317 0.0000
vt 0.8162 0.4417 0.0000
vt 0.7961 0.4378 0.0000
vt 0.8132 0.4473 0.0000
vt 0.7934 0.4433 0.0000
vt 0.7828 0.4361 0.0000
vt 0.7803 0.4402 0.0000
vt 0.7671 0.4371 0.0000
vt 0.7694 0.4344 0.0000
vt 0.8116 0.4486 0.0000
vt 0.7917 0.4439 0.0000
vt 0.8100 0.4499 0.0000
vt 0.7900 0.4445 0.0000
vt 0.7553 0.4357 0.0000
vt 0.7459 0.4324 0.0000
vt 0.7471 0.4312 0.0000
vt 0.7565 0.4346 0.0000
vt 0.7483 0.4300 0.0000
vt 0.7577 0.4336 0.0000
vt 0.7659 0.4380 0.0000
vt 0.7648 0.4389 0.0000
vt 0.7788 0.4410 0.0000
vt 0.7774 0.4417 0.0000
vt 0.7640 0.4251 0.0000
vt 0.7625 0.4266 0.0000
vt 0.7534 0.4214 0.0000
vt 0.7548 0.4199 0.0000
vt 0.7654 0.4236 0.0000
vt 0.7562 0.4184 0.0000
vt 0.7601 0.4301 0.0000
vt 0.7508 0.4257 0.0000
vt 0.7349 0.4276 0.0000
vt 0.7340 0.4287 0.0000
vt 0.7330 0.4298 0.0000
vt 0.7208 0.4262 0.0000
vt 0.7202 0.4272 0.0000
vt 0.7215 0.4252 0.0000
vt 0.7422 0.4160 0.0000
vt 0.7407 0.4176 0.0000
vt 0.7280 0.4138 0.0000
vt 0.7296 0.4122 0.0000
vt 0.7437 0.4145 0.0000
vt 0.7312 0.4105 0.0000
vt 0.7247 0.4195 0.0000
vt 0.7378 0.4226 0.0000
vt 0.7083 0.4126 0.0000
vt 0.7087 0.4103 0.0000
vt 0.7079 0.4149 0.0000
vt 0.6955 0.4026 0.0000
vt 0.6957 0.3990 0.0000
vt 0.6959 0.3953 0.0000
vt 0.7176 0.3947 0.0000
vt 0.7166 0.3974 0.0000
vt 0.7053 0.3810 0.0000
vt 0.7056 0.3772 0.0000
vt 0.7186 0.3920 0.0000
vt 0.7059 0.3735 0.0000
vt 0.7127 0.4038 0.0000
vt 0.7006 0.3882 0.0000
vt 0.6869 0.3779 0.0000
vt 0.6876 0.3743 0.0000
vt 0.6862 0.3815 0.0000
vt 0.6770 0.3604 0.0000
vt 0.6781 0.3569 0.0000
vt 0.6793 0.3533 0.0000
vt 0.6992 0.3573 0.0000
vt 0.6981 0.3610 0.0000
vt 0.6910 0.3410 0.0000
vt 0.6928 0.3373 0.0000
vt 0.7003 0.3535 0.0000
vt 0.6947 0.3335 0.0000
vt 0.6929 0.3677 0.0000
vt 0.6852 0.3472 0.0000
vt 0.6640 0.3371 0.0000
vt 0.6651 0.3338 0.0000
vt 0.6629 0.3404 0.0000
vt 0.6488 0.3205 0.0000
vt 0.6499 0.3174 0.0000
vt 0.6510 0.3142 0.0000
vt 0.6769 0.3196 0.0000
vt 0.6757 0.3224 0.0000
vt 0.6603 0.3038 0.0000
vt 0.6609 0.3019 0.0000
vt 0.6780 0.3167 0.0000
vt 0.6614 0.2999 0.0000
vt 0.6704 0.3281 0.0000
vt 0.6557 0.3090 0.0000
vt 0.6313 0.3006 0.0000
vt 0.6326 0.2980 0.0000
vt 0.6154 0.2786 0.0000
vt 0.6138 0.2807 0.0000
vt 0.6169 0.2766 0.0000
vt 0.6340 0.2954 0.0000
vt 0.6470 0.2833 0.0000
vt 0.6332 0.2648 0.0000
vt 0.6352 0.2632 0.0000
vt 0.6483 0.2816 0.0000
vt 0.6457 0.2851 0.0000
vt 0.6311 0.2665 0.0000
vt 0.6399 0.2903 0.0000
vt 0.6240 0.2715 0.0000
vt 0.5937 0.2442 0.0000
vt 0.5944 0.2430 0.0000
vt 0.6057 0.2598 0.0000
vt 0.6045 0.2614 0.0000
vt 0.6033 0.2630 0.0000
vt 0.5929 0.2453 0.0000
vt 0.6164 0.2448 0.0000
vt 0.5996 0.2248 0.0000
vt 0.5996 0.2235 0.0000
vt 0.6174 0.2434 0.0000
vt 0.6154 0.2463 0.0000
vt 0.5996 0.2262 0.0000
vt 0.5970 0.2346 0.0000
vt 0.6105 0.2531 0.0000
vt 0.5791 0.2504 0.0000
vt 0.5783 0.2521 0.0000
vt 0.5646 0.2567 0.0000
vt 0.5638 0.2588 0.0000
vt 0.5654 0.2546 0.0000
vt 0.5799 0.2488 0.0000
vt 0.5803 0.2377 0.0000
vt 0.5807 0.2265 0.0000
vt 0.5636 0.2407 0.0000
vt 0.5618 0.2269 0.0000
vt 0.3949 0.2587 0.0000
vt 0.3941 0.2567 0.0000
vt 0.4114 0.2595 0.0000
vt 0.4124 0.2621 0.0000
vt 0.3957 0.2606 0.0000
vt 0.4135 0.2646 0.0000
vt 0.4103 0.2472 0.0000
vt 0.3909 0.2470 0.0000
vt 0.3715 0.2469 0.0000
vt 0.3876 0.2373 0.0000
vt 0.3661 0.2397 0.0000
vt 0.4092 0.2348 0.0000
vt 0.3502 0.2646 0.0000
vt 0.3513 0.2658 0.0000
vt 0.3490 0.2634 0.0000
vt 0.3645 0.2377 0.0000
vt 0.3653 0.2387 0.0000
vt 0.3570 0.2718 0.0000
vt 0.3984 0.2667 0.0000
vt 0.3817 0.2630 0.0000
vt 0.3798 0.2598 0.0000
vt 0.3970 0.2636 0.0000
vt 0.4143 0.2675 0.0000
vt 0.4150 0.2704 0.0000
vt 0.3553 0.3088 0.0000
vt 0.3676 0.2843 0.0000
vt 0.3692 0.2872 0.0000
vt 0.3567 0.3115 0.0000
vt 0.5772 0.2556 0.0000
vt 0.5633 0.2614 0.0000
vt 0.5911 0.2498 0.0000
vt 0.5761 0.2592 0.0000
vt 0.5893 0.2544 0.0000
vt 0.5628 0.2640 0.0000
vt 0.6001 0.2703 0.0000
vt 0.6017 0.2666 0.0000
vt 0.6123 0.2835 0.0000
vt 0.6108 0.2862 0.0000
vt 0.3897 0.2904 0.0000
vt 0.4102 0.2935 0.0000
vt 0.4054 0.3166 0.0000
vt 0.3810 0.3140 0.0000
vt 0.3472 0.3237 0.0000
vt 0.3500 0.3264 0.0000
vt 0.3433 0.3414 0.0000
vt 0.3391 0.3386 0.0000
vt 0.5835 0.2773 0.0000
vt 0.5910 0.2953 0.0000
vt 0.5711 0.3045 0.0000
vt 0.5669 0.2842 0.0000
vt 0.6295 0.3039 0.0000
vt 0.6468 0.3243 0.0000
vt 0.6448 0.3281 0.0000
vt 0.6278 0.3071 0.0000
vt 0.6601 0.3438 0.0000
vt 0.6733 0.3634 0.0000
vt 0.6697 0.3663 0.0000
vt 0.6572 0.3472 0.0000
vt 0.3329 0.3588 0.0000
vt 0.3358 0.3617 0.0000
vt 0.3284 0.3819 0.0000
vt 0.3266 0.3789 0.0000
vt 0.3746 0.3316 0.0000
vt 0.3993 0.3368 0.0000
vt 0.3932 0.3571 0.0000
vt 0.3682 0.3492 0.0000
vt 0.6034 0.3168 0.0000
vt 0.6158 0.3383 0.0000
vt 0.5868 0.3485 0.0000
vt 0.5789 0.3265 0.0000
vt 0.6839 0.3840 0.0000
vt 0.6944 0.4047 0.0000
vt 0.6933 0.4067 0.0000
vt 0.6815 0.3865 0.0000
vt 0.3177 0.3952 0.0000
vt 0.3193 0.3974 0.0000
vt 0.3101 0.4129 0.0000
vt 0.3087 0.4114 0.0000
vt 0.3611 0.3699 0.0000
vt 0.3863 0.3781 0.0000
vt 0.3794 0.3992 0.0000
vt 0.3539 0.3905 0.0000
vt 0.6260 0.3590 0.0000
vt 0.6362 0.3798 0.0000
vt 0.6027 0.3932 0.0000
vt 0.5948 0.3709 0.0000
vt 0.3441 0.4077 0.0000
vt 0.3689 0.4180 0.0000
vt 0.3585 0.4369 0.0000
vt 0.3343 0.4248 0.0000
vt 0.2954 0.4262 0.0000
vt 0.2968 0.4274 0.0000
vt 0.2835 0.4420 0.0000
vt 0.2822 0.4409 0.0000
vt 0.2525 0.4539 0.0000
vt 0.2673 0.4474 0.0000
vt 0.2687 0.4488 0.0000
vt 0.2539 0.4555 0.0000
vt 0.2233 0.4558 0.0000
vt 0.2379 0.4548 0.0000
vt 0.2394 0.4569 0.0000
vt 0.2249 0.4583 0.0000
vt 0.2110 0.4633 0.0000
vt 0.1986 0.4709 0.0000
vt 0.2131 0.4653 0.0000
vt 0.2014 0.4723 0.0000
vt 0.1822 0.4803 0.0000
vt 0.1658 0.4898 0.0000
vt 0.1852 0.4819 0.0000
vt 0.1691 0.4916 0.0000
vt 0.1507 0.5025 0.0000
vt 0.1356 0.5151 0.0000
vt 0.1542 0.5052 0.0000
vt 0.1394 0.5189 0.0000
vt 0.8280 0.4568 0.0000
vt 0.8561 0.4727 0.0000
vt 0.8843 0.4886 0.0000
vt 0.8801 0.4902 0.0000
vt 0.8530 0.4744 0.0000
vt 0.8259 0.4584 0.0000
vt 0.8082 0.4516 0.0000
vt 0.8064 0.4532 0.0000
vt 0.7869 0.4480 0.0000
vt 0.7885 0.4463 0.0000
vt 0.7759 0.4432 0.0000
vt 0.7743 0.4447 0.0000
vt 0.7617 0.4414 0.0000
vt 0.7632 0.4402 0.0000
vt 0.7539 0.4373 0.0000
vt 0.7446 0.4344 0.0000
vt 0.7525 0.4389 0.0000
vt 0.7433 0.4363 0.0000
vt 0.7319 0.4314 0.0000
vt 0.7191 0.4284 0.0000
vt 0.7306 0.4329 0.0000
vt 0.7180 0.4296 0.0000
vt 0.7056 0.4182 0.0000
vt 0.7067 0.4165 0.0000
vt 0.3183 0.4394 0.0000
vt 0.3399 0.4515 0.0000
vt 0.3213 0.4661 0.0000
vt 0.3024 0.4541 0.0000
vt 0.2849 0.4610 0.0000
vt 0.3011 0.4732 0.0000
vt 0.2809 0.4803 0.0000
vt 0.2674 0.4679 0.0000
vt 0.2521 0.4704 0.0000
vt 0.2649 0.4839 0.0000
vt 0.2489 0.4874 0.0000
vt 0.2369 0.4728 0.0000
vt 0.2244 0.4792 0.0000
vt 0.2120 0.4856 0.0000
vt 0.2357 0.4931 0.0000
vt 0.2226 0.4989 0.0000
vt 0.1971 0.4946 0.0000
vt 0.1822 0.5036 0.0000
vt 0.2089 0.5073 0.0000
vt 0.1953 0.5156 0.0000
vt 0.1683 0.5172 0.0000
vt 0.1545 0.5307 0.0000
vt 0.1824 0.5292 0.0000
vt 0.1696 0.5427 0.0000
vt 0.8658 0.5021 0.0000
vt 0.8426 0.4888 0.0000
vt 0.8516 0.5140 0.0000
vt 0.8323 0.5033 0.0000
vt 0.8130 0.4926 0.0000
vt 0.8195 0.4755 0.0000
vt 0.8005 0.4696 0.0000
vt 0.7945 0.4859 0.0000
vt 0.7760 0.4792 0.0000
vt 0.7814 0.4636 0.0000
vt 0.7677 0.4592 0.0000
vt 0.7611 0.4736 0.0000
vt 0.7463 0.4680 0.0000
vt 0.7540 0.4547 0.0000
vt 0.7422 0.4525 0.0000
vt 0.7303 0.4504 0.0000
vt 0.7318 0.4662 0.0000
vt 0.7173 0.4644 0.0000
vt 0.7143 0.4472 0.0000
vt 0.6982 0.4439 0.0000
vt 0.6979 0.4614 0.0000
vt 0.6785 0.4583 0.0000
vt 0.6471 0.4018 0.0000
vt 0.6579 0.4238 0.0000
vt 0.6226 0.4409 0.0000
vt 0.6127 0.4170 0.0000
vt 0.6781 0.4339 0.0000
vt 0.6505 0.4496 0.0000
vt 0.5788 0.4213 0.0000
vt 0.5728 0.3991 0.0000
vt 0.5847 0.4434 0.0000
vt 0.5448 0.4255 0.0000
vt 0.5468 0.4459 0.0000
vt 0.5429 0.4051 0.0000
vt 0.5155 0.4284 0.0000
vt 0.4861 0.4313 0.0000
vt 0.4870 0.4109 0.0000
vt 0.5149 0.4080 0.0000
vt 0.5160 0.4488 0.0000
vt 0.4853 0.4518 0.0000
vt 0.5670 0.3769 0.0000
vt 0.5613 0.3547 0.0000
vt 0.5393 0.3830 0.0000
vt 0.5357 0.3609 0.0000
vt 0.4115 0.3835 0.0000
vt 0.4367 0.3889 0.0000
vt 0.4319 0.4119 0.0000
vt 0.4056 0.4056 0.0000
vt 0.4174 0.3614 0.0000
vt 0.4415 0.3658 0.0000
vt 0.4621 0.3887 0.0000
vt 0.4875 0.3886 0.0000
vt 0.4594 0.4114 0.0000
vt 0.4647 0.3660 0.0000
vt 0.4880 0.3662 0.0000
vt 0.5134 0.3858 0.0000
vt 0.5118 0.3635 0.0000
vt 0.5553 0.3328 0.0000
vt 0.5493 0.3109 0.0000
vt 0.5317 0.3391 0.0000
vt 0.5276 0.3174 0.0000
vt 0.4226 0.3402 0.0000
vt 0.4459 0.3436 0.0000
vt 0.4279 0.3190 0.0000
vt 0.4503 0.3214 0.0000
vt 0.4669 0.3438 0.0000
vt 0.4879 0.3440 0.0000
vt 0.4691 0.3216 0.0000
vt 0.4879 0.3217 0.0000
vt 0.5098 0.3415 0.0000
vt 0.5077 0.3196 0.0000
vt 0.5447 0.2908 0.0000
vt 0.5401 0.2706 0.0000
vt 0.5225 0.2973 0.0000
vt 0.5174 0.2772 0.0000
vt 0.4332 0.2964 0.0000
vt 0.4562 0.2993 0.0000
vt 0.4386 0.2738 0.0000
vt 0.4621 0.2772 0.0000
vt 0.4721 0.2998 0.0000
vt 0.4879 0.3002 0.0000
vt 0.4750 0.2780 0.0000
vt 0.4879 0.2788 0.0000
vt 0.5052 0.2988 0.0000
vt 0.5027 0.2780 0.0000
vt 0.5401 0.2638 0.0000
vt 0.5401 0.2672 0.0000
vt 0.5170 0.2730 0.0000
vt 0.5165 0.2688 0.0000
vt 0.4379 0.2708 0.0000
vt 0.4615 0.2741 0.0000
vt 0.4372 0.2678 0.0000
vt 0.4609 0.2709 0.0000
vt 0.4749 0.2745 0.0000
vt 0.4884 0.2750 0.0000
vt 0.4749 0.2711 0.0000
vt 0.4889 0.2713 0.0000
vt 0.5027 0.2740 0.0000
vt 0.5027 0.2700 0.0000
vt 0.5172 0.2656 0.0000
vt 0.5179 0.2624 0.0000
vt 0.5416 0.2585 0.0000
vt 0.5409 0.2612 0.0000
vt 0.4364 0.2650 0.0000
vt 0.4604 0.2680 0.0000
vt 0.4357 0.2623 0.0000
vt 0.4600 0.2651 0.0000
vt 0.5026 0.2667 0.0000
vt 0.5026 0.2633 0.0000
vt 0.4881 0.2677 0.0000
vt 0.4873 0.2642 0.0000
vt 0.4743 0.2679 0.0000
vt 0.4736 0.2646 0.0000
vt 0.4346 0.2493 0.0000
vt 0.4335 0.2362 0.0000
vt 0.4579 0.2377 0.0000
vt 0.4589 0.2514 0.0000
vt 0.5398 0.2442 0.0000
vt 0.5379 0.2299 0.0000
vt 0.5160 0.2477 0.0000
vt 0.5141 0.2330 0.0000
vt 0.5008 0.2489 0.0000
vt 0.4990 0.2345 0.0000
vt 0.4855 0.2501 0.0000
vt 0.4838 0.2360 0.0000
vt 0.4722 0.2507 0.0000
vt 0.4708 0.2368 0.0000
vt 0.5154 0.4650 0.0000
vt 0.4868 0.4672 0.0000
vt 0.5439 0.4627 0.0000
vt 0.5410 0.4796 0.0000
vt 0.5147 0.4811 0.0000
vt 0.4884 0.4826 0.0000
vt 0.5771 0.4627 0.0000
vt 0.6102 0.4627 0.0000
vt 0.5979 0.4844 0.0000
vt 0.5694 0.4820 0.0000
vt 0.2765 0.4982 0.0000
vt 0.2937 0.4948 0.0000
vt 0.2880 0.5125 0.0000
vt 0.3064 0.5092 0.0000
vt 0.2697 0.5158 0.0000
vt 0.2593 0.5016 0.0000
vt 0.1928 0.5383 0.0000
vt 0.1804 0.5500 0.0000
vt 0.2052 0.5266 0.0000
vt 0.2152 0.5375 0.0000
vt 0.2032 0.5474 0.0000
vt 0.1911 0.5574 0.0000
vt 0.2458 0.5067 0.0000
vt 0.2323 0.5118 0.0000
vt 0.2558 0.5203 0.0000
vt 0.2420 0.5247 0.0000
vt 0.2188 0.5192 0.0000
vt 0.2286 0.5311 0.0000
vt 0.2962 0.5400 0.0000
vt 0.2790 0.5423 0.0000
vt 0.2743 0.5290 0.0000
vt 0.2921 0.5263 0.0000
vt 0.3100 0.5235 0.0000
vt 0.3135 0.5377 0.0000
vt 0.2081 0.5545 0.0000
vt 0.2205 0.5468 0.0000
vt 0.2257 0.5560 0.0000
vt 0.2131 0.5616 0.0000
vt 0.1958 0.5623 0.0000
vt 0.2005 0.5672 0.0000
vt 0.2605 0.5328 0.0000
vt 0.2466 0.5365 0.0000
vt 0.2651 0.5453 0.0000
vt 0.2513 0.5484 0.0000
vt 0.2336 0.5417 0.0000
vt 0.2385 0.5522 0.0000
vt 0.8058 0.5053 0.0000
vt 0.8238 0.5137 0.0000
vt 0.8417 0.5221 0.0000
vt 0.8318 0.5302 0.0000
vt 0.8152 0.5242 0.0000
vt 0.7986 0.5181 0.0000
vt 0.7878 0.5000 0.0000
vt 0.7810 0.5141 0.0000
vt 0.7635 0.5102 0.0000
vt 0.7697 0.4947 0.0000
vt 0.8113 0.5327 0.0000
vt 0.7954 0.5289 0.0000
vt 0.8271 0.5364 0.0000
vt 0.8225 0.5426 0.0000
vt 0.8074 0.5412 0.0000
vt 0.7923 0.5397 0.0000
vt 0.7539 0.4906 0.0000
vt 0.7468 0.5075 0.0000
vt 0.7382 0.4864 0.0000
vt 0.7301 0.5048 0.0000
vt 0.7221 0.4847 0.0000
vt 0.7060 0.4829 0.0000
vt 0.7124 0.5031 0.0000
vt 0.6948 0.5014 0.0000
vt 0.7082 0.5194 0.0000
vt 0.6901 0.5179 0.0000
vt 0.7262 0.5209 0.0000
vt 0.7224 0.5370 0.0000
vt 0.7039 0.5357 0.0000
vt 0.6854 0.5344 0.0000
vt 0.6376 0.4698 0.0000
vt 0.6650 0.4769 0.0000
vt 0.6515 0.4956 0.0000
vt 0.6247 0.4900 0.0000
vt 0.6855 0.4799 0.0000
vt 0.6731 0.4985 0.0000
vt 0.4553 0.4340 0.0000
vt 0.4245 0.4366 0.0000
vt 0.4512 0.4565 0.0000
vt 0.4171 0.4613 0.0000
vt 0.3967 0.4273 0.0000
vt 0.3877 0.4491 0.0000
vt 0.3648 0.4654 0.0000
vt 0.3897 0.4794 0.0000
vt 0.3623 0.4976 0.0000
vt 0.3418 0.4818 0.0000
vt 0.4053 0.4883 0.0000
vt 0.4277 0.4758 0.0000
vt 0.4209 0.4972 0.0000
vt 0.4384 0.4904 0.0000
vt 0.4034 0.5041 0.0000
vt 0.3829 0.5008 0.0000
vt 0.4573 0.4715 0.0000
vt 0.4634 0.4865 0.0000
vt 0.3177 0.4883 0.0000
vt 0.3344 0.5034 0.0000
vt 0.5264 0.5993 0.0000
vt 0.5344 0.6029 0.0000
vt 0.5185 0.5956 0.0000
vt 0.5209 0.5900 0.0000
vt 0.5304 0.5942 0.0000
vt 0.5398 0.5984 0.0000
vt 0.5370 0.5710 0.0000
vt 0.5524 0.5763 0.0000
vt 0.5482 0.5848 0.0000
vt 0.5340 0.5795 0.0000
vt 0.5217 0.5657 0.0000
vt 0.5197 0.5742 0.0000
vt 0.5236 0.5573 0.0000
vt 0.5401 0.5625 0.0000
vt 0.5566 0.5678 0.0000
vt 0.5419 0.6094 0.0000
vt 0.5495 0.6159 0.0000
vt 0.5496 0.6061 0.0000
vt 0.5593 0.6138 0.0000
vt 0.5656 0.5854 0.0000
vt 0.5704 0.5772 0.0000
vt 0.5788 0.5945 0.0000
vt 0.5842 0.5866 0.0000
vt 0.5735 0.6023 0.0000
vt 0.5609 0.5936 0.0000
vt 0.4528 0.6036 0.0000
vt 0.4476 0.5990 0.0000
vt 0.4571 0.5911 0.0000
vt 0.4601 0.5968 0.0000
vt 0.4455 0.6104 0.0000
vt 0.4380 0.6069 0.0000
vt 0.4467 0.6374 0.0000
vt 0.4424 0.6294 0.0000
vt 0.4405 0.6392 0.0000
vt 0.4344 0.6302 0.0000
vt 0.4152 0.5901 0.0000
vt 0.4108 0.5826 0.0000
vt 0.4239 0.5715 0.0000
vt 0.4272 0.5797 0.0000
vt 0.4196 0.5976 0.0000
vt 0.4305 0.5879 0.0000
vt 0.4087 0.6074 0.0000
vt 0.4033 0.6005 0.0000
vt 0.3978 0.5936 0.0000
vt 0.4439 0.6199 0.0000
vt 0.4362 0.6186 0.0000
vt 0.4240 0.6054 0.0000
vt 0.4284 0.6131 0.0000
vt 0.4187 0.6194 0.0000
vt 0.4137 0.6134 0.0000
vt 0.4343 0.5974 0.0000
vt 0.4266 0.6248 0.0000
vt 0.4304 0.6188 0.0000
vt 0.4087 0.6877 0.0000
vt 0.4016 0.6940 0.0000
vt 0.4022 0.6805 0.0000
vt 0.3927 0.6880 0.0000
vt 0.4116 0.6729 0.0000
vt 0.4159 0.6815 0.0000
vt 0.4250 0.6818 0.0000
vt 0.4227 0.6743 0.0000
vt 0.4262 0.6652 0.0000
vt 0.4160 0.6620 0.0000
vt 0.4205 0.6512 0.0000
vt 0.4297 0.6560 0.0000
vt 0.4351 0.6476 0.0000
vt 0.4275 0.6407 0.0000
vt 0.4070 0.6572 0.0000
vt 0.4035 0.6676 0.0000
vt 0.3979 0.6525 0.0000
vt 0.3954 0.6622 0.0000
vt 0.4004 0.6427 0.0000
vt 0.4104 0.6469 0.0000
vt 0.4185 0.6359 0.0000
vt 0.4096 0.6310 0.0000
vt 0.4050 0.6255 0.0000
vt 0.4004 0.6199 0.0000
vt 0.3963 0.6375 0.0000
vt 0.3922 0.6324 0.0000
vt 0.3999 0.6744 0.0000
vt 0.3941 0.6751 0.0000
vt 0.5601 0.7367 0.0000
vt 0.5631 0.7277 0.0000
vt 0.5661 0.7186 0.0000
vt 0.5679 0.7295 0.0000
vt 0.5710 0.7182 0.0000
vt 0.5649 0.7407 0.0000
vt 0.5529 0.7425 0.0000
vt 0.5563 0.7469 0.0000
vt 0.5477 0.7531 0.0000
vt 0.5458 0.7483 0.0000
vt 0.4084 0.7235 0.0000
vt 0.4000 0.7144 0.0000
vt 0.4168 0.7327 0.0000
vt 0.4126 0.7357 0.0000
vt 0.4011 0.7249 0.0000
vt 0.3896 0.7140 0.0000
vt 0.3912 0.7010 0.0000
vt 0.4008 0.7042 0.0000
vt 0.5526 0.6314 0.0000
vt 0.5557 0.6363 0.0000
vt 0.5494 0.6265 0.0000
vt 0.5559 0.6250 0.0000
vt 0.5604 0.6295 0.0000
vt 0.5650 0.6341 0.0000
vt 0.5575 0.6422 0.0000
vt 0.5593 0.6480 0.0000
vt 0.5682 0.6398 0.0000
vt 0.5714 0.6455 0.0000
vt 0.5832 0.6130 0.0000
vt 0.5889 0.6050 0.0000
vt 0.5946 0.5970 0.0000
vt 0.5990 0.6155 0.0000
vt 0.6051 0.6073 0.0000
vt 0.5930 0.6237 0.0000
vt 0.5552 0.5998 0.0000
vt 0.5664 0.6081 0.0000
vt 0.5440 0.5916 0.0000
vt 0.5494 0.6212 0.0000
vt 0.5576 0.6194 0.0000
vt 0.5767 0.6171 0.0000
vt 0.5871 0.6262 0.0000
vt 0.5812 0.6286 0.0000
vt 0.5702 0.6212 0.0000
vt 0.5862 0.6340 0.0000
vt 0.5885 0.6306 0.0000
vt 0.5921 0.6316 0.0000
vt 0.5912 0.6394 0.0000
vt 0.5772 0.6369 0.0000
vt 0.5813 0.6424 0.0000
vt 0.5731 0.6314 0.0000
vt 0.5653 0.6254 0.0000
vt 0.4240 0.7398 0.0000
vt 0.4312 0.7469 0.0000
vt 0.4210 0.7439 0.0000
vt 0.4294 0.7521 0.0000
vt 0.4382 0.7509 0.0000
vt 0.4368 0.7569 0.0000
vt 0.4453 0.7550 0.0000
vt 0.4443 0.7616 0.0000
vt 0.4526 0.7568 0.0000
vt 0.4600 0.7587 0.0000
vt 0.4594 0.7672 0.0000
vt 0.4519 0.7644 0.0000
vt 0.4866 0.7584 0.0000
vt 0.4805 0.7578 0.0000
vt 0.4866 0.7692 0.0000
vt 0.4803 0.7691 0.0000
vt 0.4743 0.7572 0.0000
vt 0.4740 0.7690 0.0000
vt 0.4671 0.7579 0.0000
vt 0.4667 0.7681 0.0000
vt 0.5027 0.7585 0.0000
vt 0.5080 0.7599 0.0000
vt 0.5027 0.7683 0.0000
vt 0.5081 0.7684 0.0000
vt 0.4973 0.7682 0.0000
vt 0.4974 0.7571 0.0000
vt 0.4920 0.7577 0.0000
vt 0.4920 0.7687 0.0000
vt 0.5141 0.7598 0.0000
vt 0.5146 0.7673 0.0000
vt 0.5202 0.7597 0.0000
vt 0.5211 0.7663 0.0000
vt 0.5392 0.7519 0.0000
vt 0.5408 0.7568 0.0000
vt 0.5339 0.7606 0.0000
vt 0.5326 0.7555 0.0000
vt 0.5264 0.7576 0.0000
vt 0.5275 0.7634 0.0000
vt 0.3352 0.5205 0.0000
vt 0.3604 0.5174 0.0000
vt 0.3584 0.5373 0.0000
vt 0.3359 0.5375 0.0000
vt 0.4064 0.5754 0.0000
vt 0.3921 0.5863 0.0000
vt 0.4019 0.5682 0.0000
vt 0.3865 0.5789 0.0000
vt 0.4174 0.5574 0.0000
vt 0.4206 0.5645 0.0000
vt 0.3825 0.5160 0.0000
vt 0.4047 0.5146 0.0000
vt 0.4059 0.5252 0.0000
vt 0.3822 0.5313 0.0000
vt 0.3878 0.5421 0.0000
vt 0.3934 0.5530 0.0000
vt 0.3742 0.5612 0.0000
vt 0.3663 0.5493 0.0000
vt 0.4092 0.5350 0.0000
vt 0.4125 0.5447 0.0000
vt 0.3976 0.5606 0.0000
vt 0.3803 0.5701 0.0000
vt 0.4150 0.5511 0.0000
vt 0.4429 0.5020 0.0000
vt 0.4474 0.5136 0.0000
vt 0.4267 0.5194 0.0000
vt 0.4238 0.5083 0.0000
vt 0.4299 0.5292 0.0000
vt 0.4332 0.5390 0.0000
vt 0.4506 0.5235 0.0000
vt 0.4539 0.5333 0.0000
vt 0.4344 0.5441 0.0000
vt 0.4356 0.5492 0.0000
vt 0.4538 0.5372 0.0000
vt 0.4538 0.5410 0.0000
vt 0.4660 0.4981 0.0000
vt 0.4685 0.5098 0.0000
vt 0.4890 0.4943 0.0000
vt 0.4896 0.5059 0.0000
vt 0.4705 0.5201 0.0000
vt 0.4724 0.5304 0.0000
vt 0.4903 0.5167 0.0000
vt 0.4909 0.5275 0.0000
vt 0.4724 0.5342 0.0000
vt 0.4724 0.5379 0.0000
vt 0.4910 0.5311 0.0000
vt 0.4911 0.5347 0.0000
vt 0.5089 0.5465 0.0000
vt 0.5258 0.5474 0.0000
vt 0.5083 0.5569 0.0000
vt 0.4930 0.5566 0.0000
vt 0.4920 0.5457 0.0000
vt 0.5095 0.5361 0.0000
vt 0.5280 0.5375 0.0000
vt 0.5135 0.4940 0.0000
vt 0.5379 0.4938 0.0000
vt 0.5348 0.5079 0.0000
vt 0.5122 0.5069 0.0000
vt 0.5113 0.5176 0.0000
vt 0.5104 0.5283 0.0000
vt 0.5324 0.5185 0.0000
vt 0.5299 0.5290 0.0000
vt 0.5100 0.5322 0.0000
vt 0.5290 0.5333 0.0000
vt 0.5431 0.5531 0.0000
vt 0.5604 0.5588 0.0000
vt 0.5462 0.5437 0.0000
vt 0.5643 0.5499 0.0000
vt 0.5641 0.4976 0.0000
vt 0.5904 0.5015 0.0000
vt 0.5829 0.5185 0.0000
vt 0.5588 0.5132 0.0000
vt 0.5544 0.5239 0.0000
vt 0.5763 0.5293 0.0000
vt 0.5698 0.5401 0.0000
vt 0.5499 0.5346 0.0000
vt 0.5480 0.5391 0.0000
vt 0.5670 0.5450 0.0000
vt 0.6668 0.5165 0.0000
vt 0.6436 0.5152 0.0000
vt 0.6606 0.5346 0.0000
vt 0.6358 0.5348 0.0000
vt 0.5750 0.5688 0.0000
vt 0.5896 0.5788 0.0000
vt 0.5796 0.5605 0.0000
vt 0.5950 0.5711 0.0000
vt 0.6170 0.5083 0.0000
vt 0.6093 0.5267 0.0000
vt 0.5992 0.5375 0.0000
vt 0.6221 0.5456 0.0000
vt 0.6084 0.5564 0.0000
vt 0.5891 0.5482 0.0000
vt 0.5844 0.5544 0.0000
vt 0.6017 0.5637 0.0000
vt 0.6006 0.5895 0.0000
vt 0.6117 0.6001 0.0000
vt 0.6066 0.5819 0.0000
vt 0.6183 0.5928 0.0000
vt 0.4901 0.5926 0.0000
vt 0.4851 0.5925 0.0000
vt 0.4902 0.5877 0.0000
vt 0.4848 0.5876 0.0000
vt 0.4956 0.5877 0.0000
vt 0.4951 0.5926 0.0000
vt 0.5121 0.5947 0.0000
vt 0.5058 0.5939 0.0000
vt 0.5071 0.5889 0.0000
vt 0.5140 0.5894 0.0000
vt 0.5004 0.5932 0.0000
vt 0.5013 0.5883 0.0000
vt 0.5203 0.5821 0.0000
vt 0.5138 0.5833 0.0000
vt 0.5074 0.5845 0.0000
vt 0.5137 0.5772 0.0000
vt 0.5076 0.5802 0.0000
vt 0.5322 0.5868 0.0000
vt 0.5016 0.5838 0.0000
vt 0.4957 0.5830 0.0000
vt 0.4959 0.5782 0.0000
vt 0.5018 0.5792 0.0000
vt 0.4669 0.5947 0.0000
vt 0.4649 0.5890 0.0000
vt 0.4727 0.5870 0.0000
vt 0.4738 0.5926 0.0000
vt 0.4795 0.5925 0.0000
vt 0.4788 0.5873 0.0000
vt 0.4452 0.5899 0.0000
vt 0.4562 0.5824 0.0000
vt 0.4429 0.5808 0.0000
vt 0.4553 0.5738 0.0000
vt 0.5079 0.5641 0.0000
vt 0.5075 0.5713 0.0000
vt 0.4953 0.5684 0.0000
vt 0.4942 0.5625 0.0000
vt 0.5046 0.5752 0.0000
vt 0.4956 0.5733 0.0000
vt 0.4903 0.5832 0.0000
vt 0.4904 0.5788 0.0000
vt 0.4849 0.5835 0.0000
vt 0.4850 0.5794 0.0000
vt 0.4732 0.5799 0.0000
vt 0.4647 0.5811 0.0000
vt 0.4645 0.5732 0.0000
vt 0.4737 0.5727 0.0000
vt 0.4380 0.5569 0.0000
vt 0.4404 0.5645 0.0000
vt 0.4554 0.5492 0.0000
vt 0.4570 0.5574 0.0000
vt 0.4417 0.5727 0.0000
vt 0.4561 0.5656 0.0000
vt 0.4737 0.5475 0.0000
vt 0.4750 0.5570 0.0000
vt 0.4798 0.5638 0.0000
vt 0.4845 0.5705 0.0000
vt 0.4653 0.5651 0.0000
vt 0.4620 0.5680 0.0000
vt 0.4791 0.5817 0.0000
vt 0.4793 0.5761 0.0000
vt 0.4875 0.5747 0.0000
vt 0.5520 0.6873 0.0000
vt 0.5618 0.6880 0.0000
vt 0.5568 0.6801 0.0000
vt 0.5701 0.6798 0.0000
vt 0.5584 0.6715 0.0000
vt 0.5712 0.6707 0.0000
vt 0.5599 0.6629 0.0000
vt 0.5723 0.6616 0.0000
vt 0.5645 0.6938 0.0000
vt 0.5714 0.6870 0.0000
vt 0.5728 0.6942 0.0000
vt 0.5672 0.6996 0.0000
vt 0.5666 0.7091 0.0000
vt 0.5719 0.7062 0.0000
vt 0.5596 0.6555 0.0000
vt 0.5719 0.6535 0.0000
vt 0.7214 0.2144 0.0000
vt 0.7106 0.2377 0.0000
vt 0.7080 0.2367 0.0000
vt 0.7194 0.2134 0.0000
vt 0.7323 0.1911 0.0000
vt 0.7309 0.1900 0.0000
vt 0.7337 0.1921 0.0000
vt 0.7234 0.2155 0.0000
vt 0.7132 0.2388 0.0000
vt 0.7048 0.2603 0.0000
vt 0.6990 0.2828 0.0000
vt 0.6964 0.2823 0.0000
vt 0.7022 0.2595 0.0000
vt 0.7074 0.2610 0.0000
vt 0.7016 0.2833 0.0000
vt 0.6967 0.3318 0.0000
vt 0.6955 0.3079 0.0000
vt 0.6979 0.3073 0.0000
vt 0.7002 0.3067 0.0000
vt 0.6988 0.3301 0.0000
vt 0.7082 0.3711 0.0000
vt 0.7025 0.3515 0.0000
vt 0.7046 0.3494 0.0000
vt 0.7104 0.3688 0.0000
vt 0.7211 0.3894 0.0000
vt 0.7236 0.3869 0.0000
vt 0.7368 0.4050 0.0000
vt 0.7340 0.4078 0.0000
vt 0.7489 0.4093 0.0000
vt 0.7610 0.4136 0.0000
vt 0.7586 0.4160 0.0000
vt 0.7463 0.4119 0.0000
vt 0.7674 0.4213 0.0000
vt 0.7695 0.4190 0.0000
vt 0.7763 0.4266 0.0000
vt 0.7779 0.4243 0.0000
vt 0.7895 0.4270 0.0000
vt 0.8026 0.4274 0.0000
vt 0.7910 0.4248 0.0000
vt 0.8040 0.4252 0.0000
vt 0.8228 0.4313 0.0000
vt 0.8431 0.4351 0.0000
vt 0.8241 0.4290 0.0000
vt 0.8442 0.4328 0.0000
vt 0.8738 0.4451 0.0000
vt 0.9035 0.4575 0.0000
vt 0.9028 0.4621 0.0000
vt 0.8729 0.4486 0.0000
vt 0.1300 0.4685 0.0000
vt 0.1283 0.4635 0.0000
vt 0.1484 0.4554 0.0000
vt 0.1495 0.4596 0.0000
vt 0.1103 0.4774 0.0000
vt 0.1081 0.4717 0.0000
vt 0.1646 0.4544 0.0000
vt 0.1637 0.4509 0.0000
vt 0.1789 0.4465 0.0000
vt 0.1797 0.4493 0.0000
vt 0.1982 0.4357 0.0000
vt 0.1890 0.4425 0.0000
vt 0.1879 0.4399 0.0000
vt 0.1970 0.4333 0.0000
vt 0.2276 0.4262 0.0000
vt 0.2129 0.4309 0.0000
vt 0.2111 0.4284 0.0000
vt 0.2252 0.4235 0.0000
vt 0.2424 0.4223 0.0000
vt 0.2571 0.4184 0.0000
vt 0.2401 0.4203 0.0000
vt 0.2549 0.4170 0.0000
vt 0.2706 0.4033 0.0000
vt 0.2841 0.3882 0.0000
vt 0.2688 0.4014 0.0000
vt 0.2827 0.3857 0.0000
vt 0.2901 0.3702 0.0000
vt 0.2961 0.3523 0.0000
vt 0.2879 0.3678 0.0000
vt 0.2931 0.3499 0.0000
vt 0.2987 0.3322 0.0000
vt 0.3013 0.3122 0.0000
vt 0.2948 0.3296 0.0000
vt 0.2964 0.3093 0.0000
vt 0.2966 0.2924 0.0000
vt 0.2920 0.2727 0.0000
vt 0.2952 0.2729 0.0000
vt 0.3007 0.2940 0.0000
vt 0.2926 0.2909 0.0000
vt 0.2888 0.2725 0.0000
vt 0.2820 0.2450 0.0000
vt 0.2792 0.2455 0.0000
vt 0.2697 0.2185 0.0000
vt 0.2720 0.2174 0.0000
vt 0.2847 0.2446 0.0000
vt 0.2743 0.2162 0.0000
vt 0.7620 0.1761 0.0000
vt 0.7642 0.1809 0.0000
vt 0.7489 0.1865 0.0000
vt 0.7472 0.1836 0.0000
vt 0.7454 0.1807 0.0000
vt 0.7599 0.1714 0.0000
vt 0.5807 0.2247 0.0000
vt 0.5807 0.2230 0.0000
vt 0.5618 0.2247 0.0000
vt 0.5618 0.2225 0.0000
vt 0.5380 0.2275 0.0000
vt 0.5380 0.2252 0.0000
vt 0.5141 0.2304 0.0000
vt 0.5142 0.2278 0.0000
vt 0.4989 0.2314 0.0000
vt 0.4989 0.2283 0.0000
vt 0.4837 0.2324 0.0000
vt 0.4837 0.2287 0.0000
vt 0.4702 0.2332 0.0000
vt 0.4696 0.2295 0.0000
vt 0.4567 0.2340 0.0000
vt 0.4555 0.2304 0.0000
vt 0.3866 0.2354 0.0000
vt 0.3855 0.2336 0.0000
vt 0.4078 0.2322 0.0000
vt 0.4065 0.2295 0.0000
vt 0.4310 0.2299 0.0000
vt 0.4322 0.2331 0.0000
vt 0.5381 0.2201 0.0000
vt 0.5383 0.2149 0.0000
vt 0.5606 0.2141 0.0000
vt 0.5612 0.2183 0.0000
vt 0.5151 0.2218 0.0000
vt 0.5160 0.2158 0.0000
vt 0.5160 0.2106 0.0000
vt 0.5161 0.2054 0.0000
vt 0.5391 0.2039 0.0000
vt 0.5387 0.2094 0.0000
vt 0.5621 0.2023 0.0000
vt 0.5613 0.2082 0.0000
vt 0.4836 0.2246 0.0000
vt 0.4834 0.2204 0.0000
vt 0.4997 0.2181 0.0000
vt 0.4993 0.2232 0.0000
vt 0.4992 0.2121 0.0000
vt 0.4987 0.2060 0.0000
vt 0.4823 0.2135 0.0000
vt 0.4813 0.2066 0.0000
vt 0.4688 0.2195 0.0000
vt 0.4692 0.2245 0.0000
vt 0.4548 0.2245 0.0000
vt 0.4542 0.2187 0.0000
vt 0.4677 0.2068 0.0000
vt 0.4683 0.2132 0.0000
vt 0.4542 0.2129 0.0000
vt 0.4542 0.2070 0.0000
vt 0.4312 0.2237 0.0000
vt 0.4076 0.2230 0.0000
vt 0.4087 0.2164 0.0000
vt 0.4315 0.2175 0.0000
vt 0.4315 0.2118 0.0000
vt 0.4089 0.2107 0.0000
vt 0.4090 0.2051 0.0000
vt 0.4316 0.2060 0.0000
vt 0.9237 0.3615 0.0000
vt 0.9315 0.3495 0.0000
vt 0.9457 0.3592 0.0000
vt 0.9380 0.3710 0.0000
vt 0.9160 0.3734 0.0000
vt 0.9303 0.3828 0.0000
vt 0.9016 0.3640 0.0000
vt 0.9094 0.3519 0.0000
vt 0.9173 0.3398 0.0000
vt 0.9394 0.3377 0.0000
vt 0.9473 0.3259 0.0000
vt 0.9616 0.3362 0.0000
vt 0.9536 0.3477 0.0000
vt 0.9252 0.3277 0.0000
vt 0.9330 0.3157 0.0000
vt 0.9540 0.3148 0.0000
vt 0.9607 0.3036 0.0000
vt 0.9757 0.3139 0.0000
vt 0.9687 0.3251 0.0000
vt 0.9394 0.3045 0.0000
vt 0.9457 0.2932 0.0000
vt 0.9722 0.2811 0.0000
vt 0.9885 0.2926 0.0000
vt 0.9821 0.3033 0.0000
vt 0.9665 0.2923 0.0000
vt 0.9509 0.2814 0.0000
vt 0.9560 0.2696 0.0000
vt 0.7701 0.1783 0.0000
vt 0.7662 0.1735 0.0000
vt 0.7624 0.1688 0.0000
vt 0.7704 0.1709 0.0000
vt 0.7649 0.1662 0.0000
vt 0.7760 0.1757 0.0000
vt 0.7675 0.1613 0.0000
vt 0.7702 0.1564 0.0000
vt 0.7767 0.1601 0.0000
vt 0.7736 0.1655 0.0000
vt 0.7833 0.1638 0.0000
vt 0.7796 0.1697 0.0000
vt 0.7830 0.1801 0.0000
vt 0.7871 0.1739 0.0000
vt 0.7913 0.1676 0.0000
vt 0.7946 0.1780 0.0000
vt 0.7992 0.1714 0.0000
vt 0.7901 0.1846 0.0000
vt 0.7750 0.1836 0.0000
vt 0.7800 0.1890 0.0000
vt 0.7699 0.1933 0.0000
vt 0.7670 0.1871 0.0000
vt 0.7612 0.2016 0.0000
vt 0.7526 0.2099 0.0000
vt 0.7431 0.2010 0.0000
vt 0.7551 0.1941 0.0000
vt 0.7638 0.2070 0.0000
vt 0.7694 0.2056 0.0000
vt 0.7689 0.2178 0.0000
vt 0.7607 0.2138 0.0000
vt 0.7798 0.2044 0.0000
vt 0.7902 0.2031 0.0000
vt 0.7796 0.2198 0.0000
vt 0.7903 0.2217 0.0000
vt 0.7347 0.2211 0.0000
vt 0.7264 0.2413 0.0000
vt 0.7461 0.2268 0.0000
vt 0.7396 0.2437 0.0000
vt 0.7561 0.2296 0.0000
vt 0.7514 0.2453 0.0000
vt 0.7661 0.2323 0.0000
vt 0.7633 0.2469 0.0000
vt 0.7770 0.2341 0.0000
vt 0.7744 0.2484 0.0000
vt 0.7879 0.2359 0.0000
vt 0.7855 0.2500 0.0000
vt 0.7214 0.2615 0.0000
vt 0.7354 0.2619 0.0000
vt 0.7311 0.2801 0.0000
vt 0.7163 0.2817 0.0000
vt 0.7724 0.2618 0.0000
vt 0.7613 0.2615 0.0000
vt 0.7836 0.2620 0.0000
vt 0.7816 0.2740 0.0000
vt 0.7705 0.2751 0.0000
vt 0.7594 0.2762 0.0000
vt 0.7483 0.2617 0.0000
vt 0.7452 0.2781 0.0000
vt 0.7158 0.3026 0.0000
vt 0.7313 0.2985 0.0000
vt 0.7315 0.3170 0.0000
vt 0.7152 0.3235 0.0000
vt 0.8335 0.4216 0.0000
vt 0.8526 0.4264 0.0000
vt 0.8144 0.4168 0.0000
vt 0.8247 0.4084 0.0000
vt 0.8428 0.4142 0.0000
vt 0.8609 0.4200 0.0000
vt 0.9086 0.3853 0.0000
vt 0.9013 0.3973 0.0000
vt 0.8862 0.3883 0.0000
vt 0.8939 0.3762 0.0000
vt 0.9233 0.3945 0.0000
vt 0.9164 0.4062 0.0000
vt 0.8783 0.4378 0.0000
vt 0.9040 0.4492 0.0000
vt 0.8827 0.4305 0.0000
vt 0.9046 0.4410 0.0000
vt 0.8866 0.4233 0.0000
vt 0.9060 0.4330 0.0000
vt 0.8672 0.4137 0.0000
vt 0.8734 0.4073 0.0000
vt 0.8904 0.4161 0.0000
vt 0.9073 0.4250 0.0000
vt 0.9118 0.4156 0.0000
vt 0.8958 0.4067 0.0000
vt 0.8798 0.3978 0.0000
vt 0.1240 0.4553 0.0000
vt 0.1049 0.4631 0.0000
vt 0.1197 0.4471 0.0000
vt 0.1017 0.4546 0.0000
vt 0.1377 0.4395 0.0000
vt 0.1431 0.4474 0.0000
vt 0.2787 0.2880 0.0000
vt 0.2755 0.2691 0.0000
vt 0.2818 0.3068 0.0000
vt 0.2672 0.3043 0.0000
vt 0.2647 0.2850 0.0000
vt 0.2622 0.2657 0.0000
vt 0.2495 0.2834 0.0000
vt 0.2478 0.2650 0.0000
vt 0.2512 0.3018 0.0000
vt 0.2351 0.2992 0.0000
vt 0.2342 0.2817 0.0000
vt 0.2333 0.2643 0.0000
vt 0.2687 0.2466 0.0000
vt 0.2581 0.2477 0.0000
vt 0.2540 0.2297 0.0000
vt 0.2618 0.2241 0.0000
vt 0.2441 0.2466 0.0000
vt 0.2302 0.2454 0.0000
vt 0.2405 0.2281 0.0000
vt 0.2270 0.2266 0.0000
vt 0.2215 0.2807 0.0000
vt 0.2205 0.2645 0.0000
vt 0.2225 0.2969 0.0000
vt 0.2098 0.2946 0.0000
vt 0.2087 0.2797 0.0000
vt 0.2077 0.2647 0.0000
vt 0.2063 0.2451 0.0000
vt 0.2183 0.2453 0.0000
vt 0.2050 0.2256 0.0000
vt 0.2160 0.2261 0.0000
vt 0.7616 0.3980 0.0000
vt 0.7505 0.3920 0.0000
vt 0.7743 0.3867 0.0000
vt 0.7641 0.3791 0.0000
vt 0.7845 0.3943 0.0000
vt 0.7727 0.4040 0.0000
vt 0.2806 0.3269 0.0000
vt 0.2794 0.3471 0.0000
vt 0.2657 0.3442 0.0000
vt 0.2665 0.3243 0.0000
vt 0.2217 0.1830 0.0000
vt 0.2265 0.1804 0.0000
vt 0.2288 0.1849 0.0000
vt 0.2238 0.1877 0.0000
vt 0.2310 0.1893 0.0000
vt 0.2259 0.1924 0.0000
vt 0.2188 0.1905 0.0000
vt 0.2209 0.1955 0.0000
vt 0.2168 0.1855 0.0000
vt 0.2341 0.2042 0.0000
vt 0.2377 0.1989 0.0000
vt 0.2560 0.2076 0.0000
vt 0.2530 0.2108 0.0000
vt 0.2500 0.2140 0.0000
vt 0.2304 0.2095 0.0000
vt 0.2453 0.2211 0.0000
vt 0.2287 0.2181 0.0000
vt 0.2300 0.1983 0.0000
vt 0.2256 0.2025 0.0000
vt 0.2343 0.1941 0.0000
vt 0.2150 0.2089 0.0000
vt 0.2155 0.2175 0.0000
vt 0.2023 0.2169 0.0000
vt 0.1995 0.2083 0.0000
vt 0.2102 0.2019 0.0000
vt 0.2169 0.2044 0.0000
vt 0.1985 0.2008 0.0000
vt 0.1975 0.1933 0.0000
vt 0.2071 0.1894 0.0000
vt 0.2087 0.1956 0.0000
vt 0.1809 0.4329 0.0000
vt 0.1739 0.4259 0.0000
vt 0.1810 0.4240 0.0000
vt 0.1890 0.4286 0.0000
vt 0.1729 0.4372 0.0000
vt 0.1669 0.4279 0.0000
vt 0.1160 0.4391 0.0000
vt 0.1124 0.4311 0.0000
vt 0.1291 0.4239 0.0000
vt 0.1334 0.4317 0.0000
vt 0.0987 0.4465 0.0000
vt 0.0957 0.4384 0.0000
vt 0.1059 0.4217 0.0000
vt 0.0904 0.4294 0.0000
vt 0.0994 0.4122 0.0000
vt 0.0850 0.4203 0.0000
vt 0.1139 0.4041 0.0000
vt 0.1215 0.4140 0.0000
vt 0.1327 0.4070 0.0000
vt 0.1412 0.4179 0.0000
vt 0.1242 0.3961 0.0000
vt 0.1345 0.3882 0.0000
vt 0.1439 0.4001 0.0000
vt 0.1534 0.4119 0.0000
vt 0.0910 0.4009 0.0000
vt 0.0825 0.3896 0.0000
vt 0.0957 0.3805 0.0000
vt 0.1048 0.3923 0.0000
vt 0.0772 0.4095 0.0000
vt 0.0693 0.3986 0.0000
vt 0.1254 0.3755 0.0000
vt 0.1151 0.3839 0.0000
vt 0.1060 0.3716 0.0000
vt 0.1163 0.3628 0.0000
vt 0.0744 0.3780 0.0000
vt 0.0876 0.3687 0.0000
vt 0.0612 0.3874 0.0000
vt 0.0531 0.3761 0.0000
vt 0.0662 0.3665 0.0000
vt 0.0794 0.3569 0.0000
vt 0.0978 0.3600 0.0000
vt 0.1081 0.3512 0.0000
vt 0.0896 0.3483 0.0000
vt 0.0998 0.3396 0.0000
vt 0.0590 0.3546 0.0000
vt 0.0728 0.3446 0.0000
vt 0.0452 0.3647 0.0000
vt 0.0373 0.3534 0.0000
vt 0.0518 0.3428 0.0000
vt 0.0662 0.3322 0.0000
vt 0.0818 0.3360 0.0000
vt 0.0909 0.3274 0.0000
vt 0.0741 0.3237 0.0000
vt 0.0820 0.3151 0.0000
vt 0.0439 0.3318 0.0000
vt 0.0584 0.3207 0.0000
vt 0.0294 0.3429 0.0000
vt 0.0360 0.3207 0.0000
vt 0.0215 0.3323 0.0000
vt 0.0505 0.3091 0.0000
vt 0.0665 0.3124 0.0000
vt 0.0746 0.3043 0.0000
vt 0.0589 0.3013 0.0000
vt 0.0672 0.2934 0.0000
vt 0.0443 0.2993 0.0000
vt 0.0290 0.3111 0.0000
vt 0.0136 0.3228 0.0000
vt 0.0219 0.3014 0.0000
vt 0.0058 0.3133 0.0000
vt 0.0381 0.2895 0.0000
vt 0.0617 0.2850 0.0000
vt 0.0530 0.2922 0.0000
vt 0.0471 0.2831 0.0000
vt 0.0561 0.2767 0.0000
vt 0.1580 0.4423 0.0000
vt 0.1523 0.4337 0.0000
vt 0.1468 0.4258 0.0000
vt 0.1601 0.4199 0.0000
vt 0.8017 0.4152 0.0000
vt 0.7890 0.4137 0.0000
vt 0.8000 0.4030 0.0000
vt 0.8124 0.4057 0.0000
vt 0.8488 0.4067 0.0000
vt 0.8303 0.3998 0.0000
vt 0.8360 0.3911 0.0000
vt 0.8547 0.3992 0.0000
vt 0.8623 0.3887 0.0000
vt 0.8449 0.3797 0.0000
vt 0.8539 0.3683 0.0000
vt 0.8700 0.3783 0.0000
vt 0.8407 0.3767 0.0000
vt 0.8364 0.3737 0.0000
vt 0.8467 0.3634 0.0000
vt 0.8503 0.3658 0.0000
vt 0.8311 0.3875 0.0000
vt 0.8261 0.3840 0.0000
vt 0.8786 0.3658 0.0000
vt 0.8633 0.3555 0.0000
vt 0.8727 0.3428 0.0000
vt 0.8871 0.3534 0.0000
vt 0.8597 0.3535 0.0000
vt 0.8561 0.3514 0.0000
vt 0.8655 0.3395 0.0000
vt 0.8691 0.3411 0.0000
vt 0.8469 0.3437 0.0000
vt 0.8378 0.3558 0.0000
vt 0.8377 0.3360 0.0000
vt 0.8288 0.3482 0.0000
vt 0.8465 0.3238 0.0000
vt 0.8560 0.3316 0.0000
vt 0.8950 0.3416 0.0000
vt 0.9029 0.3297 0.0000
vt 0.8806 0.3312 0.0000
vt 0.8886 0.3196 0.0000
vt 0.8781 0.3289 0.0000
vt 0.8755 0.3266 0.0000
vt 0.8854 0.3137 0.0000
vt 0.8870 0.3166 0.0000
vt 0.8658 0.3189 0.0000
vt 0.8562 0.3112 0.0000
vt 0.8658 0.2986 0.0000
vt 0.8756 0.3061 0.0000
vt 0.9116 0.3171 0.0000
vt 0.9203 0.3044 0.0000
vt 0.8981 0.3063 0.0000
vt 0.9075 0.2931 0.0000
vt 0.8960 0.3034 0.0000
vt 0.9049 0.2903 0.0000
vt 0.8939 0.3006 0.0000
vt 0.9023 0.2875 0.0000
vt 0.8840 0.2936 0.0000
vt 0.8741 0.2865 0.0000
vt 0.8824 0.2744 0.0000
vt 0.8923 0.2810 0.0000
vt 0.9267 0.2938 0.0000
vt 0.9332 0.2833 0.0000
vt 0.9140 0.2832 0.0000
vt 0.9206 0.2733 0.0000
vt 0.9182 0.2700 0.0000
vt 0.9116 0.2802 0.0000
vt 0.9091 0.2772 0.0000
vt 0.9159 0.2668 0.0000
vt 0.8991 0.2707 0.0000
vt 0.8892 0.2643 0.0000
vt 0.9059 0.2605 0.0000
vt 0.8959 0.2541 0.0000
vt 0.9257 0.2611 0.0000
vt 0.9230 0.2582 0.0000
vt 0.9301 0.2495 0.0000
vt 0.9331 0.2521 0.0000
vt 0.9284 0.2639 0.0000
vt 0.9362 0.2546 0.0000
vt 0.9461 0.2621 0.0000
vt 0.9396 0.2727 0.0000
vt 0.9131 0.2513 0.0000
vt 0.9031 0.2444 0.0000
vt 0.9202 0.2421 0.0000
vt 0.9103 0.2346 0.0000
vt 0.7808 0.4088 0.0000
vt 0.7922 0.3987 0.0000
vt 0.8050 0.3882 0.0000
vt 0.8131 0.3935 0.0000
vt 0.7969 0.3829 0.0000
vt 0.8178 0.3778 0.0000
vt 0.8094 0.3715 0.0000
vt 0.8217 0.3966 0.0000
vt 0.8278 0.3668 0.0000
vt 0.8191 0.3599 0.0000
vt 0.7383 0.3761 0.0000
vt 0.7529 0.3652 0.0000
vt 0.7261 0.3601 0.0000
vt 0.7418 0.3514 0.0000
vt 0.7460 0.2943 0.0000
vt 0.7607 0.2902 0.0000
vt 0.7620 0.3042 0.0000
vt 0.7467 0.3106 0.0000
vt 0.7718 0.2865 0.0000
vt 0.7829 0.2828 0.0000
vt 0.7841 0.2916 0.0000
vt 0.7731 0.2979 0.0000
vt 0.7788 0.3093 0.0000
vt 0.7899 0.3013 0.0000
vt 0.7956 0.3109 0.0000
vt 0.7845 0.3206 0.0000
vt 0.7677 0.3172 0.0000
vt 0.7734 0.3303 0.0000
vt 0.7902 0.2853 0.0000
vt 0.7874 0.2815 0.0000
vt 0.7890 0.2765 0.0000
vt 0.7963 0.2789 0.0000
vt 0.8379 0.3160 0.0000
vt 0.8291 0.3277 0.0000
vt 0.8202 0.3395 0.0000
vt 0.8116 0.3307 0.0000
vt 0.8205 0.3194 0.0000
vt 0.8294 0.3082 0.0000
vt 0.8122 0.3105 0.0000
vt 0.8209 0.3003 0.0000
vt 0.8036 0.3208 0.0000
vt 0.8040 0.3016 0.0000
vt 0.8123 0.2923 0.0000
vt 0.7971 0.2935 0.0000
vt 0.8043 0.2856 0.0000
vt 0.8471 0.3039 0.0000
vt 0.8380 0.2965 0.0000
vt 0.8467 0.2848 0.0000
vt 0.8563 0.2917 0.0000
vt 0.7926 0.2653 0.0000
vt 0.7962 0.2542 0.0000
vt 0.8068 0.2584 0.0000
vt 0.8015 0.2687 0.0000
vt 0.8370 0.2779 0.0000
vt 0.8289 0.2891 0.0000
vt 0.8198 0.2817 0.0000
vt 0.8273 0.2711 0.0000
vt 0.8107 0.2752 0.0000
vt 0.8170 0.2647 0.0000
vt 0.8000 0.2412 0.0000
vt 0.8039 0.2282 0.0000
vt 0.8174 0.2346 0.0000
vt 0.8121 0.2465 0.0000
vt 0.8643 0.2799 0.0000
vt 0.8545 0.2733 0.0000
vt 0.8623 0.2617 0.0000
vt 0.8723 0.2681 0.0000
vt 0.8446 0.2665 0.0000
vt 0.8346 0.2598 0.0000
vt 0.8420 0.2486 0.0000
vt 0.8521 0.2552 0.0000
vt 0.8297 0.2416 0.0000
vt 0.8234 0.2532 0.0000
vt 0.8793 0.2576 0.0000
vt 0.8694 0.2510 0.0000
vt 0.8766 0.2402 0.0000
vt 0.8863 0.2472 0.0000
vt 0.8070 0.2129 0.0000
vt 0.8101 0.1976 0.0000
vt 0.8301 0.2107 0.0000
vt 0.8238 0.2227 0.0000
vt 0.8595 0.2445 0.0000
vt 0.8495 0.2380 0.0000
vt 0.8570 0.2274 0.0000
vt 0.8668 0.2338 0.0000
vt 0.8366 0.2303 0.0000
vt 0.8435 0.2191 0.0000
vt 0.8746 0.2242 0.0000
vt 0.8828 0.2296 0.0000
vt 0.8664 0.2187 0.0000
vt 0.8824 0.2145 0.0000
vt 0.8759 0.2100 0.0000
vt 0.8889 0.2190 0.0000
vt 0.8929 0.2370 0.0000
vt 0.8996 0.2268 0.0000
vt 0.8172 0.1905 0.0000
vt 0.8398 0.2030 0.0000
vt 0.8244 0.1834 0.0000
vt 0.8496 0.1954 0.0000
vt 0.8531 0.2109 0.0000
vt 0.8627 0.2027 0.0000
vt 0.7206 0.3418 0.0000
vt 0.7366 0.3342 0.0000
vt 0.7522 0.3257 0.0000
vt 0.7576 0.3409 0.0000
vt 0.7677 0.3537 0.0000
vt 0.7824 0.3422 0.0000
vt 0.7915 0.3540 0.0000
vt 0.7778 0.3665 0.0000
vt 0.7874 0.3747 0.0000
vt 0.8005 0.3628 0.0000
vt 0.8104 0.3511 0.0000
vt 0.8015 0.3423 0.0000
vt 0.7930 0.3315 0.0000
vt 0.2352 0.4142 0.0000
vt 0.2486 0.4105 0.0000
vt 0.2218 0.4179 0.0000
vt 0.2303 0.4081 0.0000
vt 0.2184 0.4123 0.0000
vt 0.2422 0.4039 0.0000
vt 0.1660 0.4179 0.0000
vt 0.1581 0.4099 0.0000
vt 0.1628 0.4078 0.0000
vt 0.1719 0.4159 0.0000
vt 0.1479 0.3979 0.0000
vt 0.1378 0.3860 0.0000
vt 0.1411 0.3838 0.0000
vt 0.1520 0.3958 0.0000
vt 0.1620 0.3885 0.0000
vt 0.1738 0.4005 0.0000
vt 0.1502 0.3765 0.0000
vt 0.1592 0.3693 0.0000
vt 0.1720 0.3812 0.0000
vt 0.1847 0.3932 0.0000
vt 0.1289 0.3733 0.0000
vt 0.1200 0.3605 0.0000
vt 0.1238 0.3583 0.0000
vt 0.1324 0.3711 0.0000
vt 0.1409 0.3635 0.0000
vt 0.1316 0.3504 0.0000
vt 0.1394 0.3424 0.0000
vt 0.1493 0.3559 0.0000
vt 0.1113 0.3491 0.0000
vt 0.1026 0.3376 0.0000
vt 0.1053 0.3356 0.0000
vt 0.1145 0.3469 0.0000
vt 0.1311 0.3306 0.0000
vt 0.1228 0.3388 0.0000
vt 0.1141 0.3272 0.0000
vt 0.1228 0.3188 0.0000
vt 0.0936 0.3254 0.0000
vt 0.0847 0.3132 0.0000
vt 0.0873 0.3113 0.0000
vt 0.0963 0.3234 0.0000
vt 0.1055 0.3149 0.0000
vt 0.1148 0.3064 0.0000
vt 0.0971 0.3027 0.0000
vt 0.1068 0.2941 0.0000
vt 0.0699 0.2918 0.0000
vt 0.0725 0.2903 0.0000
vt 0.0799 0.3008 0.0000
vt 0.0773 0.3025 0.0000
vt 0.0832 0.2827 0.0000
vt 0.0939 0.2751 0.0000
vt 0.1003 0.2846 0.0000
vt 0.0901 0.2927 0.0000
vt 0.0597 0.2740 0.0000
vt 0.0633 0.2715 0.0000
vt 0.0679 0.2809 0.0000
vt 0.0648 0.2829 0.0000
vt 0.0779 0.2734 0.0000
vt 0.0879 0.2659 0.0000
vt 0.0726 0.2641 0.0000
vt 0.0819 0.2568 0.0000
vt 0.2054 0.4232 0.0000
vt 0.1997 0.4181 0.0000
vt 0.1867 0.4093 0.0000
vt 0.2016 0.4027 0.0000
vt 0.2126 0.3967 0.0000
vt 0.1949 0.3853 0.0000
vt 0.2051 0.3774 0.0000
vt 0.2236 0.3907 0.0000
vt 0.1815 0.3735 0.0000
vt 0.1682 0.3617 0.0000
vt 0.1772 0.3540 0.0000
vt 0.1911 0.3657 0.0000
vt 0.1989 0.3560 0.0000
vt 0.2067 0.3463 0.0000
vt 0.2205 0.3566 0.0000
vt 0.2128 0.3670 0.0000
vt 0.1850 0.3450 0.0000
vt 0.1929 0.3360 0.0000
vt 0.2029 0.3033 0.0000
vt 0.2015 0.2972 0.0000
vt 0.2077 0.3050 0.0000
vt 0.1994 0.3076 0.0000
vt 0.2056 0.3154 0.0000
vt 0.1933 0.2998 0.0000
vt 0.1582 0.3487 0.0000
vt 0.1483 0.3358 0.0000
vt 0.1572 0.3291 0.0000
vt 0.1672 0.3416 0.0000
vt 0.1757 0.3332 0.0000
vt 0.1842 0.3248 0.0000
vt 0.1664 0.3214 0.0000
vt 0.1756 0.3137 0.0000
vt 0.1918 0.3162 0.0000
vt 0.1992 0.3257 0.0000
vt 0.1844 0.3067 0.0000
vt 0.1401 0.3237 0.0000
vt 0.1320 0.3115 0.0000
vt 0.1412 0.3043 0.0000
vt 0.1492 0.3167 0.0000
vt 0.1986 0.2836 0.0000
vt 0.1884 0.2875 0.0000
vt 0.1835 0.2752 0.0000
vt 0.1956 0.2700 0.0000
vt 0.1589 0.3091 0.0000
vt 0.1685 0.3015 0.0000
vt 0.1514 0.2968 0.0000
vt 0.1615 0.2893 0.0000
vt 0.1785 0.2945 0.0000
vt 0.1725 0.2823 0.0000
vt 0.1166 0.2868 0.0000
vt 0.1264 0.2796 0.0000
vt 0.1338 0.2919 0.0000
vt 0.1243 0.2992 0.0000
vt 0.1925 0.2533 0.0000
vt 0.1787 0.2616 0.0000
vt 0.1739 0.2479 0.0000
vt 0.1894 0.2367 0.0000
vt 0.1442 0.2844 0.0000
vt 0.1545 0.2768 0.0000
vt 0.1370 0.2720 0.0000
vt 0.1475 0.2644 0.0000
vt 0.1666 0.2692 0.0000
vt 0.1607 0.2561 0.0000
vt 0.1855 0.2273 0.0000
vt 0.1688 0.2376 0.0000
vt 0.1637 0.2274 0.0000
vt 0.1816 0.2178 0.0000
vt 0.1097 0.2764 0.0000
vt 0.1190 0.2681 0.0000
vt 0.1028 0.2659 0.0000
vt 0.1117 0.2567 0.0000
vt 0.1487 0.2339 0.0000
vt 0.1547 0.2450 0.0000
vt 0.1406 0.2523 0.0000
vt 0.1336 0.2403 0.0000
vt 0.1298 0.2602 0.0000
vt 0.1226 0.2485 0.0000
vt 0.1577 0.2204 0.0000
vt 0.1517 0.2135 0.0000
vt 0.1746 0.2034 0.0000
vt 0.1781 0.2106 0.0000
vt 0.1299 0.2339 0.0000
vt 0.1438 0.2272 0.0000
vt 0.1261 0.2274 0.0000
vt 0.1389 0.2204 0.0000
vt 0.0978 0.2577 0.0000
vt 0.1076 0.2494 0.0000
vt 0.0927 0.2494 0.0000
vt 0.1035 0.2421 0.0000
vt 0.1187 0.2416 0.0000
vt 0.1148 0.2348 0.0000
vt 0.2598 0.3945 0.0000
vt 0.2711 0.3784 0.0000
vt 0.2509 0.3875 0.0000
vt 0.2596 0.3712 0.0000
vt 0.2319 0.3773 0.0000
vt 0.2401 0.3639 0.0000
vt 0.2753 0.3627 0.0000
vt 0.2627 0.3577 0.0000
vt 0.2439 0.3510 0.0000
vt 0.2251 0.3443 0.0000
vt 0.2477 0.3381 0.0000
vt 0.2297 0.3319 0.0000
vt 0.2201 0.3103 0.0000
vt 0.2176 0.3237 0.0000
vt 0.2324 0.3156 0.0000
vt 0.2495 0.3199 0.0000
vt 0.2122 0.3350 0.0000
vt 0.4808 0.7823 0.0000
vt 0.4881 0.7822 0.0000
vt 0.4813 0.7956 0.0000
vt 0.4896 0.7952 0.0000
vt 0.4731 0.7959 0.0000
vt 0.4736 0.7824 0.0000
vt 0.4656 0.7800 0.0000
vt 0.4645 0.7918 0.0000
vt 0.4559 0.7878 0.0000
vt 0.4577 0.7775 0.0000
vt 0.4501 0.7736 0.0000
vt 0.4483 0.7829 0.0000
vt 0.4406 0.7779 0.0000
vt 0.4424 0.7698 0.0000
vt 0.4347 0.7643 0.0000
vt 0.4326 0.7718 0.0000
vt 0.4245 0.7656 0.0000
vt 0.4270 0.7589 0.0000
vt 0.4454 0.7861 0.0000
vt 0.4380 0.7813 0.0000
vt 0.4529 0.7909 0.0000
vt 0.4498 0.7940 0.0000
vt 0.4426 0.7893 0.0000
vt 0.4353 0.7846 0.0000
vt 0.4607 0.7950 0.0000
vt 0.4686 0.7991 0.0000
vt 0.4640 0.8024 0.0000
vt 0.4569 0.7982 0.0000
vt 0.4306 0.7750 0.0000
vt 0.4285 0.7783 0.0000
vt 0.4231 0.7688 0.0000
vt 0.4217 0.7720 0.0000
vt 0.4935 0.7812 0.0000
vt 0.4989 0.7802 0.0000
vt 0.5005 0.7921 0.0000
vt 0.4951 0.7937 0.0000
vt 0.4847 0.8021 0.0000
vt 0.4774 0.8035 0.0000
vt 0.4920 0.8008 0.0000
vt 0.4880 0.8087 0.0000
vt 0.4943 0.8063 0.0000
vt 0.4816 0.8111 0.0000
vt 0.5040 0.7794 0.0000
vt 0.5054 0.7906 0.0000
vt 0.5092 0.7787 0.0000
vt 0.5103 0.7891 0.0000
vt 0.4977 0.7991 0.0000
vt 0.5003 0.8045 0.0000
vt 0.5034 0.7974 0.0000
vt 0.5063 0.8028 0.0000
vt 0.5165 0.7766 0.0000
vt 0.5237 0.7745 0.0000
vt 0.5183 0.7859 0.0000
vt 0.5264 0.7828 0.0000
vt 0.5087 0.7957 0.0000
vt 0.5120 0.8009 0.0000
vt 0.5140 0.7941 0.0000
vt 0.5178 0.7990 0.0000
vt 0.5427 0.7626 0.0000
vt 0.5366 0.7664 0.0000
vt 0.5488 0.7588 0.0000
vt 0.5447 0.7683 0.0000
vt 0.5499 0.7644 0.0000
vt 0.5394 0.7722 0.0000
vt 0.5302 0.7705 0.0000
vt 0.5329 0.7775 0.0000
vt 0.5217 0.7912 0.0000
vt 0.5250 0.7965 0.0000
vt 0.5293 0.7883 0.0000
vt 0.5321 0.7939 0.0000
vt 0.5362 0.7839 0.0000
vt 0.5431 0.7795 0.0000
vt 0.5395 0.7904 0.0000
vt 0.5469 0.7868 0.0000
vt 0.7914 0.6869 0.0000
vt 0.7883 0.6737 0.0000
vt 0.8024 0.6728 0.0000
vt 0.8052 0.6864 0.0000
vt 0.8190 0.6859 0.0000
vt 0.8165 0.6719 0.0000
vt 0.8215 0.6999 0.0000
vt 0.8080 0.7000 0.0000
vt 0.7945 0.7001 0.0000
vt 0.6673 0.8477 0.0000
vt 0.6708 0.8640 0.0000
vt 0.6505 0.8664 0.0000
vt 0.6489 0.8502 0.0000
vt 0.6638 0.8314 0.0000
vt 0.6472 0.8340 0.0000
vt 0.6804 0.8289 0.0000
vt 0.6857 0.8453 0.0000
vt 0.6910 0.8616 0.0000
vt 0.3215 0.7577 0.0000
vt 0.3084 0.7519 0.0000
vt 0.3152 0.7376 0.0000
vt 0.3286 0.7433 0.0000
vt 0.3346 0.7635 0.0000
vt 0.3420 0.7490 0.0000
vt 0.3272 0.7780 0.0000
vt 0.3144 0.7721 0.0000
vt 0.3016 0.7661 0.0000
vt 0.1990 0.6973 0.0000
vt 0.2147 0.7036 0.0000
vt 0.2074 0.7157 0.0000
vt 0.1919 0.7094 0.0000
vt 0.1832 0.6910 0.0000
vt 0.1764 0.7031 0.0000
vt 0.1901 0.6790 0.0000
vt 0.2061 0.6853 0.0000
vt 0.2220 0.6916 0.0000
vt 0.1848 0.7229 0.0000
vt 0.1991 0.7292 0.0000
vt 0.1910 0.7427 0.0000
vt 0.1778 0.7365 0.0000
vt 0.1705 0.7167 0.0000
vt 0.1646 0.7303 0.0000
vt 0.1723 0.7477 0.0000
vt 0.1669 0.7589 0.0000
vt 0.1592 0.7523 0.0000
vt 0.1619 0.7413 0.0000
vt 0.1828 0.7541 0.0000
vt 0.1746 0.7655 0.0000
vt 0.8094 0.7139 0.0000
vt 0.8225 0.7149 0.0000
vt 0.8234 0.7298 0.0000
vt 0.8109 0.7277 0.0000
vt 0.7964 0.7128 0.0000
vt 0.7984 0.7256 0.0000
vt 0.8103 0.7733 0.0000
vt 0.8026 0.7878 0.0000
vt 0.7915 0.7764 0.0000
vt 0.7990 0.7641 0.0000
vt 0.7804 0.7650 0.0000
vt 0.7878 0.7550 0.0000
vt 0.8066 0.7519 0.0000
vt 0.7952 0.7449 0.0000
vt 0.8180 0.7588 0.0000
vt 0.7799 0.7443 0.0000
vt 0.7714 0.7519 0.0000
vt 0.7719 0.7336 0.0000
vt 0.7624 0.7389 0.0000
vt 0.7815 0.7282 0.0000
vt 0.7884 0.7366 0.0000
vt 0.8207 0.7443 0.0000
vt 0.8088 0.7398 0.0000
vt 0.7968 0.7353 0.0000
vt 0.7917 0.7329 0.0000
vt 0.7900 0.7269 0.0000
vt 0.7821 0.7012 0.0000
vt 0.7860 0.7141 0.0000
vt 0.7756 0.7153 0.0000
vt 0.7697 0.7024 0.0000
vt 0.5586 0.7509 0.0000
vt 0.5610 0.7549 0.0000
vt 0.5685 0.7431 0.0000
vt 0.5721 0.7455 0.0000
vt 0.5494 0.7750 0.0000
vt 0.5541 0.7817 0.0000
vt 0.5557 0.7705 0.0000
vt 0.5614 0.7766 0.0000
vt 0.6348 0.7536 0.0000
vt 0.6477 0.7457 0.0000
vt 0.6534 0.7584 0.0000
vt 0.6411 0.7655 0.0000
vt 0.6474 0.7773 0.0000
vt 0.6591 0.7712 0.0000
vt 0.6356 0.7835 0.0000
vt 0.6288 0.7725 0.0000
vt 0.6219 0.7615 0.0000
vt 0.6608 0.8170 0.0000
vt 0.6461 0.8203 0.0000
vt 0.6449 0.8066 0.0000
vt 0.6578 0.8025 0.0000
vt 0.6755 0.8137 0.0000
vt 0.6706 0.7984 0.0000
vt 0.6526 0.7899 0.0000
vt 0.6649 0.7848 0.0000
vt 0.6403 0.7950 0.0000
vt 0.5618 0.7904 0.0000
vt 0.5695 0.7992 0.0000
vt 0.5613 0.8048 0.0000
vt 0.5541 0.7958 0.0000
vt 0.5696 0.7851 0.0000
vt 0.5778 0.7936 0.0000
vt 0.5795 0.7772 0.0000
vt 0.5874 0.7860 0.0000
vt 0.5716 0.7683 0.0000
vt 0.5818 0.7601 0.0000
vt 0.5894 0.7693 0.0000
vt 0.5969 0.7785 0.0000
vt 0.6292 0.7992 0.0000
vt 0.6243 0.7899 0.0000
vt 0.6340 0.8084 0.0000
vt 0.6181 0.8033 0.0000
vt 0.6231 0.8103 0.0000
vt 0.6130 0.7963 0.0000
vt 0.6169 0.7799 0.0000
vt 0.6050 0.7874 0.0000
vt 0.6094 0.7700 0.0000
vt 0.6294 0.8480 0.0000
vt 0.6290 0.8317 0.0000
vt 0.6298 0.8644 0.0000
vt 0.6091 0.8623 0.0000
vt 0.6099 0.8458 0.0000
vt 0.6108 0.8293 0.0000
vt 0.6315 0.8201 0.0000
vt 0.6169 0.8198 0.0000
vt 0.6029 0.8207 0.0000
vt 0.5950 0.8121 0.0000
vt 0.6040 0.8042 0.0000
vt 0.6105 0.8120 0.0000
vt 0.5957 0.7951 0.0000
vt 0.5864 0.8028 0.0000
vt 0.4177 0.7876 0.0000
vt 0.4262 0.7940 0.0000
vt 0.4171 0.8034 0.0000
vt 0.4069 0.7969 0.0000
vt 0.4092 0.7812 0.0000
vt 0.3967 0.7905 0.0000
vt 0.4335 0.7995 0.0000
vt 0.4407 0.8049 0.0000
vt 0.4317 0.8158 0.0000
vt 0.4244 0.8096 0.0000
vt 0.5915 0.8423 0.0000
vt 0.5885 0.8568 0.0000
vt 0.5731 0.8388 0.0000
vt 0.5679 0.8513 0.0000
vt 0.5783 0.8263 0.0000
vt 0.5945 0.8278 0.0000
vt 0.5781 0.8092 0.0000
vt 0.5867 0.8192 0.0000
vt 0.5698 0.8155 0.0000
vt 0.5947 0.8226 0.0000
vt 0.5321 0.8053 0.0000
vt 0.5392 0.8142 0.0000
vt 0.5331 0.8178 0.0000
vt 0.5255 0.8084 0.0000
vt 0.5387 0.8022 0.0000
vt 0.5453 0.8105 0.0000
vt 0.5464 0.7990 0.0000
vt 0.5533 0.8077 0.0000
vt 0.5462 0.8221 0.0000
vt 0.5533 0.8300 0.0000
vt 0.5491 0.8352 0.0000
vt 0.5411 0.8265 0.0000
vt 0.5514 0.8177 0.0000
vt 0.5574 0.8248 0.0000
vt 0.5606 0.8166 0.0000
vt 0.5678 0.8256 0.0000
vt 0.3985 0.8084 0.0000
vt 0.3870 0.8049 0.0000
vt 0.4100 0.8118 0.0000
vt 0.4028 0.8201 0.0000
vt 0.3900 0.8198 0.0000
vt 0.3773 0.8194 0.0000
vt 0.4074 0.8275 0.0000
vt 0.4159 0.8186 0.0000
vt 0.4218 0.8254 0.0000
vt 0.4119 0.8349 0.0000
vt 0.4961 0.8235 0.0000
vt 0.4896 0.8271 0.0000
vt 0.5026 0.8200 0.0000
vt 0.5042 0.8384 0.0000
vt 0.5108 0.8337 0.0000
vt 0.4976 0.8431 0.0000
vt 0.4476 0.8097 0.0000
vt 0.4545 0.8144 0.0000
vt 0.4450 0.8263 0.0000
vt 0.4383 0.8211 0.0000
vt 0.5085 0.8169 0.0000
vt 0.5167 0.8293 0.0000
vt 0.5144 0.8138 0.0000
vt 0.5225 0.8248 0.0000
vt 0.5199 0.8111 0.0000
vt 0.5278 0.8213 0.0000
vt 0.5368 0.8303 0.0000
vt 0.5458 0.8392 0.0000
vt 0.5425 0.8432 0.0000
vt 0.5325 0.8340 0.0000
vt 0.5532 0.8432 0.0000
vt 0.5552 0.8472 0.0000
vt 0.5585 0.8433 0.0000
vt 0.5632 0.8344 0.0000
vt 0.5271 0.8400 0.0000
vt 0.5375 0.8508 0.0000
vt 0.5325 0.8585 0.0000
vt 0.5216 0.8461 0.0000
vt 0.3068 0.7861 0.0000
vt 0.3198 0.7915 0.0000
vt 0.3125 0.8050 0.0000
vt 0.2992 0.8002 0.0000
vt 0.2937 0.7807 0.0000
vt 0.2859 0.7954 0.0000
vt 0.3312 0.7967 0.0000
vt 0.3425 0.8019 0.0000
vt 0.3336 0.8111 0.0000
vt 0.3230 0.8080 0.0000
vt 0.3393 0.7854 0.0000
vt 0.3514 0.7927 0.0000
vt 0.3475 0.7714 0.0000
vt 0.3604 0.7793 0.0000
vt 0.3557 0.7575 0.0000
vt 0.3695 0.7660 0.0000
vt 0.3831 0.7782 0.0000
vt 0.3737 0.7921 0.0000
vt 0.3643 0.8060 0.0000
vt 0.3506 0.8141 0.0000
vt 0.3587 0.8263 0.0000
vt 0.3401 0.8333 0.0000
vt 0.3368 0.8222 0.0000
vt 0.3090 0.8196 0.0000
vt 0.3056 0.8342 0.0000
vt 0.2895 0.8302 0.0000
vt 0.2943 0.8152 0.0000
vt 0.2734 0.8263 0.0000
vt 0.2796 0.8108 0.0000
vt 0.3229 0.8209 0.0000
vt 0.3228 0.8337 0.0000
vt 0.7990 0.6612 0.0000
vt 0.7850 0.6625 0.0000
vt 0.7956 0.6497 0.0000
vt 0.7816 0.6512 0.0000
vt 0.8096 0.6481 0.0000
vt 0.8131 0.6600 0.0000
vt 0.2125 0.6757 0.0000
vt 0.2278 0.6821 0.0000
vt 0.1972 0.6693 0.0000
vt 0.2043 0.6596 0.0000
vt 0.2190 0.6661 0.0000
vt 0.2336 0.6726 0.0000
vt 0.3342 0.7302 0.0000
vt 0.3478 0.7356 0.0000
vt 0.3207 0.7248 0.0000
vt 0.3262 0.7121 0.0000
vt 0.3399 0.7171 0.0000
vt 0.3535 0.7222 0.0000
vt 0.4186 0.7494 0.0000
vt 0.4161 0.7548 0.0000
vt 0.4101 0.7399 0.0000
vt 0.4077 0.7441 0.0000
vt 0.3620 0.7435 0.0000
vt 0.3763 0.7514 0.0000
vt 0.3683 0.7295 0.0000
vt 0.3831 0.7369 0.0000
vt 0.3970 0.7264 0.0000
vt 0.3840 0.7129 0.0000
vt 0.3930 0.7279 0.0000
vt 0.3783 0.7117 0.0000
vt 0.3807 0.7243 0.0000
vt 0.3897 0.7309 0.0000
vt 0.3954 0.7405 0.0000
vt 0.4092 0.7546 0.0000
vt 0.4024 0.7544 0.0000
vt 0.3927 0.7663 0.0000
vt 0.3870 0.6995 0.0000
vt 0.3829 0.6981 0.0000
vt 0.3901 0.6862 0.0000
vt 0.3875 0.6844 0.0000
vt 0.3680 0.7175 0.0000
vt 0.3677 0.7054 0.0000
vt 0.3553 0.7106 0.0000
vt 0.3570 0.6990 0.0000
vt 0.3429 0.7056 0.0000
vt 0.3458 0.6942 0.0000
vt 0.3304 0.7007 0.0000
vt 0.3347 0.6893 0.0000
vt 0.2255 0.6575 0.0000
vt 0.2398 0.6638 0.0000
vt 0.2111 0.6513 0.0000
vt 0.2178 0.6430 0.0000
vt 0.2320 0.6490 0.0000
vt 0.2461 0.6549 0.0000
vt 0.7871 0.6284 0.0000
vt 0.8016 0.6259 0.0000
vt 0.8056 0.6370 0.0000
vt 0.7914 0.6390 0.0000
vt 0.7771 0.6410 0.0000
vt 0.7725 0.6308 0.0000
vt 0.6021 0.7602 0.0000
vt 0.5948 0.7505 0.0000
vt 0.6078 0.7408 0.0000
vt 0.6149 0.7512 0.0000
vt 0.6281 0.7429 0.0000
vt 0.6214 0.7321 0.0000
vt 0.6349 0.7235 0.0000
vt 0.6413 0.7346 0.0000
vt 0.5663 0.7616 0.0000
vt 0.5769 0.7528 0.0000
vt 0.6156 0.7214 0.0000
vt 0.6022 0.7306 0.0000
vt 0.5965 0.7204 0.0000
vt 0.6098 0.7107 0.0000
vt 0.6290 0.7123 0.0000
vt 0.6231 0.7011 0.0000
vt 0.5759 0.7188 0.0000
vt 0.5777 0.7058 0.0000
vt 0.5794 0.6929 0.0000
vt 0.5834 0.7054 0.0000
vt 0.5860 0.6915 0.0000
vt 0.5809 0.7193 0.0000
vt 0.5722 0.7309 0.0000
vt 0.5765 0.7324 0.0000
vt 0.5887 0.7198 0.0000
vt 0.5843 0.7329 0.0000
vt 0.5832 0.7284 0.0000
vt 0.5896 0.7417 0.0000
vt 0.5794 0.6843 0.0000
vt 0.5873 0.6815 0.0000
vt 0.5794 0.6757 0.0000
vt 0.5886 0.6715 0.0000
vt 0.5912 0.7054 0.0000
vt 0.5989 0.7054 0.0000
vt 0.5936 0.6910 0.0000
vt 0.6013 0.6904 0.0000
vt 0.6096 0.6980 0.0000
vt 0.6203 0.6906 0.0000
vt 0.6094 0.6853 0.0000
vt 0.6175 0.6802 0.0000
vt 0.5817 0.6507 0.0000
vt 0.5915 0.6479 0.0000
vt 0.5919 0.6565 0.0000
vt 0.5821 0.6590 0.0000
vt 0.5807 0.6674 0.0000
vt 0.5903 0.6640 0.0000
vt 0.5948 0.6812 0.0000
vt 0.5959 0.6714 0.0000
vt 0.6032 0.6712 0.0000
vt 0.6022 0.6808 0.0000
vt 0.5974 0.6643 0.0000
vt 0.6046 0.6645 0.0000
vt 0.5989 0.6571 0.0000
vt 0.6059 0.6578 0.0000
vt 0.6090 0.6765 0.0000
vt 0.6157 0.6722 0.0000
vt 0.6086 0.6677 0.0000
vt 0.6140 0.6642 0.0000
vt 0.5992 0.6483 0.0000
vt 0.5995 0.6394 0.0000
vt 0.6078 0.6395 0.0000
vt 0.6069 0.6486 0.0000
vt 0.6004 0.6316 0.0000
vt 0.5973 0.6342 0.0000
vt 0.6077 0.6644 0.0000
vt 0.6099 0.6610 0.0000
vt 0.3937 0.6487 0.0000
vt 0.3911 0.6599 0.0000
vt 0.3867 0.6576 0.0000
vt 0.3894 0.6450 0.0000
vt 0.3906 0.6730 0.0000
vt 0.3871 0.6710 0.0000
vt 0.3940 0.6137 0.0000
vt 0.3876 0.6075 0.0000
vt 0.3848 0.6268 0.0000
vt 0.3774 0.6212 0.0000
vt 0.3719 0.6924 0.0000
vt 0.3609 0.6868 0.0000
vt 0.3647 0.6745 0.0000
vt 0.3761 0.6794 0.0000
vt 0.3775 0.6664 0.0000
vt 0.3788 0.6535 0.0000
vt 0.3678 0.6619 0.0000
vt 0.3709 0.6493 0.0000
vt 0.3818 0.6401 0.0000
vt 0.3741 0.6353 0.0000
vt 0.3505 0.6822 0.0000
vt 0.3401 0.6775 0.0000
vt 0.3456 0.6658 0.0000
vt 0.3552 0.6701 0.0000
vt 0.3508 0.6539 0.0000
vt 0.3561 0.6421 0.0000
vt 0.3635 0.6457 0.0000
vt 0.3593 0.6579 0.0000
vt 0.3673 0.6341 0.0000
vt 0.3604 0.6329 0.0000
vt 0.3647 0.6237 0.0000
vt 0.3710 0.6225 0.0000
vt 0.3808 0.6002 0.0000
vt 0.3740 0.5930 0.0000
vt 0.3694 0.6142 0.0000
vt 0.3615 0.6072 0.0000
vt 0.3679 0.6174 0.0000
vt 0.3631 0.6154 0.0000
vt 0.3567 0.5732 0.0000
vt 0.3653 0.5831 0.0000
vt 0.3503 0.5962 0.0000
vt 0.3392 0.5853 0.0000
vt 0.3559 0.6261 0.0000
vt 0.3488 0.6368 0.0000
vt 0.3514 0.6193 0.0000
vt 0.3415 0.6315 0.0000
vt 0.3426 0.6487 0.0000
vt 0.3365 0.6606 0.0000
vt 0.3275 0.6554 0.0000
vt 0.3345 0.6435 0.0000
vt 0.3304 0.6727 0.0000
vt 0.3243 0.6848 0.0000
vt 0.3207 0.6679 0.0000
vt 0.3139 0.6804 0.0000
vt 0.3517 0.5614 0.0000
vt 0.3372 0.5736 0.0000
vt 0.3352 0.5619 0.0000
vt 0.3468 0.5496 0.0000
vt 0.6140 0.5748 0.0000
vt 0.6264 0.5858 0.0000
vt 0.6215 0.5676 0.0000
vt 0.6345 0.5789 0.0000
vt 0.6199 0.6094 0.0000
vt 0.6267 0.6025 0.0000
vt 0.6282 0.6187 0.0000
vt 0.6351 0.6123 0.0000
vt 0.6212 0.6251 0.0000
vt 0.6132 0.6162 0.0000
vt 0.6068 0.6239 0.0000
vt 0.6145 0.6323 0.0000
vt 0.6128 0.6536 0.0000
vt 0.6156 0.6461 0.0000
vt 0.6187 0.6585 0.0000
vt 0.6234 0.6527 0.0000
vt 0.2394 0.5615 0.0000
vt 0.2520 0.5585 0.0000
vt 0.2528 0.5685 0.0000
vt 0.2404 0.5707 0.0000
vt 0.2268 0.5644 0.0000
vt 0.2279 0.5728 0.0000
vt 0.2656 0.5560 0.0000
vt 0.2792 0.5536 0.0000
vt 0.2794 0.5649 0.0000
vt 0.2661 0.5667 0.0000
vt 0.2640 0.5768 0.0000
vt 0.2772 0.5756 0.0000
vt 0.2750 0.5864 0.0000
vt 0.2619 0.5868 0.0000
vt 0.2508 0.5779 0.0000
vt 0.2488 0.5872 0.0000
vt 0.2380 0.6386 0.0000
vt 0.2517 0.6435 0.0000
vt 0.2243 0.6337 0.0000
vt 0.2440 0.6282 0.0000
vt 0.2308 0.6244 0.0000
vt 0.2572 0.6320 0.0000
vt 0.3289 0.5498 0.0000
vt 0.3110 0.5501 0.0000
vt 0.3219 0.5622 0.0000
vt 0.3085 0.5624 0.0000
vt 0.2951 0.5518 0.0000
vt 0.2939 0.5636 0.0000
vt 0.2917 0.5749 0.0000
vt 0.3062 0.5741 0.0000
vt 0.3038 0.5858 0.0000
vt 0.2894 0.5861 0.0000
vt 0.3217 0.5738 0.0000
vt 0.3215 0.5856 0.0000
vt 0.3236 0.6380 0.0000
vt 0.3128 0.6325 0.0000
vt 0.3199 0.6177 0.0000
vt 0.3307 0.6246 0.0000
vt 0.3165 0.6513 0.0000
vt 0.3056 0.6472 0.0000
vt 0.2581 0.5969 0.0000
vt 0.2712 0.5973 0.0000
vt 0.2673 0.6082 0.0000
vt 0.2542 0.6070 0.0000
vt 0.2412 0.6058 0.0000
vt 0.2450 0.5965 0.0000
vt 0.2491 0.6176 0.0000
vt 0.2360 0.6151 0.0000
vt 0.2623 0.6201 0.0000
vt 0.3295 0.6015 0.0000
vt 0.3405 0.6104 0.0000
vt 0.2636 0.6469 0.0000
vt 0.2755 0.6504 0.0000
vt 0.2691 0.6632 0.0000
vt 0.2576 0.6591 0.0000
vt 0.2695 0.6348 0.0000
vt 0.2818 0.6376 0.0000
vt 0.2750 0.6222 0.0000
vt 0.2878 0.6243 0.0000
vt 0.2805 0.6096 0.0000
vt 0.2938 0.6109 0.0000
vt 0.3068 0.6143 0.0000
vt 0.3003 0.6284 0.0000
vt 0.2937 0.6424 0.0000
vt 0.2850 0.5979 0.0000
vt 0.2988 0.5984 0.0000
vt 0.3142 0.5999 0.0000
vt 0.6875 0.5487 0.0000
vt 0.6672 0.5499 0.0000
vt 0.6738 0.5652 0.0000
vt 0.6896 0.5630 0.0000
vt 0.6580 0.5674 0.0000
vt 0.6469 0.5511 0.0000
vt 0.6342 0.5594 0.0000
vt 0.6463 0.5731 0.0000
vt 0.6350 0.5961 0.0000
vt 0.6436 0.6064 0.0000
vt 0.6433 0.5897 0.0000
vt 0.6520 0.6004 0.0000
vt 0.6545 0.5843 0.0000
vt 0.6627 0.5955 0.0000
vt 0.6657 0.5789 0.0000
vt 0.6734 0.5905 0.0000
vt 0.6510 0.6157 0.0000
vt 0.6583 0.6250 0.0000
vt 0.6503 0.6304 0.0000
vt 0.6427 0.6213 0.0000
vt 0.6592 0.6100 0.0000
vt 0.6664 0.6196 0.0000
vt 0.7643 0.7196 0.0000
vt 0.7566 0.7056 0.0000
vt 0.7530 0.7238 0.0000
vt 0.7436 0.7087 0.0000
vt 0.7406 0.6975 0.0000
vt 0.7339 0.7016 0.0000
vt 0.7351 0.6965 0.0000
vt 0.7241 0.6945 0.0000
vt 0.7309 0.6904 0.0000
vt 0.7377 0.6863 0.0000
vt 0.6798 0.5764 0.0000
vt 0.6858 0.5876 0.0000
vt 0.6939 0.5738 0.0000
vt 0.6981 0.5847 0.0000
vt 0.6695 0.6053 0.0000
vt 0.6763 0.6151 0.0000
vt 0.6799 0.6005 0.0000
vt 0.6863 0.6105 0.0000
vt 0.6914 0.5973 0.0000
vt 0.6971 0.6070 0.0000
vt 0.7030 0.5941 0.0000
vt 0.7080 0.6035 0.0000
vt 0.6831 0.6247 0.0000
vt 0.6899 0.6344 0.0000
vt 0.6805 0.6389 0.0000
vt 0.6734 0.6292 0.0000
vt 0.6928 0.6202 0.0000
vt 0.6993 0.6300 0.0000
vt 0.7032 0.6166 0.0000
vt 0.7092 0.6262 0.0000
vt 0.7136 0.6130 0.0000
vt 0.7192 0.6225 0.0000
vt 0.6963 0.6444 0.0000
vt 0.7027 0.6543 0.0000
vt 0.6936 0.6591 0.0000
vt 0.6870 0.6490 0.0000
vt 0.7055 0.6397 0.0000
vt 0.7117 0.6495 0.0000
vt 0.7350 0.6290 0.0000
vt 0.7298 0.6195 0.0000
vt 0.7405 0.6166 0.0000
vt 0.7451 0.6260 0.0000
vt 0.7403 0.6385 0.0000
vt 0.7498 0.6354 0.0000
vt 0.7307 0.6417 0.0000
vt 0.7249 0.6321 0.0000
vt 0.7152 0.6359 0.0000
vt 0.7212 0.6456 0.0000
vt 0.7096 0.6635 0.0000
vt 0.7166 0.6728 0.0000
vt 0.7082 0.6775 0.0000
vt 0.7009 0.6683 0.0000
vt 0.7183 0.6588 0.0000
vt 0.7250 0.6680 0.0000
vt 0.7540 0.6454 0.0000
vt 0.7612 0.6331 0.0000
vt 0.7656 0.6432 0.0000
vt 0.7699 0.6533 0.0000
vt 0.7583 0.6554 0.0000
vt 0.7237 0.6816 0.0000
vt 0.7161 0.6860 0.0000
vt 0.7313 0.6772 0.0000
vt 0.7780 0.6877 0.0000
vt 0.7740 0.6742 0.0000
vt 0.7646 0.6885 0.0000
vt 0.7596 0.6747 0.0000
vt 0.7276 0.6548 0.0000
vt 0.7341 0.6640 0.0000
vt 0.7369 0.6508 0.0000
vt 0.7432 0.6599 0.0000
vt 0.7537 0.6633 0.0000
vt 0.7514 0.6673 0.0000
vt 0.7507 0.6577 0.0000
vt 0.7589 0.6650 0.0000
vt 0.7455 0.6481 0.0000
vt 0.7720 0.6637 0.0000
vt 0.7414 0.6722 0.0000
vt 0.7487 0.6805 0.0000
vt 0.7527 0.6930 0.0000
vt 0.7826 0.6194 0.0000
vt 0.7686 0.6219 0.0000
vt 0.7646 0.6130 0.0000
vt 0.7782 0.6105 0.0000
vt 0.7967 0.6169 0.0000
vt 0.7917 0.6079 0.0000
vt 0.7568 0.6240 0.0000
vt 0.7525 0.6148 0.0000
vt 0.7247 0.6104 0.0000
vt 0.7197 0.6012 0.0000
vt 0.7314 0.5989 0.0000
vt 0.7359 0.6077 0.0000
vt 0.7483 0.6060 0.0000
vt 0.7440 0.5972 0.0000
vt 0.7566 0.5956 0.0000
vt 0.7606 0.6043 0.0000
vt 0.7739 0.6019 0.0000
vt 0.7873 0.5996 0.0000
vt 0.7697 0.5934 0.0000
vt 0.7828 0.5912 0.0000
vt 0.7154 0.5922 0.0000
vt 0.7111 0.5831 0.0000
vt 0.7241 0.5816 0.0000
vt 0.7277 0.5902 0.0000
vt 0.7662 0.5853 0.0000
vt 0.7535 0.5874 0.0000
vt 0.7504 0.5791 0.0000
vt 0.7628 0.5773 0.0000
vt 0.7790 0.5833 0.0000
vt 0.7752 0.5754 0.0000
vt 0.7406 0.5888 0.0000
vt 0.7372 0.5803 0.0000
vt 0.7081 0.5729 0.0000
vt 0.7222 0.5719 0.0000
vt 0.7050 0.5627 0.0000
vt 0.7204 0.5623 0.0000
vt 0.7044 0.5492 0.0000
vt 0.7214 0.5497 0.0000
vt 0.7748 0.5409 0.0000
vt 0.7937 0.5480 0.0000
vt 0.7783 0.5494 0.0000
vt 0.7818 0.5579 0.0000
vt 0.7952 0.5563 0.0000
vt 0.7685 0.5595 0.0000
vt 0.7629 0.5508 0.0000
vt 0.7573 0.5421 0.0000
vt 0.7358 0.5713 0.0000
vt 0.7494 0.5706 0.0000
vt 0.7344 0.5622 0.0000
vt 0.7484 0.5621 0.0000
vt 0.7779 0.5275 0.0000
vt 0.7604 0.5261 0.0000
vt 0.7433 0.5235 0.0000
vt 0.7399 0.5396 0.0000
vt 0.7581 0.5546 0.0000
vt 0.7528 0.5521 0.0000
vt 0.7584 0.5608 0.0000
vt 0.7371 0.5509 0.0000
vt 0.7606 0.5691 0.0000
vt 0.7718 0.5675 0.0000
vt 0.8080 0.5480 0.0000
vt 0.8223 0.5479 0.0000
vt 0.8220 0.5532 0.0000
vt 0.8086 0.5547 0.0000
vt 0.2142 0.5683 0.0000
vt 0.2015 0.5721 0.0000
vt 0.2152 0.5749 0.0000
vt 0.2025 0.5771 0.0000
vt 0.2383 0.5791 0.0000
vt 0.2259 0.5803 0.0000
vt 0.2363 0.5875 0.0000
vt 0.2238 0.5878 0.0000
vt 0.7851 0.5656 0.0000
vt 0.7983 0.5636 0.0000
vt 0.8015 0.5709 0.0000
vt 0.7883 0.5732 0.0000
vt 0.2131 0.5806 0.0000
vt 0.2003 0.5808 0.0000
vt 0.2110 0.5862 0.0000
vt 0.1982 0.5846 0.0000
vt 0.8115 0.5610 0.0000
vt 0.8247 0.5584 0.0000
vt 0.8274 0.5636 0.0000
vt 0.8144 0.5673 0.0000
vt 0.7923 0.5808 0.0000
vt 0.8056 0.5783 0.0000
vt 0.8097 0.5856 0.0000
vt 0.7962 0.5884 0.0000
vt 0.2324 0.5957 0.0000
vt 0.2198 0.5949 0.0000
vt 0.2284 0.6039 0.0000
vt 0.2157 0.6021 0.0000
vt 0.8184 0.5740 0.0000
vt 0.8311 0.5697 0.0000
vt 0.8349 0.5758 0.0000
vt 0.8223 0.5807 0.0000
vt 0.2071 0.5920 0.0000
vt 0.1945 0.5891 0.0000
vt 0.2033 0.5979 0.0000
vt 0.1908 0.5936 0.0000
vt 0.8008 0.5965 0.0000
vt 0.8144 0.5935 0.0000
vt 0.8190 0.6014 0.0000
vt 0.8054 0.6046 0.0000
vt 0.2232 0.6122 0.0000
vt 0.2179 0.6205 0.0000
vt 0.2103 0.6093 0.0000
vt 0.2050 0.6166 0.0000
vt 0.1982 0.6045 0.0000
vt 0.1861 0.5997 0.0000
vt 0.1932 0.6111 0.0000
vt 0.1814 0.6057 0.0000
vt 0.8269 0.5884 0.0000
vt 0.8395 0.5833 0.0000
vt 0.8440 0.5909 0.0000
vt 0.8315 0.5961 0.0000
vt 0.2115 0.6290 0.0000
vt 0.1987 0.6244 0.0000
vt 0.2051 0.6376 0.0000
vt 0.1925 0.6322 0.0000
vt 0.8103 0.6136 0.0000
vt 0.8239 0.6102 0.0000
vt 0.8288 0.6191 0.0000
vt 0.8152 0.6225 0.0000
vt 0.1873 0.6187 0.0000
vt 0.1758 0.6130 0.0000
vt 0.1813 0.6262 0.0000
vt 0.1702 0.6202 0.0000
vt 0.8194 0.6336 0.0000
vt 0.8332 0.6301 0.0000
vt 0.8377 0.6412 0.0000
vt 0.8237 0.6446 0.0000
vt 0.8273 0.6573 0.0000
vt 0.8416 0.6546 0.0000
vt 0.8455 0.6682 0.0000
vt 0.8310 0.6700 0.0000
vt 0.8542 0.6506 0.0000
vt 0.8668 0.6466 0.0000
vt 0.8726 0.6610 0.0000
vt 0.8590 0.6646 0.0000
vt 0.8494 0.6367 0.0000
vt 0.8610 0.6322 0.0000
vt 0.8335 0.6849 0.0000
vt 0.8481 0.6839 0.0000
vt 0.8507 0.6997 0.0000
vt 0.8361 0.6998 0.0000
vt 0.1698 0.6876 0.0000
vt 0.1564 0.6842 0.0000
vt 0.1627 0.6709 0.0000
vt 0.1764 0.6749 0.0000
vt 0.1633 0.7003 0.0000
vt 0.1501 0.6976 0.0000
vt 0.8621 0.6815 0.0000
vt 0.8761 0.6790 0.0000
vt 0.8796 0.6970 0.0000
vt 0.8652 0.6983 0.0000
vt 0.1442 0.6800 0.0000
vt 0.1320 0.6759 0.0000
vt 0.1391 0.6608 0.0000
vt 0.1509 0.6658 0.0000
vt 0.1376 0.6942 0.0000
vt 0.1250 0.6909 0.0000
vt 0.8367 0.7159 0.0000
vt 0.8510 0.7170 0.0000
vt 0.8514 0.7343 0.0000
vt 0.8374 0.7321 0.0000
vt 0.1583 0.7146 0.0000
vt 0.1462 0.7126 0.0000
vt 0.1534 0.7290 0.0000
vt 0.1422 0.7277 0.0000
vt 0.8655 0.7172 0.0000
vt 0.8800 0.7174 0.0000
vt 0.8803 0.7378 0.0000
vt 0.8659 0.7361 0.0000
vt 0.1335 0.7105 0.0000
vt 0.1208 0.7084 0.0000
vt 0.1294 0.7268 0.0000
vt 0.1167 0.7258 0.0000
vt 0.8344 0.7484 0.0000
vt 0.8480 0.7524 0.0000
vt 0.8447 0.7706 0.0000
vt 0.8314 0.7647 0.0000
vt 0.1519 0.7420 0.0000
vt 0.1419 0.7427 0.0000
vt 0.1504 0.7551 0.0000
vt 0.1417 0.7578 0.0000
vt 0.8623 0.7557 0.0000
vt 0.8587 0.7753 0.0000
vt 0.8765 0.7589 0.0000
vt 0.8726 0.7799 0.0000
vt 0.1173 0.7444 0.0000
vt 0.1296 0.7436 0.0000
vt 0.1298 0.7604 0.0000
vt 0.1179 0.7631 0.0000
vt 0.8236 0.7802 0.0000
vt 0.8369 0.7871 0.0000
vt 0.8292 0.8036 0.0000
vt 0.8159 0.7957 0.0000
vt 0.1575 0.7644 0.0000
vt 0.1646 0.7737 0.0000
vt 0.1547 0.7820 0.0000
vt 0.1482 0.7699 0.0000
vt 0.8506 0.7931 0.0000
vt 0.8644 0.7991 0.0000
vt 0.8561 0.8184 0.0000
vt 0.8426 0.8109 0.0000
vt 0.1421 0.7893 0.0000
vt 0.1295 0.7966 0.0000
vt 0.1237 0.7798 0.0000
vt 0.1359 0.7749 0.0000
vt 0.2873 0.8454 0.0000
vt 0.2852 0.8607 0.0000
vt 0.2655 0.8578 0.0000
vt 0.2694 0.8420 0.0000
vt 0.3052 0.8489 0.0000
vt 0.3049 0.8636 0.0000
vt 0.6740 0.8807 0.0000
vt 0.6962 0.8784 0.0000
vt 0.6772 0.8975 0.0000
vt 0.7013 0.8953 0.0000
vt 0.6532 0.8996 0.0000
vt 0.6518 0.8830 0.0000
vt 0.6527 0.9159 0.0000
vt 0.6783 0.9140 0.0000
vt 0.7040 0.9121 0.0000
vt 0.7067 0.9290 0.0000
vt 0.6794 0.9305 0.0000
vt 0.6522 0.9321 0.0000
vt 0.2829 0.8769 0.0000
vt 0.3045 0.8794 0.0000
vt 0.3042 0.8953 0.0000
vt 0.2806 0.8930 0.0000
vt 0.2613 0.8743 0.0000
vt 0.2570 0.8908 0.0000
vt 0.6297 0.8806 0.0000
vt 0.6296 0.8967 0.0000
vt 0.6060 0.8939 0.0000
vt 0.6075 0.8781 0.0000
vt 0.3239 0.8480 0.0000
vt 0.3249 0.8622 0.0000
vt 0.3425 0.8471 0.0000
vt 0.3449 0.8609 0.0000
vt 0.6023 0.9089 0.0000
vt 0.6275 0.9124 0.0000
vt 0.6254 0.9280 0.0000
vt 0.5986 0.9239 0.0000
vt 0.3277 0.8929 0.0000
vt 0.3263 0.8776 0.0000
vt 0.3480 0.8758 0.0000
vt 0.3511 0.8906 0.0000
vt 0.5867 0.8715 0.0000
vt 0.5848 0.8862 0.0000
vt 0.5636 0.8784 0.0000
vt 0.5658 0.8649 0.0000
vt 0.5516 0.8578 0.0000
vt 0.5481 0.8685 0.0000
vt 0.3678 0.8686 0.0000
vt 0.3876 0.8614 0.0000
vt 0.3928 0.8738 0.0000
vt 0.3720 0.8823 0.0000
vt 0.3637 0.8549 0.0000
vt 0.3824 0.8490 0.0000
vt 0.5418 0.8781 0.0000
vt 0.5257 0.8659 0.0000
vt 0.5578 0.8903 0.0000
vt 0.5355 0.8878 0.0000
vt 0.5520 0.9022 0.0000
vt 0.5190 0.8733 0.0000
vt 0.5800 0.8996 0.0000
vt 0.5753 0.9131 0.0000
vt 0.3612 0.8406 0.0000
vt 0.3798 0.8342 0.0000
vt 0.3936 0.8309 0.0000
vt 0.3971 0.8420 0.0000
vt 0.4028 0.8522 0.0000
vt 0.4180 0.8430 0.0000
vt 0.4241 0.8511 0.0000
vt 0.4085 0.8625 0.0000
vt 0.4281 0.8321 0.0000
vt 0.4345 0.8387 0.0000
vt 0.5150 0.8522 0.0000
vt 0.5083 0.8582 0.0000
vt 0.1839 0.6646 0.0000
vt 0.1705 0.6599 0.0000
vt 0.1783 0.6488 0.0000
vt 0.1913 0.6542 0.0000
vt 0.1982 0.6459 0.0000
vt 0.1854 0.6405 0.0000
vt 0.1743 0.6348 0.0000
vt 0.1673 0.6434 0.0000
vt 0.1633 0.6291 0.0000
vt 0.1564 0.6380 0.0000
vt 0.1591 0.6546 0.0000
vt 0.1477 0.6494 0.0000
vt 0.8450 0.6255 0.0000
vt 0.8569 0.6208 0.0000
vt 0.8407 0.6142 0.0000
vt 0.8527 0.6094 0.0000
vt 0.8361 0.6052 0.0000
vt 0.8483 0.6001 0.0000
vt 0.6651 0.6346 0.0000
vt 0.6567 0.6400 0.0000
vt 0.6718 0.6442 0.0000
vt 0.6632 0.6496 0.0000
vt 0.6777 0.6545 0.0000
vt 0.6836 0.6647 0.0000
vt 0.6735 0.6703 0.0000
vt 0.6684 0.6599 0.0000
vt 0.6460 0.6775 0.0000
vt 0.6549 0.6734 0.0000
vt 0.6566 0.6849 0.0000
vt 0.6492 0.6884 0.0000
vt 0.6419 0.6920 0.0000
vt 0.6371 0.6816 0.0000
vt 0.6323 0.6712 0.0000
vt 0.6427 0.6665 0.0000
vt 0.6531 0.6619 0.0000
vt 0.6582 0.6557 0.0000
vt 0.6616 0.6666 0.0000
vt 0.6651 0.6776 0.0000
vt 0.6914 0.6739 0.0000
vt 0.6992 0.6832 0.0000
vt 0.6901 0.6889 0.0000
vt 0.6818 0.6796 0.0000
vt 0.6388 0.7073 0.0000
vt 0.6451 0.7181 0.0000
vt 0.6325 0.6965 0.0000
vt 0.6486 0.7024 0.0000
vt 0.6553 0.7127 0.0000
vt 0.6566 0.6980 0.0000
vt 0.6640 0.7075 0.0000
vt 0.6647 0.6936 0.0000
vt 0.6728 0.7023 0.0000
vt 0.6733 0.6866 0.0000
vt 0.6815 0.6956 0.0000
vt 0.7072 0.6921 0.0000
vt 0.7152 0.7011 0.0000
vt 0.7063 0.7076 0.0000
vt 0.6982 0.6983 0.0000
vt 0.6516 0.7290 0.0000
vt 0.6580 0.7400 0.0000
vt 0.6618 0.7235 0.0000
vt 0.6683 0.7343 0.0000
vt 0.6893 0.7050 0.0000
vt 0.6971 0.7145 0.0000
vt 0.6879 0.7214 0.0000
vt 0.6803 0.7118 0.0000
vt 0.6711 0.7177 0.0000
vt 0.6781 0.7279 0.0000
vt 0.7245 0.7099 0.0000
vt 0.7339 0.7187 0.0000
vt 0.7241 0.7287 0.0000
vt 0.7152 0.7182 0.0000
vt 0.6646 0.7523 0.0000
vt 0.6712 0.7647 0.0000
vt 0.6757 0.7463 0.0000
vt 0.6832 0.7582 0.0000
vt 0.6939 0.7510 0.0000
vt 0.6860 0.7394 0.0000
vt 0.6962 0.7326 0.0000
vt 0.7046 0.7439 0.0000
vt 0.7057 0.7254 0.0000
vt 0.7143 0.7363 0.0000
vt 0.6900 0.7725 0.0000
vt 0.6969 0.7867 0.0000
vt 0.6837 0.7926 0.0000
vt 0.6775 0.7786 0.0000
vt 0.7333 0.7423 0.0000
vt 0.7432 0.7331 0.0000
vt 0.7525 0.7474 0.0000
vt 0.7425 0.7560 0.0000
vt 0.7128 0.7580 0.0000
vt 0.7210 0.7722 0.0000
vt 0.7089 0.7795 0.0000
vt 0.7014 0.7653 0.0000
vt 0.7231 0.7502 0.0000
vt 0.7318 0.7641 0.0000
vt 0.6899 0.8078 0.0000
vt 0.7043 0.8020 0.0000
vt 0.7117 0.8173 0.0000
vt 0.6961 0.8231 0.0000
vt 0.7617 0.7610 0.0000
vt 0.7521 0.7700 0.0000
vt 0.7710 0.7745 0.0000
vt 0.7616 0.7840 0.0000
vt 0.7171 0.7946 0.0000
vt 0.7252 0.8098 0.0000
vt 0.7298 0.7872 0.0000
vt 0.7387 0.8023 0.0000
vt 0.7410 0.7786 0.0000
vt 0.7501 0.7931 0.0000
vt 0.7818 0.7867 0.0000
vt 0.7721 0.7970 0.0000
vt 0.7926 0.7989 0.0000
vt 0.7826 0.8101 0.0000
vt 0.7025 0.8392 0.0000
vt 0.7089 0.8554 0.0000
vt 0.7193 0.8332 0.0000
vt 0.7268 0.8491 0.0000
vt 0.7337 0.8251 0.0000
vt 0.7423 0.8404 0.0000
vt 0.7482 0.8170 0.0000
vt 0.7577 0.8318 0.0000
vt 0.7601 0.8070 0.0000
vt 0.7701 0.8209 0.0000
vt 0.8051 0.8087 0.0000
vt 0.8177 0.8185 0.0000
vt 0.7944 0.8217 0.0000
vt 0.8062 0.8335 0.0000
vt 0.7155 0.8717 0.0000
vt 0.7221 0.8880 0.0000
vt 0.7349 0.8649 0.0000
vt 0.7429 0.8807 0.0000
vt 0.7511 0.8554 0.0000
vt 0.7599 0.8703 0.0000
vt 0.7673 0.8458 0.0000
vt 0.7770 0.8599 0.0000
vt 0.7809 0.8338 0.0000
vt 0.7916 0.8467 0.0000
vt 0.8307 0.8276 0.0000
vt 0.8436 0.8367 0.0000
vt 0.8312 0.8551 0.0000
vt 0.8187 0.8443 0.0000
vt 0.7683 0.8853 0.0000
vt 0.7494 0.8970 0.0000
vt 0.7872 0.8737 0.0000
vt 0.7975 0.8875 0.0000
vt 0.7767 0.9004 0.0000
vt 0.7559 0.9133 0.0000
vt 0.7267 0.9046 0.0000
vt 0.7313 0.9211 0.0000
vt 0.8030 0.8590 0.0000
vt 0.8143 0.8713 0.0000
vt 0.1623 0.8160 0.0000
vt 0.1504 0.8273 0.0000
vt 0.1400 0.8119 0.0000
vt 0.1522 0.8026 0.0000
vt 0.1644 0.7933 0.0000
vt 0.1742 0.8047 0.0000
vt 0.2417 0.8675 0.0000
vt 0.2477 0.8513 0.0000
vt 0.2358 0.8836 0.0000
vt 0.2146 0.8765 0.0000
vt 0.2222 0.8606 0.0000
vt 0.2298 0.8448 0.0000
vt 0.1889 0.8403 0.0000
vt 0.1991 0.8262 0.0000
vt 0.2145 0.8355 0.0000
vt 0.2056 0.8505 0.0000
vt 0.1967 0.8655 0.0000
vt 0.1788 0.8545 0.0000
vt 0.1756 0.8281 0.0000
vt 0.1866 0.8154 0.0000
vt 0.1646 0.8409 0.0000
vt 0.2532 0.8357 0.0000
vt 0.2369 0.8293 0.0000
vt 0.2587 0.8200 0.0000
vt 0.2440 0.8137 0.0000
vt 0.1744 0.7834 0.0000
vt 0.1842 0.7931 0.0000
vt 0.1845 0.7735 0.0000
vt 0.1943 0.7816 0.0000
vt 0.2226 0.8207 0.0000
vt 0.2307 0.8060 0.0000
vt 0.2083 0.8122 0.0000
vt 0.2174 0.7982 0.0000
vt 0.1963 0.8027 0.0000
vt 0.2059 0.7899 0.0000
vt 0.2657 0.8047 0.0000
vt 0.2517 0.7986 0.0000
vt 0.2594 0.7835 0.0000
vt 0.2726 0.7894 0.0000
vt 0.1930 0.7613 0.0000
vt 0.2032 0.7686 0.0000
vt 0.2015 0.7491 0.0000
vt 0.2121 0.7556 0.0000
vt 0.2261 0.7840 0.0000
vt 0.2347 0.7698 0.0000
vt 0.2471 0.7767 0.0000
vt 0.2389 0.7913 0.0000
vt 0.2146 0.7763 0.0000
vt 0.2234 0.7627 0.0000
vt 0.2806 0.7748 0.0000
vt 0.2675 0.7689 0.0000
vt 0.2756 0.7543 0.0000
vt 0.2886 0.7602 0.0000
vt 0.2099 0.7356 0.0000
vt 0.2206 0.7420 0.0000
vt 0.2182 0.7221 0.0000
vt 0.2291 0.7285 0.0000
vt 0.2553 0.7624 0.0000
vt 0.2430 0.7559 0.0000
vt 0.2513 0.7420 0.0000
vt 0.2634 0.7482 0.0000
vt 0.2318 0.7490 0.0000
vt 0.2402 0.7352 0.0000
vt 0.2956 0.7462 0.0000
vt 0.2829 0.7405 0.0000
vt 0.2902 0.7267 0.0000
vt 0.3027 0.7322 0.0000
vt 0.2256 0.7100 0.0000
vt 0.2330 0.6979 0.0000
vt 0.2365 0.7163 0.0000
vt 0.2440 0.7042 0.0000
vt 0.2477 0.7226 0.0000
vt 0.2552 0.7100 0.0000
vt 0.2665 0.7158 0.0000
vt 0.2589 0.7289 0.0000
vt 0.2709 0.7347 0.0000
vt 0.2783 0.7213 0.0000
vt 0.2515 0.6686 0.0000
vt 0.2631 0.6733 0.0000
vt 0.2571 0.6835 0.0000
vt 0.2453 0.6781 0.0000
vt 0.3087 0.7196 0.0000
vt 0.2967 0.7144 0.0000
vt 0.3032 0.7021 0.0000
vt 0.3147 0.7071 0.0000
vt 0.2392 0.6880 0.0000
vt 0.2505 0.6938 0.0000
vt 0.2875 0.6552 0.0000
vt 0.2996 0.6600 0.0000
vt 0.2936 0.6728 0.0000
vt 0.2813 0.6680 0.0000
vt 0.2620 0.6993 0.0000
vt 0.2735 0.7048 0.0000
vt 0.2688 0.6886 0.0000
vt 0.2805 0.6937 0.0000
vt 0.2851 0.7096 0.0000
vt 0.2918 0.6979 0.0000
vt 0.3195 0.6960 0.0000
vt 0.3086 0.6912 0.0000
vt 0.2978 0.6873 0.0000
vt 0.2870 0.6833 0.0000
vt 0.3038 0.6766 0.0000
vt 0.2751 0.6783 0.0000
vt 0.3101 0.6640 0.0000
vt 0.6287 0.6861 0.0000
vt 0.6249 0.6757 0.0000
vt 0.6218 0.6671 0.0000
vt 0.6278 0.6619 0.0000
vt 0.6364 0.6570 0.0000
vt 0.6301 0.6475 0.0000
vt 0.6368 0.6423 0.0000
vt 0.6449 0.6521 0.0000
vt 0.6223 0.6399 0.0000
vt 0.6290 0.6337 0.0000
vt 0.6435 0.6363 0.0000
vt 0.6358 0.6275 0.0000
vt 0.6508 0.6460 0.0000
vt 0.4358 0.0294 0.0000
vt 0.4253 0.0296 0.0000
vt 0.4263 0.0261 0.0000
vt 0.4363 0.0240 0.0000
vt 0.4272 0.0226 0.0000
vt 0.4368 0.0186 0.0000
vt 0.4463 0.0146 0.0000
vt 0.4464 0.0219 0.0000
vt 0.4464 0.0293 0.0000
vt 0.4360 0.0407 0.0000
vt 0.4470 0.0407 0.0000
vt 0.4476 0.0522 0.0000
vt 0.4362 0.0521 0.0000
vt 0.4251 0.0408 0.0000
vt 0.4248 0.0520 0.0000
vt 0.4365 0.0643 0.0000
vt 0.4481 0.0644 0.0000
vt 0.4485 0.0766 0.0000
vt 0.4367 0.0765 0.0000
vt 0.4249 0.0641 0.0000
vt 0.4249 0.0763 0.0000
vt 0.4371 0.0882 0.0000
vt 0.4491 0.0878 0.0000
vt 0.4496 0.0990 0.0000
vt 0.4375 0.1000 0.0000
vt 0.4251 0.0887 0.0000
vt 0.4253 0.1010 0.0000
vt 0.4379 0.1133 0.0000
vt 0.4502 0.1123 0.0000
vt 0.4508 0.1256 0.0000
vt 0.4383 0.1266 0.0000
vt 0.4255 0.1143 0.0000
vt 0.4258 0.1275 0.0000
vt 0.4521 0.1503 0.0000
vt 0.4534 0.1750 0.0000
vt 0.4371 0.1756 0.0000
vt 0.4377 0.1511 0.0000
vt 0.4233 0.1519 0.0000
vt 0.4208 0.1763 0.0000
vt 0.4538 0.1827 0.0000
vt 0.4542 0.1904 0.0000
vt 0.4315 0.1915 0.0000
vt 0.4343 0.1836 0.0000
vt 0.4088 0.1926 0.0000
vt 0.4148 0.1845 0.0000
vt 0.4321 0.1965 0.0000
vt 0.4543 0.1960 0.0000
vt 0.4545 0.2016 0.0000
vt 0.4328 0.2015 0.0000
vt 0.4111 0.2013 0.0000
vt 0.4099 0.1970 0.0000
vt 0.5048 0.0207 0.0000
vt 0.4854 0.0195 0.0000
vt 0.4855 0.0100 0.0000
vt 0.5050 0.0124 0.0000
vt 0.5243 0.0219 0.0000
vt 0.5244 0.0148 0.0000
vt 0.5046 0.0290 0.0000
vt 0.5241 0.0290 0.0000
vt 0.4852 0.0291 0.0000
vt 0.4850 0.0407 0.0000
vt 0.5043 0.0407 0.0000
vt 0.5236 0.0407 0.0000
vt 0.5039 0.0524 0.0000
vt 0.5231 0.0525 0.0000
vt 0.4848 0.0523 0.0000
vt 0.4845 0.0646 0.0000
vt 0.5035 0.0647 0.0000
vt 0.5226 0.0648 0.0000
vt 0.5031 0.0770 0.0000
vt 0.5220 0.0771 0.0000
vt 0.4842 0.0769 0.0000
vt 0.4841 0.0865 0.0000
vt 0.5029 0.0858 0.0000
vt 0.5217 0.0850 0.0000
vt 0.5026 0.0946 0.0000
vt 0.5213 0.0930 0.0000
vt 0.4839 0.0962 0.0000
vt 0.4836 0.1097 0.0000
vt 0.5021 0.1082 0.0000
vt 0.5207 0.1067 0.0000
vt 0.5201 0.1205 0.0000
vt 0.5017 0.1219 0.0000
vt 0.4833 0.1233 0.0000
vt 0.5009 0.1478 0.0000
vt 0.4828 0.1488 0.0000
vt 0.5189 0.1469 0.0000
vt 0.5178 0.1733 0.0000
vt 0.5001 0.1738 0.0000
vt 0.4824 0.1743 0.0000
vt 0.4998 0.1811 0.0000
vt 0.4823 0.1818 0.0000
vt 0.5174 0.1805 0.0000
vt 0.5171 0.1876 0.0000
vt 0.4996 0.1884 0.0000
vt 0.4821 0.1893 0.0000
vt 0.4993 0.1946 0.0000
vt 0.4819 0.1952 0.0000
vt 0.5167 0.1940 0.0000
vt 0.5164 0.2005 0.0000
vt 0.4990 0.2008 0.0000
vt 0.4816 0.2010 0.0000
vt 0.4659 0.0123 0.0000
vt 0.4658 0.0207 0.0000
vt 0.4658 0.0292 0.0000
vt 0.4660 0.0407 0.0000
vt 0.4662 0.0523 0.0000
vt 0.4663 0.0645 0.0000
vt 0.4664 0.0768 0.0000
vt 0.4666 0.0872 0.0000
vt 0.4668 0.0976 0.0000
vt 0.4669 0.1110 0.0000
vt 0.4671 0.1244 0.0000
vt 0.4675 0.1495 0.0000
vt 0.4679 0.1746 0.0000
vt 0.4680 0.1822 0.0000
vt 0.4681 0.1898 0.0000
vt 0.4681 0.1956 0.0000
vt 0.4680 0.2013 0.0000
vt 0.5358 0.0242 0.0000
vt 0.5352 0.0193 0.0000
vt 0.5461 0.0238 0.0000
vt 0.5473 0.0265 0.0000
vt 0.5363 0.0291 0.0000
vt 0.5485 0.0293 0.0000
vt 0.5361 0.0408 0.0000
vt 0.5486 0.0409 0.0000
vt 0.5359 0.0525 0.0000
vt 0.5487 0.0525 0.0000
vt 0.5355 0.0648 0.0000
vt 0.5484 0.0648 0.0000
vt 0.5350 0.0771 0.0000
vt 0.5481 0.0771 0.0000
vt 0.5347 0.0844 0.0000
vt 0.5477 0.0838 0.0000
vt 0.5343 0.0918 0.0000
vt 0.5474 0.0905 0.0000
vt 0.5339 0.1056 0.0000
vt 0.5470 0.1044 0.0000
vt 0.5467 0.1183 0.0000
vt 0.5334 0.1194 0.0000
vt 0.5332 0.1463 0.0000
vt 0.5476 0.1457 0.0000
vt 0.5485 0.1731 0.0000
vt 0.5331 0.1732 0.0000
vt 0.5358 0.1801 0.0000
vt 0.5542 0.1798 0.0000
vt 0.5600 0.1865 0.0000
vt 0.5385 0.1870 0.0000
vt 0.5383 0.1935 0.0000
vt 0.5600 0.1930 0.0000
vt 0.5599 0.1995 0.0000
vt 0.5382 0.2000 0.0000
vt 0.5617 0.2017 0.0000
vt 0.5390 0.2029 0.0000
vt 0.5163 0.2041 0.0000
vt 0.5389 0.2019 0.0000
vt 0.5164 0.2027 0.0000
vt 0.5613 0.2012 0.0000
vt 0.4988 0.2045 0.0000
vt 0.4814 0.2051 0.0000
vt 0.4990 0.2031 0.0000
vt 0.4816 0.2035 0.0000
vt 0.4679 0.2053 0.0000
vt 0.4543 0.2055 0.0000
vt 0.4545 0.2040 0.0000
vt 0.4680 0.2038 0.0000
vt 0.4319 0.2048 0.0000
vt 0.4094 0.2041 0.0000
vt 0.4099 0.2032 0.0000
vt 0.4322 0.2036 0.0000
vt 0.4078 0.1984 0.0000
vt 0.4071 0.1989 0.0000
vt 0.4062 0.1926 0.0000
vt 0.4052 0.1926 0.0000
vt 0.4072 0.1926 0.0000
vt 0.4085 0.1979 0.0000
vt 0.4108 0.1838 0.0000
vt 0.4119 0.1839 0.0000
vt 0.4164 0.1749 0.0000
vt 0.4176 0.1752 0.0000
vt 0.4130 0.1841 0.0000
vt 0.4188 0.1755 0.0000
vt 0.4189 0.1511 0.0000
vt 0.4202 0.1513 0.0000
vt 0.4215 0.1273 0.0000
vt 0.4227 0.1273 0.0000
vt 0.4213 0.1515 0.0000
vt 0.4239 0.1274 0.0000
vt 0.4213 0.1141 0.0000
vt 0.4225 0.1142 0.0000
vt 0.4223 0.1010 0.0000
vt 0.4211 0.1010 0.0000
vt 0.4235 0.1010 0.0000
vt 0.4237 0.1142 0.0000
vt 0.4221 0.0887 0.0000
vt 0.4209 0.0887 0.0000
vt 0.4219 0.0763 0.0000
vt 0.4207 0.0763 0.0000
vt 0.4231 0.0763 0.0000
vt 0.4233 0.0887 0.0000
vt 0.4219 0.0641 0.0000
vt 0.4207 0.0641 0.0000
vt 0.4218 0.0519 0.0000
vt 0.4206 0.0518 0.0000
vt 0.4230 0.0519 0.0000
vt 0.4230 0.0641 0.0000
vt 0.4221 0.0404 0.0000
vt 0.4209 0.0403 0.0000
vt 0.4224 0.0290 0.0000
vt 0.4212 0.0288 0.0000
vt 0.4236 0.0292 0.0000
vt 0.4233 0.0406 0.0000
vt 0.4237 0.0249 0.0000
vt 0.4227 0.0245 0.0000
vt 0.4242 0.0202 0.0000
vt 0.4251 0.0208 0.0000
vt 0.4247 0.0253 0.0000
vt 0.4259 0.0214 0.0000
vt 0.4346 0.0154 0.0000
vt 0.4352 0.0163 0.0000
vt 0.4450 0.0107 0.0000
vt 0.4454 0.0117 0.0000
vt 0.4359 0.0171 0.0000
vt 0.4459 0.0128 0.0000
vt 0.4651 0.0082 0.0000
vt 0.4654 0.0093 0.0000
vt 0.4853 0.0058 0.0000
vt 0.4854 0.0069 0.0000
vt 0.4657 0.0105 0.0000
vt 0.4856 0.0081 0.0000
vt 0.5052 0.0094 0.0000
vt 0.5053 0.0082 0.0000
vt 0.5251 0.0119 0.0000
vt 0.5253 0.0107 0.0000
vt 0.5249 0.0130 0.0000
vt 0.5052 0.0106 0.0000
vt 0.5365 0.0168 0.0000
vt 0.5369 0.0158 0.0000
vt 0.5479 0.0217 0.0000
vt 0.5485 0.0208 0.0000
vt 0.5473 0.0225 0.0000
vt 0.5361 0.0178 0.0000
vt 0.5496 0.0250 0.0000
vt 0.5504 0.0245 0.0000
vt 0.5513 0.0284 0.0000
vt 0.5523 0.0281 0.0000
vt 0.5502 0.0288 0.0000
vt 0.5487 0.0257 0.0000
vt 0.5526 0.0402 0.0000
vt 0.5515 0.0404 0.0000
vt 0.5530 0.0523 0.0000
vt 0.5518 0.0524 0.0000
vt 0.5504 0.0406 0.0000
vt 0.5506 0.0524 0.0000
vt 0.5526 0.0647 0.0000
vt 0.5514 0.0647 0.0000
vt 0.5523 0.0771 0.0000
vt 0.5511 0.0771 0.0000
vt 0.5502 0.0647 0.0000
vt 0.5499 0.0771 0.0000
vt 0.5519 0.0838 0.0000
vt 0.5508 0.0838 0.0000
vt 0.5516 0.0905 0.0000
vt 0.5504 0.0905 0.0000
vt 0.5496 0.0838 0.0000
vt 0.5492 0.0905 0.0000
vt 0.5513 0.1043 0.0000
vt 0.5501 0.1043 0.0000
vt 0.5509 0.1181 0.0000
vt 0.5497 0.1181 0.0000
vt 0.5489 0.1043 0.0000
vt 0.5485 0.1182 0.0000
vt 0.5506 0.1450 0.0000
vt 0.5518 0.1448 0.0000
vt 0.5515 0.1719 0.0000
vt 0.5526 0.1715 0.0000
vt 0.5505 0.1724 0.0000
vt 0.5495 0.1452 0.0000
vt 0.5571 0.1789 0.0000
vt 0.5581 0.1786 0.0000
vt 0.5626 0.1858 0.0000
vt 0.5636 0.1856 0.0000
vt 0.5616 0.1861 0.0000
vt 0.5560 0.1792 0.0000
vt 0.5628 0.1940 0.0000
vt 0.5622 0.1938 0.0000
vt 0.5615 0.1936 0.0000
vt 0.5606 0.2004 0.0000
vt 0.5385 0.2010 0.0000
vt 0.5164 0.2016 0.0000
vt 0.4990 0.2019 0.0000
vt 0.4816 0.2023 0.0000
vt 0.4680 0.2025 0.0000
vt 0.4545 0.2028 0.0000
vt 0.4325 0.2025 0.0000
vt 0.4105 0.2022 0.0000
vt 0.4092 0.1974 0.0000
vt 0.4080 0.1926 0.0000
vt 0.4139 0.1843 0.0000
vt 0.4198 0.1759 0.0000
vt 0.4223 0.1517 0.0000
vt 0.4248 0.1275 0.0000
vt 0.4246 0.1142 0.0000
vt 0.4244 0.1010 0.0000
vt 0.4242 0.0887 0.0000
vt 0.4240 0.0763 0.0000
vt 0.4240 0.0641 0.0000
vt 0.4239 0.0519 0.0000
vt 0.4242 0.0407 0.0000
vt 0.4244 0.0294 0.0000
vt 0.4255 0.0257 0.0000
vt 0.4266 0.0220 0.0000
vt 0.4363 0.0179 0.0000
vt 0.4461 0.0137 0.0000
vt 0.4658 0.0114 0.0000
vt 0.4855 0.0091 0.0000
vt 0.5051 0.0115 0.0000
vt 0.5247 0.0139 0.0000
vt 0.5357 0.0185 0.0000
vt 0.5467 0.0231 0.0000
vt 0.5480 0.0261 0.0000
vt 0.5494 0.0290 0.0000
vt 0.5495 0.0408 0.0000
vt 0.5496 0.0525 0.0000
vt 0.5493 0.0648 0.0000
vt 0.5490 0.0771 0.0000
vt 0.5487 0.0838 0.0000
vt 0.5483 0.0905 0.0000
vt 0.5480 0.1044 0.0000
vt 0.5476 0.1182 0.0000
vt 0.5486 0.1455 0.0000
vt 0.5495 0.1727 0.0000
vt 0.5551 0.1795 0.0000
vt 0.5608 0.1863 0.0000
vt 0.5607 0.1933 0.0000
# 4651 texture coords

g Diadumenos_Bust_model
usemtl diadumenos_bust
s 1
f 1/1/1 2/2/2 3/3/3 4/4/4 
f 5/5/5 1/1/1 4/4/4 6/6/6 
f 7/7/7 8/8/8 1/1/1 5/5/5 
f 8/8/8 9/9/9 2/2/2 1/1/1 
f 10/10/10 11/11/11 12/12/12 13/13/13 
f 14/14/14 10/10/10 13/13/13 15/15/15 
f 16/16/16 17/17/17 10/10/10 14/14/14 
f 17/17/17 18/18/18 11/11/11 10/10/10 
f 19/19/19 20/20/20 18/18/18 17/17/17 
f 21/21/21 19/19/19 17/17/17 16/16/16 
f 22/22/22 19/19/19 21/21/21 23/23/23 
f 24/24/24 20/20/20 19/19/19 22/22/22 
f 25/25/25 26/26/26 27/27/27 28/28/28 
f 29/29/29 25/25/25 28/28/28 30/30/30 
f 31/31/31 32/32/32 25/25/25 29/29/29 
f 33/33/33 26/26/26 25/25/25 32/32/32 
f 34/34/34 35/35/35 36/36/36 37/37/37 
f 32/32/32 34/34/34 37/37/37 33/33/33 
f 38/38/38 34/34/34 32/32/32 31/31/31 
f 38/38/38 39/39/39 35/35/35 34/34/34 
f 40/40/40 41/41/41 6/6/6 42/42/42 
f 40/40/40 42/42/42 36/36/36 35/35/35 
f 39/39/39 43/43/43 40/40/40 35/35/35 
f 43/43/43 44/44/44 41/41/41 40/40/40 
f 45/45/45 46/46/46 7/7/7 5/5/5 
f 41/41/41 45/45/45 5/5/5 6/6/6 
f 44/44/44 47/47/47 45/45/45 41/41/41 
f 47/47/47 48/48/48 46/46/46 45/45/45 
f 49/49/49 50/50/50 15/15/15 13/13/13 
f 51/51/51 49/49/49 13/13/13 12/12/12 
f 52/52/52 53/53/53 49/49/49 51/51/51 
f 53/53/53 54/54/54 50/50/50 49/49/49 
f 55/55/55 56/56/56 54/54/54 53/53/53 
f 57/57/57 55/55/55 53/53/53 52/52/52 
f 58/58/58 59/59/59 55/55/55 57/57/57 
f 59/59/59 60/60/60 56/56/56 55/55/55 
f 61/61/61 62/62/62 60/60/60 59/59/59 
f 63/63/63 61/61/61 59/59/59 58/58/58 
f 64/64/64 65/65/65 61/61/61 63/63/63 
f 65/65/65 66/66/66 62/62/62 61/61/61 
f 67/67/67 7/7/7 46/46/46 68/68/68 
f 68/68/68 46/46/46 48/48/48 69/69/69 
f 66/66/66 65/65/65 68/68/68 69/69/69 
f 65/65/65 64/64/64 67/67/67 68/68/68 
f 70/70/70 71/71/71 72/72/72 73/73/73 
f 73/73/73 72/72/72 74/74/74 75/75/75 
f 39/39/39 38/38/38 73/73/73 75/75/75 
f 38/38/38 31/31/31 70/70/70 73/73/73 
f 76/76/76 77/77/77 71/71/71 70/70/70 
f 29/29/29 76/76/76 70/70/70 31/31/31 
f 30/30/30 78/78/78 76/76/76 29/29/29 
f 78/78/78 79/79/79 77/77/77 76/76/76 
f 80/80/80 81/81/81 79/79/79 78/78/78 
f 82/82/82 80/80/80 78/78/78 30/30/30 
f 83/83/83 84/84/84 80/80/80 82/82/82 
f 84/84/84 85/85/85 81/81/81 80/80/80 
f 43/43/43 39/39/39 75/75/75 86/86/86 
f 87/87/87 86/86/86 75/75/75 74/74/74 
f 88/88/88 89/89/89 86/86/86 87/87/87 
f 44/44/44 43/43/43 86/86/86 89/89/89 
f 90/90/90 9/9/9 8/8/8 91/91/91 
f 67/67/67 91/91/91 8/8/8 7/7/7 
f 64/64/64 92/92/92 91/91/91 67/67/67 
f 93/93/93 90/90/90 91/91/91 92/92/92 
f 94/94/94 63/63/63 58/58/58 95/95/95 
f 96/96/96 94/94/94 95/95/95 97/97/97 
f 92/92/92 94/94/94 96/96/96 93/93/93 
f 92/92/92 64/64/64 63/63/63 94/94/94 
f 98/98/98 11/11/11 18/18/18 99/99/99 
f 100/100/100 98/98/98 99/99/99 101/101/101 
f 102/102/102 103/103/103 98/98/98 100/100/100 
f 103/103/103 12/12/12 11/11/11 98/98/98 
f 104/104/104 105/105/105 106/106/106 107/107/107 
f 108/108/108 104/104/104 107/107/107 109/109/109 
f 33/33/33 37/37/37 104/104/104 108/108/108 
f 37/37/37 36/36/36 105/105/105 104/104/104 
f 110/110/110 111/111/111 112/112/112 113/113/113 
f 114/114/114 110/110/110 113/113/113 115/115/115 
f 109/109/109 107/107/107 110/110/110 114/114/114 
f 107/107/107 106/106/106 111/111/111 110/110/110 
f 116/116/116 100/100/100 101/101/101 117/117/117 
f 116/116/116 117/117/117 115/115/115 113/113/113 
f 112/112/112 118/118/118 116/116/116 113/113/113 
f 118/118/118 102/102/102 100/100/100 116/116/116 
f 119/119/119 120/120/120 106/106/106 105/105/105 
f 42/42/42 119/119/119 105/105/105 36/36/36 
f 6/6/6 4/4/4 119/119/119 42/42/42 
f 4/4/4 3/3/3 120/120/120 119/119/119 
f 121/121/121 2/2/2 9/9/9 90/90/90 
f 122/122/122 121/121/121 90/90/90 93/93/93 
f 123/123/123 124/124/124 121/121/121 122/122/122 
f 124/124/124 3/3/3 2/2/2 121/121/121 
f 125/125/125 123/123/123 122/122/122 126/126/126 
f 126/126/126 122/122/122 93/93/93 96/96/96 
f 97/97/97 127/127/127 126/126/126 96/96/96 
f 128/128/128 125/125/125 126/126/126 127/127/127 
f 129/129/129 127/127/127 97/97/97 95/95/95 
f 57/57/57 129/129/129 95/95/95 58/58/58 
f 52/52/52 130/130/130 129/129/129 57/57/57 
f 130/130/130 128/128/128 127/127/127 129/129/129 
f 131/131/131 51/51/51 12/12/12 103/103/103 
f 132/132/132 131/131/131 103/103/103 102/102/102 
f 128/128/128 130/130/130 131/131/131 132/132/132 
f 130/130/130 52/52/52 51/51/51 131/131/131 
f 133/133/133 132/132/132 102/102/102 118/118/118 
f 134/134/134 133/133/133 118/118/118 112/112/112 
f 123/123/123 125/125/125 133/133/133 134/134/134 
f 125/125/125 128/128/128 132/132/132 133/133/133 
f 135/135/135 134/134/134 112/112/112 111/111/111 
f 120/120/120 135/135/135 111/111/111 106/106/106 
f 3/3/3 124/124/124 135/135/135 120/120/120 
f 124/124/124 123/123/123 134/134/134 135/135/135 
f 26/26/26 33/33/33 108/108/108 136/136/136 
f 136/136/136 108/108/108 109/109/109 137/137/137 
f 138/138/138 139/139/139 136/136/136 137/137/137 
f 27/27/27 26/26/26 136/136/136 139/139/139 
f 140/140/140 141/141/141 142/142/142 143/143/143 
f 117/117/117 140/140/140 143/143/143 115/115/115 
f 101/101/101 144/144/144 140/140/140 117/117/117 
f 144/144/144 145/145/145 141/141/141 140/140/140 
f 146/146/146 144/144/144 101/101/101 99/99/99 
f 20/20/20 146/146/146 99/99/99 18/18/18 
f 24/24/24 147/147/147 146/146/146 20/20/20 
f 145/145/145 144/144/144 146/146/146 147/147/147 
f 148/148/148 82/82/82 30/30/30 28/28/28 
f 149/149/149 148/148/148 28/28/28 27/27/27 
f 150/150/150 151/151/151 148/148/148 149/149/149 
f 151/151/151 83/83/83 82/82/82 148/148/148 
f 152/152/152 153/153/153 83/83/83 151/151/151 
f 154/154/154 152/152/152 151/151/151 150/150/150 
f 155/155/155 156/156/156 152/152/152 154/154/154 
f 156/156/156 157/157/157 153/153/153 152/152/152 
f 158/158/158 159/159/159 160/160/160 161/161/161 
f 147/147/147 158/158/158 161/161/161 145/145/145 
f 162/162/162 158/158/158 147/147/147 24/24/24 
f 155/155/155 159/159/159 158/158/158 162/162/162 
f 163/163/163 162/162/162 24/24/24 22/22/22 
f 163/163/163 22/22/22 23/23/23 164/164/164 
f 157/157/157 156/156/156 163/163/163 164/164/164 
f 156/156/156 155/155/155 162/162/162 163/163/163 
f 165/165/165 166/166/166 138/138/138 137/137/137 
f 114/114/114 165/165/165 137/137/137 109/109/109 
f 115/115/115 143/143/143 165/165/165 114/114/114 
f 143/143/143 142/142/142 166/166/166 165/165/165 
f 167/167/167 168/168/168 169/169/169 170/170/170 
f 170/170/170 169/169/169 138/138/138 166/166/166 
f 142/142/142 167/167/167 170/170/170 166/166/166 
f 171/171/171 141/141/141 145/145/145 161/161/161 
f 171/171/171 161/161/161 160/160/160 172/172/172 
f 168/168/168 167/167/167 171/171/171 172/172/172 
f 167/167/167 142/142/142 141/141/141 171/171/171 
f 173/173/173 149/149/149 27/27/27 139/139/139 
f 169/169/169 173/173/173 139/139/139 138/138/138 
f 168/168/168 174/174/174 173/173/173 169/169/169 
f 174/174/174 150/150/150 149/149/149 173/173/173 
f 175/175/175 172/172/172 160/160/160 159/159/159 
f 154/154/154 175/175/175 159/159/159 155/155/155 
f 150/150/150 174/174/174 175/175/175 154/154/154 
f 174/174/174 168/168/168 172/172/172 175/175/175 
f 176/176/176 177/177/177 85/85/85 84/84/84 
f 153/153/153 176/176/176 84/84/84 83/83/83 
f 157/157/157 178/178/178 176/176/176 153/153/153 
f 178/178/178 179/179/179 177/177/177 176/176/176 
f 180/180/180 14/14/14 15/15/15 181/181/181 
f 182/182/182 180/180/180 181/181/181 183/183/183 
f 184/184/184 180/180/180 182/182/182 185/185/185 
f 184/184/184 16/16/16 14/14/14 180/180/180 
f 186/186/186 187/187/187 179/179/179 178/178/178 
f 164/164/164 186/186/186 178/178/178 157/157/157 
f 188/188/188 186/186/186 164/164/164 23/23/23 
f 189/189/189 187/187/187 186/186/186 188/188/188 
f 190/190/190 188/188/188 23/23/23 21/21/21 
f 190/190/190 21/21/21 16/16/16 184/184/184 
f 185/185/185 191/191/191 190/190/190 184/184/184 
f 191/191/191 189/189/189 188/188/188 190/190/190 
f 192/192/192 193/193/193 194/194/194 195/195/195 
f 69/69/69 192/192/192 195/195/195 66/66/66 
f 48/48/48 196/196/196 192/192/192 69/69/69 
f 196/196/196 197/197/197 193/193/193 192/192/192 
f 198/198/198 196/196/196 48/48/48 47/47/47 
f 89/89/89 198/198/198 47/47/47 44/44/44 
f 199/199/199 198/198/198 89/89/89 88/88/88 
f 197/197/197 196/196/196 198/198/198 199/199/199 
f 200/200/200 201/201/201 202/202/202 203/203/203 
f 200/200/200 203/203/203 194/194/194 193/193/193 
f 193/193/193 197/197/197 201/201/201 200/200/200 
f 204/204/204 205/205/205 206/206/206 207/207/207 
f 208/208/208 204/204/204 207/207/207 209/209/209 
f 210/210/210 211/211/211 204/204/204 208/208/208 
f 211/211/211 212/212/212 205/205/205 204/204/204 
f 213/213/213 214/214/214 215/215/215 216/216/216 
f 217/217/217 213/213/213 216/216/216 218/218/218 
f 219/219/219 220/220/220 213/213/213 217/217/217 
f 220/220/220 221/221/221 214/214/214 213/213/213 
f 222/222/222 223/223/223 224/224/224 225/225/225 
f 226/226/226 222/222/222 225/225/225 227/227/227 
f 228/228/228 229/229/229 222/222/222 226/226/226 
f 229/229/229 230/230/230 223/223/223 222/222/222 
f 231/231/231 232/232/232 233/233/233 234/234/234 
f 234/234/234 233/233/233 235/235/235 236/236/236 
f 237/237/237 234/234/234 236/236/236 238/238/238 
f 239/239/239 231/231/231 234/234/234 237/237/237 
f 240/240/240 241/241/241 242/242/242 243/243/243 
f 240/240/240 243/243/243 244/244/244 245/245/245 
f 232/232/232 231/231/231 240/240/240 245/245/245 
f 231/231/231 239/239/239 241/241/241 240/240/240 
f 246/246/246 226/226/226 227/227/227 247/247/247 
f 243/243/243 246/246/246 247/247/247 244/244/244 
f 248/248/248 246/246/246 243/243/243 242/242/242 
f 228/228/228 226/226/226 246/246/246 248/248/248 
f 249/249/249 250/250/250 239/239/239 237/237/237 
f 249/249/249 237/237/237 238/238/238 251/251/251 
f 252/252/252 249/249/249 251/251/251 253/253/253 
f 254/254/254 250/250/250 249/249/249 252/252/252 
f 255/255/255 256/256/256 221/221/221 220/220/220 
f 255/255/255 220/220/220 219/219/219 257/257/257 
f 252/252/252 255/255/255 257/257/257 254/254/254 
f 253/253/253 256/256/256 255/255/255 252/252/252 
f 258/258/258 259/259/259 260/260/260 261/261/261 
f 217/217/217 258/258/258 261/261/261 219/219/219 
f 218/218/218 262/262/262 258/258/258 217/217/217 
f 262/262/262 263/263/263 259/259/259 258/258/258 
f 264/264/264 262/262/262 218/218/218 216/216/216 
f 265/265/265 264/264/264 216/216/216 215/215/215 
f 266/266/266 267/267/267 264/264/264 265/265/265 
f 267/267/267 263/263/263 262/262/262 264/264/264 
f 268/268/268 269/269/269 230/230/230 229/229/229 
f 270/270/270 268/268/268 229/229/229 228/228/228 
f 263/263/263 267/267/267 268/268/268 270/270/270 
f 267/267/267 266/266/266 269/269/269 268/268/268 
f 271/271/271 259/259/259 263/263/263 270/270/270 
f 248/248/248 271/271/271 270/270/270 228/228/228 
f 242/242/242 272/272/272 271/271/271 248/248/248 
f 272/272/272 260/260/260 259/259/259 271/271/271 
f 273/273/273 274/274/274 260/260/260 272/272/272 
f 241/241/241 273/273/273 272/272/272 242/242/242 
f 239/239/239 250/250/250 273/273/273 241/241/241 
f 250/250/250 254/254/254 274/274/274 273/273/273 
f 275/275/275 274/274/274 254/254/254 257/257/257 
f 275/275/275 257/257/257 219/219/219 261/261/261 
f 261/261/261 260/260/260 274/274/274 275/275/275 
f 276/276/276 277/277/277 278/278/278 279/279/279 
f 205/205/205 276/276/276 279/279/279 206/206/206 
f 212/212/212 280/280/280 276/276/276 205/205/205 
f 280/280/280 281/281/281 277/277/277 276/276/276 
f 282/282/282 277/277/277 281/281/281 283/283/283 
f 233/233/233 282/282/282 283/283/283 235/235/235 
f 232/232/232 284/284/284 282/282/282 233/233/233 
f 284/284/284 278/278/278 277/277/277 282/282/282 
f 285/285/285 286/286/286 227/227/227 225/225/225 
f 287/287/287 285/285/285 225/225/225 224/224/224 
f 288/288/288 289/289/289 285/285/285 287/287/287 
f 289/289/289 290/290/290 286/286/286 285/285/285 
f 291/291/291 292/292/292 244/244/244 247/247/247 
f 286/286/286 291/291/291 247/247/247 227/227/227 
f 290/290/290 293/293/293 291/291/291 286/286/286 
f 293/293/293 294/294/294 292/292/292 291/291/291 
f 295/295/295 296/296/296 209/209/209 207/207/207 
f 297/297/297 295/295/295 207/207/207 206/206/206 
f 294/294/294 293/293/293 295/295/295 297/297/297 
f 293/293/293 290/290/290 296/296/296 295/295/295 
f 298/298/298 289/289/289 288/288/288 299/299/299 
f 208/208/208 298/298/298 299/299/299 210/210/210 
f 209/209/209 296/296/296 298/298/298 208/208/208 
f 290/290/290 289/289/289 298/298/298 296/296/296 
f 300/300/300 294/294/294 297/297/297 301/301/301 
f 301/301/301 297/297/297 206/206/206 279/279/279 
f 278/278/278 300/300/300 301/301/301 279/279/279 
f 302/302/302 284/284/284 232/232/232 245/245/245 
f 292/292/292 302/302/302 245/245/245 244/244/244 
f 294/294/294 300/300/300 302/302/302 292/292/292 
f 300/300/300 278/278/278 284/284/284 302/302/302 
f 303/303/303 223/223/223 230/230/230 304/304/304 
f 305/305/305 303/303/303 304/304/304 306/306/306 
f 307/307/307 308/308/308 303/303/303 305/305/305 
f 308/308/308 224/224/224 223/223/223 303/303/303 
f 309/309/309 288/288/288 287/287/287 310/310/310 
f 310/310/310 287/287/287 224/224/224 308/308/308 
f 307/307/307 311/311/311 310/310/310 308/308/308 
f 311/311/311 312/312/312 309/309/309 310/310/310 
f 313/313/313 314/314/314 306/306/306 304/304/304 
f 313/313/313 304/304/304 230/230/230 269/269/269 
f 315/315/315 313/313/313 269/269/269 266/266/266 
f 315/315/315 316/316/316 314/314/314 313/313/313 
f 317/317/317 318/318/318 319/319/319 320/320/320 
f 320/320/320 319/319/319 316/316/316 315/315/315 
f 266/266/266 265/265/265 320/320/320 315/315/315 
f 265/265/265 215/215/215 317/317/317 320/320/320 
f 321/321/321 322/322/322 323/323/323 324/324/324 
f 324/324/324 323/323/323 318/318/318 317/317/317 
f 215/215/215 321/321/321 324/324/324 317/317/317 
f 325/325/325 326/326/326 322/322/322 321/321/321 
f 214/214/214 325/325/325 321/321/321 215/215/215 
f 221/221/221 327/327/327 325/325/325 214/214/214 
f 327/327/327 328/328/328 326/326/326 325/325/325 
f 329/329/329 330/330/330 328/328/328 327/327/327 
f 256/256/256 329/329/329 327/327/327 221/221/221 
f 331/331/331 329/329/329 256/256/256 253/253/253 
f 331/331/331 332/332/332 330/330/330 329/329/329 
f 333/333/333 334/334/334 335/335/335 336/336/336 
f 331/331/331 333/333/333 336/336/336 332/332/332 
f 253/253/253 251/251/251 333/333/333 331/331/331 
f 251/251/251 238/238/238 334/334/334 333/333/333 
f 337/337/337 338/338/338 339/339/339 340/340/340 
f 334/334/334 337/337/337 340/340/340 335/335/335 
f 238/238/238 236/236/236 337/337/337 334/334/334 
f 236/236/236 235/235/235 338/338/338 337/337/337 
f 341/341/341 342/342/342 343/343/343 344/344/344 
f 338/338/338 344/344/344 343/343/343 339/339/339 
f 235/235/235 283/283/283 344/344/344 338/338/338 
f 283/283/283 281/281/281 341/341/341 344/344/344 
f 345/345/345 346/346/346 347/347/347 348/348/348 
f 348/348/348 347/347/347 342/342/342 341/341/341 
f 281/281/281 280/280/280 348/348/348 341/341/341 
f 280/280/280 212/212/212 345/345/345 348/348/348 
f 349/349/349 350/350/350 351/351/351 352/352/352 
f 345/345/345 349/349/349 352/352/352 346/346/346 
f 212/212/212 211/211/211 349/349/349 345/345/345 
f 211/211/211 210/210/210 350/350/350 349/349/349 
f 353/353/353 350/350/350 210/210/210 299/299/299 
f 309/309/309 353/353/353 299/299/299 288/288/288 
f 312/312/312 354/354/354 353/353/353 309/309/309 
f 354/354/354 351/351/351 350/350/350 353/353/353 
f 355/355/355 356/356/356 357/357/357 358/358/358 
f 359/359/359 355/355/355 358/358/358 360/360/360 
f 312/312/312 311/311/311 355/355/355 359/359/359 
f 311/311/311 307/307/307 356/356/356 355/355/355 
f 361/361/361 362/362/362 357/357/357 356/356/356 
f 305/305/305 361/361/361 356/356/356 307/307/307 
f 306/306/306 363/363/363 361/361/361 305/305/305 
f 363/363/363 364/364/364 362/362/362 361/361/361 
f 365/365/365 319/319/319 318/318/318 366/366/366 
f 367/367/367 365/365/365 366/366/366 368/368/368 
f 369/369/369 370/370/370 365/365/365 367/367/367 
f 370/370/370 316/316/316 319/319/319 365/365/365 
f 371/371/371 372/372/372 364/364/364 363/363/363 
f 314/314/314 371/371/371 363/363/363 306/306/306 
f 316/316/316 370/370/370 371/371/371 314/314/314 
f 370/370/370 369/369/369 372/372/372 371/371/371 
f 373/373/373 369/369/369 367/367/367 374/374/374 
f 374/374/374 367/367/367 368/368/368 375/375/375 
f 376/376/376 373/373/373 374/374/374 375/375/375 
f 377/377/377 378/378/378 368/368/368 366/366/366 
f 323/323/323 377/377/377 366/366/366 318/318/318 
f 322/322/322 379/379/379 377/377/377 323/323/323 
f 379/379/379 380/380/380 378/378/378 377/377/377 
f 381/381/381 382/382/382 376/376/376 375/375/375 
f 378/378/378 381/381/381 375/375/375 368/368/368 
f 380/380/380 383/383/383 381/381/381 378/378/378 
f 383/383/383 384/384/384 382/382/382 381/381/381 
f 385/385/385 386/386/386 380/380/380 379/379/379 
f 326/326/326 385/385/385 379/379/379 322/322/322 
f 328/328/328 387/387/387 385/385/385 326/326/326 
f 387/387/387 388/388/388 386/386/386 385/385/385 
f 389/389/389 390/390/390 388/388/388 387/387/387 
f 330/330/330 389/389/389 387/387/387 328/328/328 
f 391/391/391 389/389/389 330/330/330 332/332/332 
f 392/392/392 390/390/390 389/389/389 391/391/391 
f 393/393/393 394/394/394 395/395/395 396/396/396 
f 391/391/391 393/393/393 396/396/396 392/392/392 
f 332/332/332 336/336/336 393/393/393 391/391/391 
f 336/336/336 335/335/335 394/394/394 393/393/393 
f 397/397/397 398/398/398 399/399/399 400/400/400 
f 394/394/394 400/400/400 399/399/399 395/395/395 
f 335/335/335 340/340/340 400/400/400 394/394/394 
f 340/340/340 339/339/339 397/397/397 400/400/400 
f 401/401/401 402/402/402 398/398/398 397/397/397 
f 401/401/401 397/397/397 339/339/339 343/343/343 
f 342/342/342 403/403/403 401/401/401 343/343/343 
f 403/403/403 404/404/404 402/402/402 401/401/401 
f 405/405/405 406/406/406 404/404/404 403/403/403 
f 347/347/347 405/405/405 403/403/403 342/342/342 
f 346/346/346 407/407/407 405/405/405 347/347/347 
f 407/407/407 408/408/408 406/406/406 405/405/405 
f 409/409/409 410/410/410 384/384/384 383/383/383 
f 386/386/386 409/409/409 383/383/383 380/380/380 
f 388/388/388 411/411/411 409/409/409 386/386/386 
f 411/411/411 412/412/412 410/410/410 409/409/409 
f 413/413/413 414/414/414 415/415/415 416/416/416 
f 417/417/417 413/413/413 416/416/416 418/418/418 
f 419/419/419 420/420/420 413/413/413 417/417/417 
f 420/420/420 421/421/421 414/414/414 413/413/413 
f 422/422/422 423/423/423 424/424/424 425/425/425 
f 422/422/422 425/425/425 426/426/426 427/427/427 
f 427/427/427 428/428/428 423/423/423 422/422/422 
f 429/429/429 430/430/430 421/421/421 420/420/420 
f 431/431/431 429/429/429 420/420/420 419/419/419 
f 432/432/432 433/433/433 429/429/429 431/431/431 
f 433/433/433 428/428/428 430/430/430 429/429/429 
f 434/434/434 435/435/435 436/436/436 437/437/437 
f 438/438/438 434/434/434 437/437/437 439/439/439 
f 440/440/440 441/441/441 434/434/434 438/438/438 
f 441/441/441 442/442/442 435/435/435 434/434/434 
f 443/443/443 444/444/444 445/445/445 446/446/446 
f 447/447/447 443/443/443 446/446/446 448/448/448 
f 449/449/449 450/450/450 443/443/443 447/447/447 
f 450/450/450 451/451/451 444/444/444 443/443/443 
f 452/452/452 444/444/444 451/451/451 453/453/453 
f 438/438/438 452/452/452 453/453/453 440/440/440 
f 439/439/439 454/454/454 452/452/452 438/438/438 
f 454/454/454 445/445/445 444/444/444 452/452/452 
f 455/455/455 456/456/456 440/440/440 453/453/453 
f 455/455/455 453/453/453 451/451/451 457/457/457 
f 458/458/458 456/456/456 455/455/455 457/457/457 
f 459/459/459 460/460/460 461/461/461 462/462/462 
f 435/435/435 459/459/459 462/462/462 436/436/436 
f 442/442/442 463/463/463 459/459/459 435/435/435 
f 463/463/463 464/464/464 460/460/460 459/459/459 
f 465/465/465 441/441/441 440/440/440 456/456/456 
f 466/466/466 465/465/465 456/456/456 458/458/458 
f 466/466/466 442/442/442 441/441/441 465/465/465 
f 467/467/467 458/458/458 457/457/457 468/468/468 
f 468/468/468 457/457/457 451/451/451 450/450/450 
f 449/449/449 469/469/469 468/468/468 450/450/450 
f 469/469/469 470/470/470 467/467/467 468/468/468 
f 471/471/471 472/472/472 473/473/473 474/474/474 
f 474/474/474 473/473/473 475/475/475 476/476/476 
f 470/470/470 471/471/471 474/474/474 476/476/476 
f 477/477/477 478/478/478 464/464/464 463/463/463 
f 479/479/479 477/477/477 463/463/463 442/442/442 
f 480/480/480 481/481/481 477/477/477 479/479/479 
f 481/481/481 482/482/482 478/478/478 477/477/477 
f 483/483/483 484/484/484 485/485/485 486/486/486 
f 487/487/487 483/483/483 486/486/486 488/488/488 
f 415/415/415 414/414/414 483/483/483 487/487/487 
f 421/421/421 484/484/484 483/483/483 414/414/414 
f 489/489/489 490/490/490 485/485/485 484/484/484 
f 430/430/430 489/489/489 484/484/484 421/421/421 
f 428/428/428 427/427/427 489/489/489 430/430/430 
f 427/427/427 426/426/426 490/490/490 489/489/489 
f 425/425/425 424/424/424 491/491/491 492/492/492 
f 492/492/492 491/491/491 461/461/461 460/460/460 
f 493/493/493 492/492/492 460/460/460 464/464/464 
f 426/426/426 425/425/425 492/492/492 493/493/493 
f 494/494/494 493/493/493 464/464/464 478/478/478 
f 494/494/494 478/478/478 482/482/482 495/495/495 
f 496/496/496 497/497/497 494/494/494 495/495/495 
f 497/497/497 426/426/426 493/493/493 494/494/494 
f 498/498/498 499/499/499 485/485/485 490/490/490 
f 498/498/498 490/490/490 426/426/426 497/497/497 
f 500/500/500 498/498/498 497/497/497 496/496/496 
f 500/500/500 501/501/501 499/499/499 498/498/498 
f 502/502/502 499/499/499 501/501/501 503/503/503 
f 504/504/504 502/502/502 503/503/503 505/505/505 
f 488/488/488 486/486/486 502/502/502 504/504/504 
f 486/486/486 485/485/485 499/499/499 502/502/502 
f 506/506/506 507/507/507 508/508/508 509/509/509 
f 479/479/479 506/506/506 509/509/509 480/480/480 
f 442/442/442 466/466/466 506/506/506 479/479/479 
f 466/466/466 458/458/458 507/507/507 506/506/506 
f 510/510/510 507/507/507 458/458/458 467/467/467 
f 476/476/476 510/510/510 467/467/467 470/470/470 
f 475/475/475 511/511/511 510/510/510 476/476/476 
f 511/511/511 508/508/508 507/507/507 510/510/510 
f 512/512/512 513/513/513 496/496/496 495/495/495 
f 514/514/514 512/512/512 495/495/495 482/482/482 
f 515/515/515 516/516/516 512/512/512 514/514/514 
f 516/516/516 517/517/517 513/513/513 512/512/512 
f 518/518/518 519/519/519 517/517/517 516/516/516 
f 520/520/520 518/518/518 516/516/516 515/515/515 
f 521/521/521 522/522/522 518/518/518 520/520/520 
f 522/522/522 523/523/523 519/519/519 518/518/518 
f 524/524/524 525/525/525 480/480/480 509/509/509 
f 526/526/526 524/524/524 509/509/509 508/508/508 
f 527/527/527 524/524/524 526/526/526 528/528/528 
f 529/529/529 525/525/525 524/524/524 527/527/527 
f 530/530/530 531/531/531 515/515/515 514/514/514 
f 530/530/530 514/514/514 482/482/482 481/481/481 
f 480/480/480 525/525/525 530/530/530 481/481/481 
f 525/525/525 529/529/529 531/531/531 530/530/530 
f 532/532/532 533/533/533 521/521/521 520/520/520 
f 531/531/531 532/532/532 520/520/520 515/515/515 
f 529/529/529 534/534/534 532/532/532 531/531/531 
f 534/534/534 535/535/535 533/533/533 532/532/532 
f 536/536/536 537/537/537 538/538/538 539/539/539 
f 410/410/410 536/536/536 539/539/539 384/384/384 
f 412/412/412 537/537/537 536/536/536 410/410/410 
f 540/540/540 541/541/541 521/521/521 533/533/533 
f 540/540/540 533/533/533 535/535/535 542/542/542 
f 543/543/543 540/540/540 542/542/542 544/544/544 
f 543/543/543 545/545/545 541/541/541 540/540/540 
f 546/546/546 547/547/547 523/523/523 522/522/522 
f 541/541/541 546/546/546 522/522/522 521/521/521 
f 545/545/545 548/548/548 546/546/546 541/541/541 
f 548/548/548 549/549/549 547/547/547 546/546/546 
f 550/550/550 551/551/551 538/538/538 552/552/552 
f 553/553/553 550/550/550 552/552/552 554/554/554 
f 555/555/555 550/550/550 553/553/553 556/556/556 
f 557/557/557 551/551/551 550/550/550 555/555/555 
f 558/558/558 559/559/559 549/549/549 548/548/548 
f 560/560/560 558/558/558 548/548/548 545/545/545 
f 561/561/561 562/562/562 558/558/558 560/560/560 
f 562/562/562 556/556/556 559/559/559 558/558/558 
f 539/539/539 538/538/538 551/551/551 563/563/563 
f 564/564/564 563/563/563 551/551/551 557/557/557 
f 565/565/565 563/563/563 564/564/564 566/566/566 
f 565/565/565 384/384/384 539/539/539 563/563/563 
f 567/567/567 568/568/568 569/569/569 570/570/570 
f 555/555/555 567/567/567 570/570/570 557/557/557 
f 556/556/556 562/562/562 567/567/567 555/555/555 
f 562/562/562 561/561/561 568/568/568 567/567/567 
f 571/571/571 560/560/560 545/545/545 543/543/543 
f 571/571/571 543/543/543 544/544/544 572/572/572 
f 573/573/573 574/574/574 571/571/571 572/572/572 
f 574/574/574 561/561/561 560/560/560 571/571/571 
f 575/575/575 568/568/568 561/561/561 574/574/574 
f 576/576/576 575/575/575 574/574/574 573/573/573 
f 577/577/577 578/578/578 575/575/575 576/576/576 
f 578/578/578 569/569/569 568/568/568 575/575/575 
f 579/579/579 580/580/580 569/569/569 578/578/578 
f 581/581/581 579/579/579 578/578/578 577/577/577 
f 582/582/582 583/583/583 579/579/579 581/581/581 
f 583/583/583 584/584/584 580/580/580 579/579/579 
f 585/585/585 564/564/564 557/557/557 570/570/570 
f 580/580/580 585/585/585 570/570/570 569/569/569 
f 584/584/584 586/586/586 585/585/585 580/580/580 
f 566/566/566 564/564/564 585/585/585 586/586/586 
f 587/587/587 588/588/588 183/183/183 181/181/181 
f 50/50/50 587/587/587 181/181/181 15/15/15 
f 54/54/54 589/589/589 587/587/587 50/50/50 
f 589/589/589 590/590/590 588/588/588 587/587/587 
f 589/589/589 54/54/54 56/56/56 591/591/591 
f 591/591/591 56/56/56 60/60/60 592/592/592 
f 593/593/593 591/591/591 592/592/592 594/594/594 
f 593/593/593 590/590/590 589/589/589 591/591/591 
f 595/595/595 593/593/593 594/594/594 596/596/596 
f 597/597/597 595/595/595 596/596/596 598/598/598 
f 599/599/599 600/600/600 595/595/595 597/597/597 
f 600/600/600 590/590/590 593/593/593 595/595/595 
f 601/601/601 62/62/62 66/66/66 195/195/195 
f 602/602/602 601/601/601 195/195/195 194/194/194 
f 594/594/594 592/592/592 601/601/601 602/602/602 
f 592/592/592 60/60/60 62/62/62 601/601/601 
f 603/603/603 602/602/602 194/194/194 203/203/203 
f 604/604/604 603/603/603 203/203/203 202/202/202 
f 598/598/598 596/596/596 603/603/603 604/604/604 
f 596/596/596 594/594/594 602/602/602 603/603/603 
f 605/605/605 597/597/597 598/598/598 606/606/606 
f 581/581/581 605/605/605 606/606/606 582/582/582 
f 577/577/577 607/607/607 605/605/605 581/581/581 
f 607/607/607 599/599/599 597/597/597 605/605/605 
f 608/608/608 609/609/609 599/599/599 607/607/607 
f 576/576/576 608/608/608 607/607/607 577/577/577 
f 610/610/610 608/608/608 576/576/576 573/573/573 
f 610/610/610 611/611/611 609/609/609 608/608/608 
f 612/612/612 613/613/613 614/614/614 615/615/615 
f 616/616/616 612/612/612 615/615/615 617/617/617 
f 183/183/183 588/588/588 612/612/612 616/616/616 
f 588/588/588 590/590/590 613/613/613 612/612/612 
f 618/618/618 614/614/614 613/613/613 619/619/619 
f 600/600/600 619/619/619 613/613/613 590/590/590 
f 609/609/609 619/619/619 600/600/600 599/599/599 
f 611/611/611 618/618/618 619/619/619 609/609/609 
f 620/620/620 621/621/621 185/185/185 182/182/182 
f 616/616/616 620/620/620 182/182/182 183/183/183 
f 617/617/617 622/622/622 620/620/620 616/616/616 
f 622/622/622 623/623/623 621/621/621 620/620/620 
f 624/624/624 625/625/625 189/189/189 191/191/191 
f 621/621/621 624/624/624 191/191/191 185/185/185 
f 623/623/623 626/626/626 624/624/624 621/621/621 
f 626/626/626 627/627/627 625/625/625 624/624/624 
f 628/628/628 179/179/179 187/187/187 629/629/629 
f 625/625/625 629/629/629 187/187/187 189/189/189 
f 627/627/627 630/630/630 629/629/629 625/625/625 
f 631/631/631 628/628/628 629/629/629 630/630/630 
f 632/632/632 177/177/177 179/179/179 628/628/628 
f 633/633/633 632/632/632 628/628/628 631/631/631 
f 634/634/634 635/635/635 632/632/632 633/633/633 
f 635/635/635 85/85/85 177/177/177 632/632/632 
f 636/636/636 81/81/81 85/85/85 635/635/635 
f 637/637/637 636/636/636 635/635/635 634/634/634 
f 638/638/638 639/639/639 636/636/636 637/637/637 
f 639/639/639 79/79/79 81/81/81 636/636/636 
f 640/640/640 77/77/77 79/79/79 639/639/639 
f 641/641/641 640/640/640 639/639/639 638/638/638 
f 642/642/642 643/643/643 640/640/640 641/641/641 
f 643/643/643 71/71/71 77/77/77 640/640/640 
f 644/644/644 72/72/72 71/71/71 643/643/643 
f 645/645/645 644/644/644 643/643/643 642/642/642 
f 646/646/646 647/647/647 644/644/644 645/645/645 
f 647/647/647 74/74/74 72/72/72 644/644/644 
f 648/648/648 87/87/87 74/74/74 647/647/647 
f 649/649/649 648/648/648 647/647/647 646/646/646 
f 650/650/650 651/651/651 648/648/648 649/649/649 
f 651/651/651 88/88/88 87/87/87 648/648/648 
f 652/652/652 199/199/199 88/88/88 651/651/651 
f 653/653/653 652/652/652 651/651/651 650/650/650 
f 654/654/654 655/655/655 652/652/652 653/653/653 
f 655/655/655 197/197/197 199/199/199 652/652/652 
f 656/656/656 657/657/657 582/582/582 606/606/606 
f 604/604/604 656/656/656 606/606/606 598/598/598 
f 202/202/202 658/658/658 656/656/656 604/604/604 
f 658/658/658 659/659/659 657/657/657 656/656/656 
f 660/660/660 201/201/201 197/197/197 655/655/655 
f 661/661/661 660/660/660 655/655/655 654/654/654 
f 659/659/659 658/658/658 660/660/660 661/661/661 
f 658/658/658 202/202/202 201/201/201 660/660/660 
f 662/662/662 663/663/663 584/584/584 583/583/583 
f 657/657/657 662/662/662 583/583/583 582/582/582 
f 659/659/659 664/664/664 662/662/662 657/657/657 
f 664/664/664 665/665/665 663/663/663 662/662/662 
f 666/666/666 566/566/566 586/586/586 667/667/667 
f 663/663/663 667/667/667 586/586/586 584/584/584 
f 665/665/665 668/668/668 667/667/667 663/663/663 
f 668/668/668 669/669/669 666/666/666 667/667/667 
f 670/670/670 671/671/671 376/376/376 382/382/382 
f 565/565/565 670/670/670 382/382/382 384/384/384 
f 566/566/566 666/666/666 670/670/670 565/565/565 
f 666/666/666 669/669/669 671/671/671 670/670/670 
f 672/672/672 673/673/673 369/369/369 373/373/373 
f 671/671/671 672/672/672 373/373/373 376/376/376 
f 669/669/669 674/674/674 672/672/672 671/671/671 
f 674/674/674 675/675/675 673/673/673 672/672/672 
f 676/676/676 677/677/677 364/364/364 372/372/372 
f 673/673/673 676/676/676 372/372/372 369/369/369 
f 675/675/675 678/678/678 676/676/676 673/673/673 
f 678/678/678 679/679/679 677/677/677 676/676/676 
f 680/680/680 681/681/681 357/357/357 362/362/362 
f 677/677/677 680/680/680 362/362/362 364/364/364 
f 679/679/679 682/682/682 680/680/680 677/677/677 
f 682/682/682 683/683/683 681/681/681 680/680/680 
f 684/684/684 685/685/685 686/686/686 687/687/687 
f 407/407/407 684/684/684 687/687/687 408/408/408 
f 346/346/346 352/352/352 684/684/684 407/407/407 
f 352/352/352 351/351/351 685/685/685 684/684/684 
f 688/688/688 689/689/689 360/360/360 358/358/358 
f 681/681/681 688/688/688 358/358/358 357/357/357 
f 683/683/683 690/690/690 688/688/688 681/681/681 
f 690/690/690 691/691/691 689/689/689 688/688/688 
f 692/692/692 685/685/685 351/351/351 354/354/354 
f 359/359/359 692/692/692 354/354/354 312/312/312 
f 360/360/360 693/693/693 692/692/692 359/359/359 
f 693/693/693 686/686/686 685/685/685 692/692/692 
f 694/694/694 695/695/695 686/686/686 693/693/693 
f 689/689/689 694/694/694 693/693/693 360/360/360 
f 691/691/691 696/696/696 694/694/694 689/689/689 
f 696/696/696 697/697/697 695/695/695 694/694/694 
f 698/698/698 408/408/408 687/687/687 699/699/699 
f 695/695/695 699/699/699 687/687/687 686/686/686 
f 697/697/697 700/700/700 699/699/699 695/695/695 
f 700/700/700 701/701/701 698/698/698 699/699/699 
f 702/702/702 406/406/406 408/408/408 698/698/698 
f 703/703/703 702/702/702 698/698/698 701/701/701 
f 704/704/704 705/705/705 702/702/702 703/703/703 
f 705/705/705 404/404/404 406/406/406 702/702/702 
f 706/706/706 402/402/402 404/404/404 705/705/705 
f 707/707/707 706/706/706 705/705/705 704/704/704 
f 708/708/708 709/709/709 706/706/706 707/707/707 
f 709/709/709 398/398/398 402/402/402 706/706/706 
f 710/710/710 399/399/399 398/398/398 709/709/709 
f 711/711/711 710/710/710 709/709/709 708/708/708 
f 712/712/712 710/710/710 711/711/711 713/713/713 
f 395/395/395 399/399/399 710/710/710 712/712/712 
f 714/714/714 715/715/715 554/554/554 552/552/552 
f 537/537/537 714/714/714 552/552/552 538/538/538 
f 412/412/412 716/716/716 714/714/714 537/537/537 
f 716/716/716 717/717/717 715/715/715 714/714/714 
f 718/718/718 719/719/719 392/392/392 396/396/396 
f 712/712/712 718/718/718 396/396/396 395/395/395 
f 713/713/713 720/720/720 718/718/718 712/712/712 
f 720/720/720 717/717/717 719/719/719 718/718/718 
f 716/716/716 412/412/412 411/411/411 721/721/721 
f 390/390/390 721/721/721 411/411/411 388/388/388 
f 719/719/719 721/721/721 390/390/390 392/392/392 
f 717/717/717 716/716/716 721/721/721 719/719/719 
f 722/722/722 723/723/723 724/724/724 725/725/725 
f 726/726/726 725/725/725 724/724/724 727/727/727 
f 728/728/728 729/729/729 725/725/725 726/726/726 
f 729/729/729 730/730/730 722/722/722 725/725/725 
f 731/731/731 732/732/732 733/733/733 734/734/734 
f 735/735/735 731/731/731 734/734/734 736/736/736 
f 730/730/730 729/729/729 731/731/731 735/735/735 
f 729/729/729 728/728/728 732/732/732 731/731/731 
f 737/737/737 738/738/738 739/739/739 740/740/740 
f 737/737/737 740/740/740 730/730/730 735/735/735 
f 736/736/736 741/741/741 737/737/737 735/735/735 
f 741/741/741 742/742/742 738/738/738 737/737/737 
f 743/743/743 744/744/744 736/736/736 734/734/734 
f 745/745/745 743/743/743 734/734/734 733/733/733 
f 746/746/746 747/747/747 743/743/743 745/745/745 
f 747/747/747 748/748/748 744/744/744 743/743/743 
f 749/749/749 750/750/750 748/748/748 747/747/747 
f 751/751/751 749/749/749 747/747/747 746/746/746 
f 752/752/752 753/753/753 749/749/749 751/751/751 
f 753/753/753 754/754/754 750/750/750 749/749/749 
f 755/755/755 756/756/756 754/754/754 753/753/753 
f 757/757/757 755/755/755 753/753/753 752/752/752 
f 758/758/758 759/759/759 755/755/755 757/757/757 
f 759/759/759 760/760/760 756/756/756 755/755/755 
f 761/761/761 762/762/762 763/763/763 764/764/764 
f 764/764/764 763/763/763 727/727/727 724/724/724 
f 723/723/723 765/765/765 764/764/764 724/724/724 
f 765/765/765 766/766/766 761/761/761 764/764/764 
f 767/767/767 768/768/768 769/769/769 770/770/770 
f 770/770/770 769/769/769 762/762/762 761/761/761 
f 766/766/766 767/767/767 770/770/770 761/761/761 
f 771/771/771 772/772/772 760/760/760 759/759/759 
f 771/771/771 759/759/759 758/758/758 773/773/773 
f 773/773/773 774/774/774 772/772/772 771/771/771 
f 775/775/775 772/772/772 774/774/774 776/776/776 
f 777/777/777 775/775/775 776/776/776 778/778/778 
f 779/779/779 780/780/780 775/775/775 777/777/777 
f 780/780/780 760/760/760 772/772/772 775/775/775 
f 781/781/781 782/782/782 783/783/783 784/784/784 
f 756/756/756 781/781/781 784/784/784 754/754/754 
f 760/760/760 780/780/780 781/781/781 756/756/756 
f 780/780/780 779/779/779 782/782/782 781/781/781 
f 785/785/785 786/786/786 787/787/787 788/788/788 
f 789/789/789 785/785/785 788/788/788 790/790/790 
f 791/791/791 786/786/786 785/785/785 789/789/789 
f 792/792/792 779/779/779 777/777/777 793/793/793 
f 793/793/793 777/777/777 778/778/778 794/794/794 
f 790/790/790 788/788/788 793/793/793 794/794/794 
f 788/788/788 787/787/787 792/792/792 793/793/793 
f 722/722/722 730/730/730 740/740/740 795/795/795 
f 796/796/796 795/795/795 740/740/740 739/739/739 
f 797/797/797 798/798/798 795/795/795 796/796/796 
f 723/723/723 722/722/722 795/795/795 798/798/798 
f 799/799/799 800/800/800 801/801/801 802/802/802 
f 803/803/803 799/799/799 802/802/802 804/804/804 
f 805/805/805 799/799/799 803/803/803 806/806/806 
f 805/805/805 807/807/807 800/800/800 799/799/799 
f 808/808/808 800/800/800 807/807/807 809/809/809 
f 796/796/796 808/808/808 809/809/809 797/797/797 
f 739/739/739 810/810/810 808/808/808 796/796/796 
f 810/810/810 801/801/801 800/800/800 808/808/808 
f 811/811/811 812/812/812 813/813/813 814/814/814 
f 815/815/815 811/811/811 814/814/814 816/816/816 
f 768/768/768 767/767/767 811/811/811 815/815/815 
f 767/767/767 766/766/766 812/812/812 811/811/811 
f 817/817/817 812/812/812 766/766/766 765/765/765 
f 798/798/798 817/817/817 765/765/765 723/723/723 
f 797/797/797 818/818/818 817/817/817 798/798/798 
f 818/818/818 813/813/813 812/812/812 817/817/817 
f 819/819/819 820/820/820 821/821/821 822/822/822 
f 822/822/822 821/821/821 807/807/807 805/805/805 
f 806/806/806 823/823/823 822/822/822 805/805/805 
f 823/823/823 824/824/824 819/819/819 822/822/822 
f 825/825/825 819/819/819 824/824/824 826/826/826 
f 827/827/827 825/825/825 826/826/826 828/828/828 
f 820/820/820 819/819/819 825/825/825 827/827/827 
f 829/829/829 827/827/827 828/828/828 830/830/830 
f 829/829/829 830/830/830 816/816/816 814/814/814 
f 831/831/831 829/829/829 814/814/814 813/813/813 
f 831/831/831 820/820/820 827/827/827 829/829/829 
f 818/818/818 797/797/797 809/809/809 832/832/832 
f 821/821/821 832/832/832 809/809/809 807/807/807 
f 820/820/820 831/831/831 832/832/832 821/821/821 
f 813/813/813 818/818/818 832/832/832 831/831/831 
f 833/833/833 834/834/834 742/742/742 741/741/741 
f 744/744/744 833/833/833 741/741/741 736/736/736 
f 748/748/748 835/835/835 833/833/833 744/744/744 
f 835/835/835 836/836/836 834/834/834 833/833/833 
f 837/837/837 750/750/750 754/754/754 784/784/784 
f 838/838/838 837/837/837 784/784/784 783/783/783 
f 836/836/836 835/835/835 837/837/837 838/838/838 
f 835/835/835 748/748/748 750/750/750 837/837/837 
f 839/839/839 801/801/801 810/810/810 840/840/840 
f 840/840/840 810/810/810 739/739/739 738/738/738 
f 742/742/742 841/841/841 840/840/840 738/738/738 
f 841/841/841 842/842/842 839/839/839 840/840/840 
f 843/843/843 782/782/782 779/779/779 792/792/792 
f 843/843/843 792/792/792 787/787/787 844/844/844 
f 845/845/845 846/846/846 843/843/843 844/844/844 
f 846/846/846 783/783/783 782/782/782 843/843/843 
f 847/847/847 848/848/848 842/842/842 841/841/841 
f 834/834/834 847/847/847 841/841/841 742/742/742 
f 836/836/836 849/849/849 847/847/847 834/834/834 
f 849/849/849 850/850/850 848/848/848 847/847/847 
f 851/851/851 852/852/852 850/850/850 849/849/849 
f 838/838/838 851/851/851 849/849/849 836/836/836 
f 783/783/783 846/846/846 851/851/851 838/838/838 
f 846/846/846 845/845/845 852/852/852 851/851/851 
f 844/844/844 787/787/787 786/786/786 853/853/853 
f 854/854/854 853/853/853 786/786/786 791/791/791 
f 855/855/855 856/856/856 853/853/853 854/854/854 
f 856/856/856 845/845/845 844/844/844 853/853/853 
f 857/857/857 858/858/858 804/804/804 802/802/802 
f 857/857/857 802/802/802 801/801/801 839/839/839 
f 842/842/842 859/859/859 857/857/857 839/839/839 
f 859/859/859 860/860/860 858/858/858 857/857/857 
f 861/861/861 852/852/852 845/845/845 856/856/856 
f 862/862/862 861/861/861 856/856/856 855/855/855 
f 863/863/863 864/864/864 861/861/861 862/862/862 
f 864/864/864 850/850/850 852/852/852 861/861/861 
f 865/865/865 866/866/866 860/860/860 859/859/859 
f 848/848/848 865/865/865 859/859/859 842/842/842 
f 850/850/850 864/864/864 865/865/865 848/848/848 
f 864/864/864 863/863/863 866/866/866 865/865/865 
f 867/867/867 868/868/868 869/869/869 870/870/870 
f 732/732/732 870/870/870 869/869/869 733/733/733 
f 728/728/728 871/871/871 870/870/870 732/732/732 
f 871/871/871 872/872/872 867/867/867 870/870/870 
f 873/873/873 874/874/874 872/872/872 871/871/871 
f 726/726/726 873/873/873 871/871/871 728/728/728 
f 727/727/727 875/875/875 873/873/873 726/726/726 
f 875/875/875 876/876/876 874/874/874 873/873/873 
f 877/877/877 878/878/878 876/876/876 875/875/875 
f 763/763/763 877/877/877 875/875/875 727/727/727 
f 762/762/762 879/879/879 877/877/877 763/763/763 
f 879/879/879 880/880/880 878/878/878 877/877/877 
f 881/881/881 882/882/882 880/880/880 879/879/879 
f 769/769/769 881/881/881 879/879/879 762/762/762 
f 768/768/768 883/883/883 881/881/881 769/769/769 
f 883/883/883 884/884/884 882/882/882 881/881/881 
f 885/885/885 886/886/886 884/884/884 883/883/883 
f 815/815/815 885/885/885 883/883/883 768/768/768 
f 816/816/816 887/887/887 885/885/885 815/815/815 
f 887/887/887 888/888/888 886/886/886 885/885/885 
f 889/889/889 887/887/887 816/816/816 830/830/830 
f 890/890/890 889/889/889 830/830/830 828/828/828 
f 891/891/891 892/892/892 889/889/889 890/890/890 
f 888/888/888 887/887/887 889/889/889 892/892/892 
f 893/893/893 894/894/894 895/895/895 896/896/896 
f 890/890/890 893/893/893 896/896/896 891/891/891 
f 828/828/828 826/826/826 893/893/893 890/890/890 
f 826/826/826 824/824/824 894/894/894 893/893/893 
f 897/897/897 898/898/898 899/899/899 900/900/900 
f 894/894/894 897/897/897 900/900/900 895/895/895 
f 824/824/824 823/823/823 897/897/897 894/894/894 
f 823/823/823 806/806/806 898/898/898 897/897/897 
f 901/901/901 898/898/898 806/806/806 803/803/803 
f 901/901/901 803/803/803 804/804/804 902/902/902 
f 903/903/903 901/901/901 902/902/902 904/904/904 
f 903/903/903 899/899/899 898/898/898 901/901/901 
f 905/905/905 906/906/906 907/907/907 908/908/908 
f 905/905/905 908/908/908 904/904/904 902/902/902 
f 858/858/858 905/905/905 902/902/902 804/804/804 
f 858/858/858 860/860/860 906/906/906 905/905/905 
f 909/909/909 906/906/906 860/860/860 866/866/866 
f 910/910/910 909/909/909 866/866/866 863/863/863 
f 911/911/911 912/912/912 909/909/909 910/910/910 
f 912/912/912 907/907/907 906/906/906 909/909/909 
f 913/913/913 914/914/914 911/911/911 910/910/910 
f 862/862/862 913/913/913 910/910/910 863/863/863 
f 855/855/855 915/915/915 913/913/913 862/862/862 
f 915/915/915 916/916/916 914/914/914 913/913/913 
f 917/917/917 918/918/918 916/916/916 915/915/915 
f 854/854/854 917/917/917 915/915/915 855/855/855 
f 791/791/791 919/919/919 917/917/917 854/854/854 
f 919/919/919 920/920/920 918/918/918 917/917/917 
f 921/921/921 922/922/922 920/920/920 919/919/919 
f 789/789/789 921/921/921 919/919/919 791/791/791 
f 790/790/790 923/923/923 921/921/921 789/789/789 
f 923/923/923 924/924/924 922/922/922 921/921/921 
f 925/925/925 926/926/926 927/927/927 928/928/928 
f 923/923/923 925/925/925 928/928/928 924/924/924 
f 794/794/794 925/925/925 923/923/923 790/790/790 
f 794/794/794 778/778/778 926/926/926 925/925/925 
f 929/929/929 930/930/930 931/931/931 932/932/932 
f 926/926/926 929/929/929 932/932/932 927/927/927 
f 778/778/778 776/776/776 929/929/929 926/926/926 
f 776/776/776 774/774/774 930/930/930 929/929/929 
f 933/933/933 934/934/934 935/935/935 936/936/936 
f 930/930/930 933/933/933 936/936/936 931/931/931 
f 774/774/774 773/773/773 933/933/933 930/930/930 
f 773/773/773 758/758/758 934/934/934 933/933/933 
f 937/937/937 938/938/938 418/418/418 416/416/416 
f 487/487/487 937/937/937 416/416/416 415/415/415 
f 488/488/488 939/939/939 937/937/937 487/487/487 
f 939/939/939 940/940/940 938/938/938 937/937/937 
f 941/941/941 942/942/942 935/935/935 934/934/934 
f 757/757/757 941/941/941 934/934/934 758/758/758 
f 752/752/752 943/943/943 941/941/941 757/757/757 
f 943/943/943 944/944/944 942/942/942 941/941/941 
f 945/945/945 946/946/946 947/947/947 948/948/948 
f 942/942/942 945/945/945 948/948/948 935/935/935 
f 944/944/944 949/949/949 945/945/945 942/942/942 
f 949/949/949 950/950/950 946/946/946 945/945/945 
f 951/951/951 424/424/424 423/423/423 952/952/952 
f 952/952/952 423/423/423 428/428/428 433/433/433 
f 953/953/953 952/952/952 433/433/433 432/432/432 
f 954/954/954 951/951/951 952/952/952 953/953/953 
f 955/955/955 745/745/745 733/733/733 869/869/869 
f 956/956/956 955/955/955 869/869/869 868/868/868 
f 957/957/957 958/958/958 955/955/955 956/956/956 
f 746/746/746 745/745/745 955/955/955 958/958/958 
f 959/959/959 960/960/960 944/944/944 943/943/943 
f 751/751/751 959/959/959 943/943/943 752/752/752 
f 746/746/746 958/958/958 959/959/959 751/751/751 
f 958/958/958 957/957/957 960/960/960 959/959/959 
f 961/961/961 962/962/962 950/950/950 949/949/949 
f 960/960/960 961/961/961 949/949/949 944/944/944 
f 957/957/957 963/963/963 961/961/961 960/960/960 
f 963/963/963 964/964/964 962/962/962 961/961/961 
f 965/965/965 491/491/491 424/424/424 951/951/951 
f 966/966/966 965/965/965 951/951/951 954/954/954 
f 967/967/967 968/968/968 965/965/965 966/966/966 
f 968/968/968 461/461/461 491/491/491 965/965/965 
f 969/969/969 970/970/970 436/436/436 462/462/462 
f 968/968/968 969/969/969 462/462/462 461/461/461 
f 967/967/967 971/971/971 969/969/969 968/968/968 
f 971/971/971 972/972/972 970/970/970 969/969/969 
f 973/973/973 974/974/974 972/972/972 971/971/971 
f 975/975/975 973/973/973 971/971/971 967/967/967 
f 976/976/976 977/977/977 973/973/973 975/975/975 
f 977/977/977 978/978/978 974/974/974 973/973/973 
f 979/979/979 972/972/972 980/980/980 981/981/981 
f 982/982/982 981/981/981 980/980/980 983/983/983 
f 445/445/445 454/454/454 981/981/981 982/982/982 
f 454/454/454 439/439/439 979/979/979 981/981/981 
f 984/984/984 974/974/974 978/978/978 985/985/985 
f 984/984/984 985/985/985 983/983/983 980/980/980 
f 980/980/980 972/972/972 974/974/974 984/984/984 
f 986/986/986 979/979/979 439/439/439 437/437/437 
f 970/970/970 986/986/986 437/437/437 436/436/436 
f 972/972/972 979/979/979 986/986/986 970/970/970 
f 977/977/977 976/976/976 987/987/987 988/988/988 
f 988/988/988 987/987/987 868/868/868 867/867/867 
f 989/989/989 988/988/988 867/867/867 872/872/872 
f 978/978/978 977/977/977 988/988/988 989/989/989 
f 990/990/990 417/417/417 418/418/418 938/938/938 
f 991/991/991 990/990/990 938/938/938 940/940/940 
f 992/992/992 993/993/993 990/990/990 991/991/991 
f 993/993/993 419/419/419 417/417/417 990/990/990 
f 994/994/994 992/992/992 991/991/991 995/995/995 
f 995/995/995 991/991/991 940/940/940 996/996/996 
f 962/962/962 995/995/995 996/996/996 950/950/950 
f 962/962/962 964/964/964 994/994/994 995/995/995 
f 997/997/997 993/993/993 992/992/992 998/998/998 
f 953/953/953 997/997/997 998/998/998 954/954/954 
f 432/432/432 431/431/431 997/997/997 953/953/953 
f 419/419/419 993/993/993 997/997/997 431/431/431 
f 999/999/999 994/994/994 964/964/964 1000/1000/1000 
f 998/998/998 999/999/999 1000/1000/1000 954/954/954 
f 992/992/992 994/994/994 999/999/999 998/998/998 
f 1001/1001/1001 1002/1002/1002 976/976/976 975/975/975 
f 966/966/966 1001/1001/1001 975/975/975 967/967/967 
f 954/954/954 1000/1000/1000 1001/1001/1001 966/966/966 
f 1000/1000/1000 964/964/964 1002/1002/1002 1001/1001/1001 
f 963/963/963 957/957/957 956/956/956 1003/1003/1003 
f 1003/1003/1003 956/956/956 868/868/868 987/987/987 
f 1002/1002/1002 1003/1003/1003 987/987/987 976/976/976 
f 964/964/964 963/963/963 1003/1003/1003 1002/1002/1002 
f 1004/1004/1004 1005/1005/1005 448/448/448 446/446/446 
f 982/982/982 1004/1004/1004 446/446/446 445/445/445 
f 983/983/983 1006/1006/1006 1004/1004/1004 982/982/982 
f 1006/1006/1006 1007/1007/1007 1005/1005/1005 1004/1004/1004 
f 1006/1006/1006 983/983/983 985/985/985 1008/1008/1008 
f 1009/1009/1009 1008/1008/1008 985/985/985 978/978/978 
f 1010/1010/1010 1008/1008/1008 1009/1009/1009 1011/1011/1011 
f 1007/1007/1007 1006/1006/1006 1008/1008/1008 1010/1010/1010 
f 1012/1012/1012 1013/1013/1013 470/470/470 469/469/469 
f 447/447/447 1012/1012/1012 469/469/469 449/449/449 
f 448/448/448 1005/1005/1005 1012/1012/1012 447/447/447 
f 1005/1005/1005 1007/1007/1007 1013/1013/1013 1012/1012/1012 
f 1009/1009/1009 978/978/978 989/989/989 1014/1014/1014 
f 874/874/874 1014/1014/1014 989/989/989 872/872/872 
f 876/876/876 1015/1015/1015 1014/1014/1014 874/874/874 
f 1015/1015/1015 1011/1011/1011 1009/1009/1009 1014/1014/1014 
f 1016/1016/1016 1017/1017/1017 940/940/940 939/939/939 
f 504/504/504 1016/1016/1016 939/939/939 488/488/488 
f 505/505/505 1018/1018/1018 1016/1016/1016 504/504/504 
f 1018/1018/1018 1019/1019/1019 1017/1017/1017 1016/1016/1016 
f 1020/1020/1020 946/946/946 950/950/950 996/996/996 
f 1017/1017/1017 1020/1020/1020 996/996/996 940/940/940 
f 1019/1019/1019 1021/1021/1021 1020/1020/1020 1017/1017/1017 
f 1021/1021/1021 947/947/947 946/946/946 1020/1020/1020 
f 1022/1022/1022 1023/1023/1023 1024/1024/1024 1025/1025/1025 
f 886/886/886 1022/1022/1022 1025/1025/1025 884/884/884 
f 1026/1026/1026 1022/1022/1022 886/886/886 888/888/888 
f 1027/1027/1027 1023/1023/1023 1022/1022/1022 1026/1026/1026 
f 1028/1028/1028 1029/1029/1029 1030/1030/1030 1031/1031/1031 
f 1026/1026/1026 1028/1028/1028 1031/1031/1031 1027/1027/1027 
f 888/888/888 892/892/892 1028/1028/1028 1026/1026/1026 
f 892/892/892 891/891/891 1029/1029/1029 1028/1028/1028 
f 1032/1032/1032 1033/1033/1033 1034/1034/1034 1035/1035/1035 
f 1029/1029/1029 1032/1032/1032 1035/1035/1035 1030/1030/1030 
f 891/891/891 896/896/896 1032/1032/1032 1029/1029/1029 
f 896/896/896 895/895/895 1033/1033/1033 1032/1032/1032 
f 1036/1036/1036 1037/1037/1037 1038/1038/1038 1039/1039/1039 
f 1033/1033/1033 1036/1036/1036 1039/1039/1039 1034/1034/1034 
f 895/895/895 900/900/900 1036/1036/1036 1033/1033/1033 
f 900/900/900 899/899/899 1037/1037/1037 1036/1036/1036 
f 1040/1040/1040 1041/1041/1041 1042/1042/1042 1043/1043/1043 
f 1037/1037/1037 1040/1040/1040 1043/1043/1043 1038/1038/1038 
f 899/899/899 903/903/903 1040/1040/1040 1037/1037/1037 
f 903/903/903 904/904/904 1041/1041/1041 1040/1040/1040 
f 1044/1044/1044 1045/1045/1045 1046/1046/1046 1047/1047/1047 
f 1041/1041/1041 1044/1044/1044 1047/1047/1047 1042/1042/1042 
f 904/904/904 908/908/908 1044/1044/1044 1041/1041/1041 
f 908/908/908 907/907/907 1045/1045/1045 1044/1044/1044 
f 1048/1048/1048 1049/1049/1049 1046/1046/1046 1045/1045/1045 
f 912/912/912 1048/1048/1048 1045/1045/1045 907/907/907 
f 911/911/911 1050/1050/1050 1048/1048/1048 912/912/912 
f 1050/1050/1050 1051/1051/1051 1049/1049/1049 1048/1048/1048 
f 1052/1052/1052 1053/1053/1053 1051/1051/1051 1050/1050/1050 
f 914/914/914 1052/1052/1052 1050/1050/1050 911/911/911 
f 916/916/916 1054/1054/1054 1052/1052/1052 914/914/914 
f 1054/1054/1054 1055/1055/1055 1053/1053/1053 1052/1052/1052 
f 1056/1056/1056 1057/1057/1057 1055/1055/1055 1054/1054/1054 
f 918/918/918 1056/1056/1056 1054/1054/1054 916/916/916 
f 920/920/920 1058/1058/1058 1056/1056/1056 918/918/918 
f 1058/1058/1058 1059/1059/1059 1057/1057/1057 1056/1056/1056 
f 1060/1060/1060 1061/1061/1061 1062/1062/1062 1063/1063/1063 
f 1060/1060/1060 1063/1063/1063 1059/1059/1059 1058/1058/1058 
f 922/922/922 1060/1060/1060 1058/1058/1058 920/920/920 
f 922/922/922 924/924/924 1061/1061/1061 1060/1060/1060 
f 1064/1064/1064 1065/1065/1065 1066/1066/1066 1067/1067/1067 
f 1061/1061/1061 1064/1064/1064 1067/1067/1067 1062/1062/1062 
f 924/924/924 928/928/928 1064/1064/1064 1061/1061/1061 
f 928/928/928 927/927/927 1065/1065/1065 1064/1064/1064 
f 1068/1068/1068 1069/1069/1069 1070/1070/1070 1071/1071/1071 
f 1065/1065/1065 1068/1068/1068 1071/1071/1071 1066/1066/1066 
f 927/927/927 932/932/932 1068/1068/1068 1065/1065/1065 
f 932/932/932 931/931/931 1069/1069/1069 1068/1068/1068 
f 1072/1072/1072 1069/1069/1069 931/931/931 936/936/936 
f 1072/1072/1072 936/936/936 935/935/935 948/948/948 
f 1073/1073/1073 1072/1072/1072 948/948/948 947/947/947 
f 1073/1073/1073 1070/1070/1070 1069/1069/1069 1072/1072/1072 
f 1074/1074/1074 711/711/711 708/708/708 1075/1075/1075 
f 1074/1074/1074 1075/1075/1075 1076/1076/1076 1077/1077/1077 
f 1078/1078/1078 1074/1074/1074 1077/1077/1077 1079/1079/1079 
f 713/713/713 711/711/711 1074/1074/1074 1078/1078/1078 
f 1080/1080/1080 1081/1081/1081 1082/1082/1082 1083/1083/1083 
f 720/720/720 1083/1083/1083 1082/1082/1082 717/717/717 
f 1078/1078/1078 1083/1083/1083 720/720/720 713/713/713 
f 1079/1079/1079 1080/1080/1080 1083/1083/1083 1078/1078/1078 
f 1084/1084/1084 1085/1085/1085 1086/1086/1086 1087/1087/1087 
f 1088/1088/1088 1084/1084/1084 1087/1087/1087 1089/1089/1089 
f 1090/1090/1090 1091/1091/1091 1084/1084/1084 1088/1088/1088 
f 1092/1092/1092 1085/1085/1085 1084/1084/1084 1091/1091/1091 
f 1093/1093/1093 1094/1094/1094 1019/1019/1019 1018/1018/1018 
f 1095/1095/1095 1093/1093/1093 1018/1018/1018 505/505/505 
f 1086/1086/1086 1085/1085/1085 1093/1093/1093 1095/1095/1095 
f 1085/1085/1085 1092/1092/1092 1094/1094/1094 1093/1093/1093 
f 1096/1096/1096 1073/1073/1073 947/947/947 1021/1021/1021 
f 1097/1097/1097 1096/1096/1096 1021/1021/1021 1019/1019/1019 
f 1098/1098/1098 1096/1096/1096 1097/1097/1097 1099/1099/1099 
f 1098/1098/1098 1070/1070/1070 1073/1073/1073 1096/1096/1096 
f 1100/1100/1100 1101/1101/1101 623/623/623 622/622/622 
f 1102/1102/1102 1100/1100/1100 622/622/622 617/617/617 
f 1103/1103/1103 1104/1104/1104 1100/1100/1100 1102/1102/1102 
f 1104/1104/1104 1105/1105/1105 1101/1101/1101 1100/1100/1100 
f 1106/1106/1106 1107/1107/1107 1079/1079/1079 1077/1077/1077 
f 1108/1108/1108 1106/1106/1106 1077/1077/1077 1076/1076/1076 
f 1109/1109/1109 1110/1110/1110 1106/1106/1106 1108/1108/1108 
f 1110/1110/1110 1090/1090/1090 1107/1107/1107 1106/1106/1106 
f 1091/1091/1091 1090/1090/1090 1110/1110/1110 1111/1111/1111 
f 1112/1112/1112 1111/1111/1111 1110/1110/1110 1109/1109/1109 
f 1113/1113/1113 1114/1114/1114 1111/1111/1111 1112/1112/1112 
f 1114/1114/1114 1092/1092/1092 1091/1091/1091 1111/1111/1111 
f 1115/1115/1115 1116/1116/1116 1099/1099/1099 1097/1097/1097 
f 1094/1094/1094 1115/1115/1115 1097/1097/1097 1019/1019/1019 
f 1092/1092/1092 1114/1114/1114 1115/1115/1115 1094/1094/1094 
f 1114/1114/1114 1113/1113/1113 1116/1116/1116 1115/1115/1115 
f 1117/1117/1117 1118/1118/1118 1066/1066/1066 1071/1071/1071 
f 1098/1098/1098 1117/1117/1117 1071/1071/1071 1070/1070/1070 
f 1099/1099/1099 1119/1119/1119 1117/1117/1117 1098/1098/1098 
f 1119/1119/1119 1120/1120/1120 1118/1118/1118 1117/1117/1117 
f 1067/1067/1067 1066/1066/1066 1118/1118/1118 1121/1121/1121 
f 1121/1121/1121 1118/1118/1118 1120/1120/1120 1122/1122/1122 
f 1123/1123/1123 1124/1124/1124 1121/1121/1121 1122/1122/1122 
f 1124/1124/1124 1062/1062/1062 1067/1067/1067 1121/1121/1121 
f 1125/1125/1125 1063/1063/1063 1062/1062/1062 1124/1124/1124 
f 1126/1126/1126 1125/1125/1125 1124/1124/1124 1123/1123/1123 
f 1127/1127/1127 1128/1128/1128 1125/1125/1125 1126/1126/1126 
f 1128/1128/1128 1059/1059/1059 1063/1063/1063 1125/1125/1125 
f 1129/1129/1129 1057/1057/1057 1059/1059/1059 1128/1128/1128 
f 1130/1130/1130 1129/1129/1129 1128/1128/1128 1127/1127/1127 
f 1131/1131/1131 1132/1132/1132 1129/1129/1129 1130/1130/1130 
f 1132/1132/1132 1055/1055/1055 1057/1057/1057 1129/1129/1129 
f 1133/1133/1133 1053/1053/1053 1055/1055/1055 1132/1132/1132 
f 1134/1134/1134 1133/1133/1133 1132/1132/1132 1131/1131/1131 
f 1135/1135/1135 1136/1136/1136 1133/1133/1133 1134/1134/1134 
f 1136/1136/1136 1051/1051/1051 1053/1053/1053 1133/1133/1133 
f 1137/1137/1137 1049/1049/1049 1051/1051/1051 1136/1136/1136 
f 1138/1138/1138 1137/1137/1137 1136/1136/1136 1135/1135/1135 
f 1139/1139/1139 1140/1140/1140 1137/1137/1137 1138/1138/1138 
f 1140/1140/1140 1046/1046/1046 1049/1049/1049 1137/1137/1137 
f 1141/1141/1141 1142/1142/1142 1042/1042/1042 1047/1047/1047 
f 1140/1140/1140 1141/1141/1141 1047/1047/1047 1046/1046/1046 
f 1139/1139/1139 1143/1143/1143 1141/1141/1141 1140/1140/1140 
f 1143/1143/1143 1144/1144/1144 1142/1142/1142 1141/1141/1141 
f 1145/1145/1145 1146/1146/1146 1038/1038/1038 1043/1043/1043 
f 1142/1142/1142 1145/1145/1145 1043/1043/1043 1042/1042/1042 
f 1144/1144/1144 1147/1147/1147 1145/1145/1145 1142/1142/1142 
f 1147/1147/1147 1148/1148/1148 1146/1146/1146 1145/1145/1145 
f 1149/1149/1149 1150/1150/1150 1034/1034/1034 1039/1039/1039 
f 1146/1146/1146 1149/1149/1149 1039/1039/1039 1038/1038/1038 
f 1148/1148/1148 1151/1151/1151 1149/1149/1149 1146/1146/1146 
f 1151/1151/1151 1152/1152/1152 1150/1150/1150 1149/1149/1149 
f 1153/1153/1153 1154/1154/1154 1030/1030/1030 1035/1035/1035 
f 1150/1150/1150 1153/1153/1153 1035/1035/1035 1034/1034/1034 
f 1152/1152/1152 1155/1155/1155 1153/1153/1153 1150/1150/1150 
f 1155/1155/1155 1156/1156/1156 1154/1154/1154 1153/1153/1153 
f 1157/1157/1157 1158/1158/1158 1027/1027/1027 1031/1031/1031 
f 1154/1154/1154 1157/1157/1157 1031/1031/1031 1030/1030/1030 
f 1156/1156/1156 1159/1159/1159 1157/1157/1157 1154/1154/1154 
f 1159/1159/1159 1160/1160/1160 1158/1158/1158 1157/1157/1157 
f 1161/1161/1161 1162/1162/1162 1163/1163/1163 1164/1164/1164 
f 882/882/882 1161/1161/1161 1164/1164/1164 880/880/880 
f 884/884/884 1025/1025/1025 1161/1161/1161 882/882/882 
f 1025/1025/1025 1024/1024/1024 1162/1162/1162 1161/1161/1161 
f 1165/1165/1165 1024/1024/1024 1023/1023/1023 1166/1166/1166 
f 1158/1158/1158 1166/1166/1166 1023/1023/1023 1027/1027/1027 
f 1160/1160/1160 1167/1167/1167 1166/1166/1166 1158/1158/1158 
f 1167/1167/1167 1168/1168/1168 1165/1165/1165 1166/1166/1166 
f 1169/1169/1169 1170/1170/1170 1171/1171/1171 1172/1172/1172 
f 610/610/610 1169/1169/1169 1172/1172/1172 611/611/611 
f 573/573/573 572/572/572 1169/1169/1169 610/610/610 
f 572/572/572 544/544/544 1170/1170/1170 1169/1169/1169 
f 1173/1173/1173 1174/1174/1174 614/614/614 618/618/618 
f 1173/1173/1173 618/618/618 611/611/611 1172/1172/1172 
f 1175/1175/1175 1173/1173/1173 1172/1172/1172 1171/1171/1171 
f 1176/1176/1176 1174/1174/1174 1173/1173/1173 1175/1175/1175 
f 1177/1177/1177 1174/1174/1174 1176/1176/1176 1178/1178/1178 
f 1102/1102/1102 1177/1177/1177 1178/1178/1178 1103/1103/1103 
f 617/617/617 615/615/615 1177/1177/1177 1102/1102/1102 
f 615/615/615 614/614/614 1174/1174/1174 1177/1177/1177 
f 1179/1179/1179 1180/1180/1180 535/535/535 534/534/534 
f 527/527/527 1179/1179/1179 534/534/534 529/529/529 
f 528/528/528 1181/1181/1181 1179/1179/1179 527/527/527 
f 1181/1181/1181 1182/1182/1182 1180/1180/1180 1179/1179/1179 
f 1183/1183/1183 1170/1170/1170 544/544/544 542/542/542 
f 1180/1180/1180 1183/1183/1183 542/542/542 535/535/535 
f 1182/1182/1182 1184/1184/1184 1183/1183/1183 1180/1180/1180 
f 1184/1184/1184 1171/1171/1171 1170/1170/1170 1183/1183/1183 
f 1185/1185/1185 1186/1186/1186 1187/1187/1187 1188/1188/1188 
f 1175/1175/1175 1185/1185/1185 1188/1188/1188 1176/1176/1176 
f 1171/1171/1171 1184/1184/1184 1185/1185/1185 1175/1175/1175 
f 1184/1184/1184 1182/1182/1182 1186/1186/1186 1185/1185/1185 
f 1189/1189/1189 1190/1190/1190 1191/1191/1191 1192/1192/1192 
f 1192/1192/1192 1191/1191/1191 1187/1187/1187 1193/1193/1193 
f 1194/1194/1194 1192/1192/1192 1193/1193/1193 1195/1195/1195 
f 1196/1196/1196 1189/1189/1189 1192/1192/1192 1194/1194/1194 
f 1197/1197/1197 475/475/475 473/473/473 1198/1198/1198 
f 1198/1198/1198 473/473/473 472/472/472 1199/1199/1199 
f 1194/1194/1194 1198/1198/1198 1199/1199/1199 1196/1196/1196 
f 1195/1195/1195 1197/1197/1197 1198/1198/1198 1194/1194/1194 
f 1200/1200/1200 1201/1201/1201 528/528/528 526/526/526 
f 1200/1200/1200 526/526/526 508/508/508 511/511/511 
f 1197/1197/1197 1200/1200/1200 511/511/511 475/475/475 
f 1197/1197/1197 1195/1195/1195 1201/1201/1201 1200/1200/1200 
f 1202/1202/1202 1186/1186/1186 1182/1182/1182 1181/1181/1181 
f 1201/1201/1201 1202/1202/1202 1181/1181/1181 528/528/528 
f 1195/1195/1195 1193/1193/1193 1202/1202/1202 1201/1201/1201 
f 1193/1193/1193 1187/1187/1187 1186/1186/1186 1202/1202/1202 
f 1203/1203/1203 1204/1204/1204 1205/1205/1205 1206/1206/1206 
f 1207/1207/1207 1203/1203/1203 1206/1206/1206 1208/1208/1208 
f 1105/1105/1105 1104/1104/1104 1203/1203/1203 1207/1207/1207 
f 1104/1104/1104 1103/1103/1103 1204/1204/1204 1203/1203/1203 
f 1209/1209/1209 1191/1191/1191 1190/1190/1190 1210/1210/1210 
f 1178/1178/1178 1209/1209/1209 1210/1210/1210 1103/1103/1103 
f 1176/1176/1176 1188/1188/1188 1209/1209/1209 1178/1178/1178 
f 1188/1188/1188 1187/1187/1187 1191/1191/1191 1209/1209/1209 
f 1211/1211/1211 1212/1212/1212 1089/1089/1089 1087/1087/1087 
f 1095/1095/1095 1211/1211/1211 1087/1087/1087 1086/1086/1086 
f 505/505/505 503/503/503 1211/1211/1211 1095/1095/1095 
f 503/503/503 501/501/501 1212/1212/1212 1211/1211/1211 
f 1213/1213/1213 1214/1214/1214 1215/1215/1215 1216/1216/1216 
f 1212/1212/1212 1213/1213/1213 1216/1216/1216 1089/1089/1089 
f 501/501/501 1214/1214/1214 1213/1213/1213 1212/1212/1212 
f 1217/1217/1217 1215/1215/1215 1214/1214/1214 1218/1218/1218 
f 500/500/500 1218/1218/1218 1214/1214/1214 501/501/501 
f 496/496/496 513/513/513 1218/1218/1218 500/500/500 
f 517/517/517 1217/1217/1217 1218/1218/1218 513/513/513 
f 1219/1219/1219 549/549/549 559/559/559 1220/1220/1220 
f 1220/1220/1220 559/559/559 556/556/556 553/553/553 
f 554/554/554 1221/1221/1221 1220/1220/1220 553/553/553 
f 1221/1221/1221 1222/1222/1222 1219/1219/1219 1220/1220/1220 
f 1221/1221/1221 554/554/554 715/715/715 1223/1223/1223 
f 1082/1082/1082 1223/1223/1223 715/715/715 717/717/717 
f 1081/1081/1081 1224/1224/1224 1223/1223/1223 1082/1082/1082 
f 1224/1224/1224 1222/1222/1222 1221/1221/1221 1223/1223/1223 
f 1225/1225/1225 1226/1226/1226 1081/1081/1081 1080/1080/1080 
f 1107/1107/1107 1225/1225/1225 1080/1080/1080 1079/1079/1079 
f 1090/1090/1090 1227/1227/1227 1225/1225/1225 1107/1107/1107 
f 1227/1227/1227 1228/1228/1228 1226/1226/1226 1225/1225/1225 
f 1229/1229/1229 1230/1230/1230 1228/1228/1228 1227/1227/1227 
f 1088/1088/1088 1229/1229/1229 1227/1227/1227 1090/1090/1090 
f 1089/1089/1089 1230/1230/1230 1229/1229/1229 1088/1088/1088 
f 1231/1231/1231 1232/1232/1232 1233/1233/1233 1234/1234/1234 
f 1224/1224/1224 1231/1231/1231 1234/1234/1234 1222/1222/1222 
f 1081/1081/1081 1226/1226/1226 1231/1231/1231 1224/1224/1224 
f 1226/1226/1226 1228/1228/1228 1232/1232/1232 1231/1231/1231 
f 1232/1232/1232 1228/1228/1228 1230/1230/1230 1235/1235/1235 
f 1235/1235/1235 1230/1230/1230 1089/1089/1089 1216/1216/1216 
f 1236/1236/1236 1235/1235/1235 1216/1216/1216 1215/1215/1215 
f 1233/1233/1233 1232/1232/1232 1235/1235/1235 1236/1236/1236 
f 1237/1237/1237 1236/1236/1236 1215/1215/1215 1217/1217/1217 
f 519/519/519 1237/1237/1237 1217/1217/1217 517/517/517 
f 523/523/523 1238/1238/1238 1237/1237/1237 519/519/519 
f 1238/1238/1238 1233/1233/1233 1236/1236/1236 1237/1237/1237 
f 1238/1238/1238 523/523/523 547/547/547 1239/1239/1239 
f 1239/1239/1239 547/547/547 549/549/549 1219/1219/1219 
f 1222/1222/1222 1234/1234/1234 1239/1239/1239 1219/1219/1219 
f 1233/1233/1233 1238/1238/1238 1239/1239/1239 1234/1234/1234 
f 1240/1240/1240 1241/1241/1241 472/472/472 471/471/471 
f 1013/1013/1013 1240/1240/1240 471/471/471 470/470/470 
f 1007/1007/1007 1242/1242/1242 1240/1240/1240 1013/1013/1013 
f 1242/1242/1242 1243/1243/1243 1241/1241/1241 1240/1240/1240 
f 1244/1244/1244 1245/1245/1245 1196/1196/1196 1199/1199/1199 
f 1241/1241/1241 1244/1244/1244 1199/1199/1199 472/472/472 
f 1243/1243/1243 1246/1246/1246 1244/1244/1244 1241/1241/1241 
f 1246/1246/1246 1205/1205/1205 1245/1245/1245 1244/1244/1244 
f 1247/1247/1247 1248/1248/1248 1205/1205/1205 1246/1246/1246 
f 1249/1249/1249 1247/1247/1247 1246/1246/1246 1243/1243/1243 
f 1163/1163/1163 1248/1248/1248 1247/1247/1247 1249/1249/1249 
f 1210/1210/1210 1190/1190/1190 1189/1189/1189 1250/1250/1250 
f 1245/1245/1245 1250/1250/1250 1189/1189/1189 1196/1196/1196 
f 1204/1204/1204 1250/1250/1250 1245/1245/1245 1205/1205/1205 
f 1103/1103/1103 1210/1210/1210 1250/1250/1250 1204/1204/1204 
f 1251/1251/1251 1252/1252/1252 1253/1253/1253 1254/1254/1254 
f 1254/1254/1254 1253/1253/1253 1208/1208/1208 1206/1206/1206 
f 1248/1248/1248 1254/1254/1254 1206/1206/1206 1205/1205/1205 
f 1248/1248/1248 1163/1163/1163 1251/1251/1251 1254/1254/1254 
f 1255/1255/1255 1256/1256/1256 1011/1011/1011 1015/1015/1015 
f 878/878/878 1255/1255/1255 1015/1015/1015 876/876/876 
f 880/880/880 1164/1164/1164 1255/1255/1255 878/878/878 
f 1164/1164/1164 1163/1163/1163 1256/1256/1256 1255/1255/1255 
f 1257/1257/1257 1249/1249/1249 1243/1243/1243 1242/1242/1242 
f 1010/1010/1010 1257/1257/1257 1242/1242/1242 1007/1007/1007 
f 1011/1011/1011 1256/1256/1256 1257/1257/1257 1010/1010/1010 
f 1256/1256/1256 1163/1163/1163 1249/1249/1249 1257/1257/1257 
f 1258/1258/1258 1162/1162/1162 1024/1024/1024 1165/1165/1165 
f 1259/1259/1259 1258/1258/1258 1165/1165/1165 1168/1168/1168 
f 1252/1252/1252 1251/1251/1251 1258/1258/1258 1259/1259/1259 
f 1251/1251/1251 1163/1163/1163 1162/1162/1162 1258/1258/1258 
f 1260/1260/1260 1261/1261/1261 1262/1262/1262 1263/1263/1263 
f 1264/1264/1264 1260/1260/1260 1263/1263/1263 1265/1265/1265 
f 1266/1266/1266 1260/1260/1260 1264/1264/1264 1267/1267/1267 
f 1266/1266/1266 1268/1268/1268 1261/1261/1261 1260/1260/1260 
f 1269/1269/1269 1270/1270/1270 1267/1267/1267 1264/1264/1264 
f 1271/1271/1271 1269/1269/1269 1264/1264/1264 1265/1265/1265 
f 1272/1272/1272 1273/1273/1273 1269/1269/1269 1271/1271/1271 
f 1273/1273/1273 1274/1274/1274 1270/1270/1270 1269/1269/1269 
f 1275/1275/1275 1276/1276/1276 1277/1277/1277 1278/1278/1278 
f 1275/1275/1275 1278/1278/1278 1279/1279/1279 1280/1280/1280 
f 1281/1281/1281 1275/1275/1275 1280/1280/1280 1282/1282/1282 
f 1281/1281/1281 1283/1283/1283 1276/1276/1276 1275/1275/1275 
f 1284/1284/1284 1276/1276/1276 1283/1283/1283 1285/1285/1285 
f 1270/1270/1270 1284/1284/1284 1285/1285/1285 1267/1267/1267 
f 1274/1274/1274 1286/1286/1286 1284/1284/1284 1270/1270/1270 
f 1286/1286/1286 1277/1277/1277 1276/1276/1276 1284/1284/1284 
f 1287/1287/1287 1274/1274/1274 1273/1273/1273 1288/1288/1288 
f 1289/1289/1289 1288/1288/1288 1273/1273/1273 1272/1272/1272 
f 1290/1290/1290 1291/1291/1291 1288/1288/1288 1289/1289/1289 
f 1292/1292/1292 1287/1287/1287 1288/1288/1288 1291/1291/1291 
f 1293/1293/1293 1294/1294/1294 1295/1295/1295 1296/1296/1296 
f 1296/1296/1296 1295/1295/1295 1297/1297/1297 1298/1298/1298 
f 1278/1278/1278 1296/1296/1296 1298/1298/1298 1279/1279/1279 
f 1278/1278/1278 1277/1277/1277 1293/1293/1293 1296/1296/1296 
f 1299/1299/1299 1300/1300/1300 1294/1294/1294 1293/1293/1293 
f 1299/1299/1299 1293/1293/1293 1277/1277/1277 1286/1286/1286 
f 1274/1274/1274 1287/1287/1287 1299/1299/1299 1286/1286/1286 
f 1287/1287/1287 1292/1292/1292 1300/1300/1300 1299/1299/1299 
f 1301/1301/1301 1292/1292/1292 1291/1291/1291 1302/1302/1302 
f 1303/1303/1303 1302/1302/1302 1291/1291/1291 1290/1290/1290 
f 1304/1304/1304 1305/1305/1305 1302/1302/1302 1303/1303/1303 
f 1306/1306/1306 1301/1301/1301 1302/1302/1302 1305/1305/1305 
f 1307/1307/1307 1308/1308/1308 1309/1309/1309 1310/1310/1310 
f 1295/1295/1295 1307/1307/1307 1310/1310/1310 1297/1297/1297 
f 1294/1294/1294 1311/1311/1311 1307/1307/1307 1295/1295/1295 
f 1311/1311/1311 1312/1312/1312 1308/1308/1308 1307/1307/1307 
f 1313/1313/1313 1314/1314/1314 1312/1312/1312 1311/1311/1311 
f 1300/1300/1300 1313/1313/1313 1311/1311/1311 1294/1294/1294 
f 1292/1292/1292 1301/1301/1301 1313/1313/1313 1300/1300/1300 
f 1301/1301/1301 1306/1306/1306 1314/1314/1314 1313/1313/1313 
f 1315/1315/1315 1316/1316/1316 1306/1306/1306 1305/1305/1305 
f 1317/1317/1317 1315/1315/1315 1305/1305/1305 1304/1304/1304 
f 1318/1318/1318 1319/1319/1319 1315/1315/1315 1317/1317/1317 
f 1319/1319/1319 1320/1320/1320 1316/1316/1316 1315/1315/1315 
f 1321/1321/1321 1322/1322/1322 1323/1323/1323 1324/1324/1324 
f 1308/1308/1308 1321/1321/1321 1324/1324/1324 1309/1309/1309 
f 1325/1325/1325 1321/1321/1321 1308/1308/1308 1312/1312/1312 
f 1326/1326/1326 1322/1322/1322 1321/1321/1321 1325/1325/1325 
f 1327/1327/1327 1325/1325/1325 1312/1312/1312 1314/1314/1314 
f 1316/1316/1316 1327/1327/1327 1314/1314/1314 1306/1306/1306 
f 1320/1320/1320 1328/1328/1328 1327/1327/1327 1316/1316/1316 
f 1328/1328/1328 1326/1326/1326 1325/1325/1325 1327/1327/1327 
f 1329/1329/1329 1330/1330/1330 1320/1320/1320 1319/1319/1319 
f 1331/1331/1331 1329/1329/1329 1319/1319/1319 1318/1318/1318 
f 1332/1332/1332 1333/1333/1333 1329/1329/1329 1331/1331/1331 
f 1333/1333/1333 1334/1334/1334 1330/1330/1330 1329/1329/1329 
f 1335/1335/1335 1336/1336/1336 1337/1337/1337 1338/1338/1338 
f 1339/1339/1339 1335/1335/1335 1338/1338/1338 1340/1340/1340 
f 1322/1322/1322 1335/1335/1335 1339/1339/1339 1323/1323/1323 
f 1322/1322/1322 1326/1326/1326 1336/1336/1336 1335/1335/1335 
f 1341/1341/1341 1336/1336/1336 1326/1326/1326 1328/1328/1328 
f 1330/1330/1330 1341/1341/1341 1328/1328/1328 1320/1320/1320 
f 1334/1334/1334 1342/1342/1342 1341/1341/1341 1330/1330/1330 
f 1342/1342/1342 1337/1337/1337 1336/1336/1336 1341/1341/1341 
f 1343/1343/1343 1344/1344/1344 1334/1334/1334 1333/1333/1333 
f 1345/1345/1345 1343/1343/1343 1333/1333/1333 1332/1332/1332 
f 1346/1346/1346 1347/1347/1347 1343/1343/1343 1345/1345/1345 
f 1347/1347/1347 1348/1348/1348 1344/1344/1344 1343/1343/1343 
f 1349/1349/1349 1350/1350/1350 1351/1351/1351 1352/1352/1352 
f 1353/1353/1353 1349/1349/1349 1352/1352/1352 1354/1354/1354 
f 1340/1340/1340 1338/1338/1338 1349/1349/1349 1353/1353/1353 
f 1338/1338/1338 1337/1337/1337 1350/1350/1350 1349/1349/1349 
f 1355/1355/1355 1350/1350/1350 1337/1337/1337 1342/1342/1342 
f 1344/1344/1344 1355/1355/1355 1342/1342/1342 1334/1334/1334 
f 1348/1348/1348 1356/1356/1356 1355/1355/1355 1344/1344/1344 
f 1356/1356/1356 1351/1351/1351 1350/1350/1350 1355/1355/1355 
f 1357/1357/1357 1358/1358/1358 1348/1348/1348 1347/1347/1347 
f 1359/1359/1359 1357/1357/1357 1347/1347/1347 1346/1346/1346 
f 1360/1360/1360 1357/1357/1357 1359/1359/1359 1361/1361/1361 
f 1360/1360/1360 1362/1362/1362 1358/1358/1358 1357/1357/1357 
f 1363/1363/1363 1364/1364/1364 1365/1365/1365 1366/1366/1366 
f 1367/1367/1367 1363/1363/1363 1366/1366/1366 1368/1368/1368 
f 1354/1354/1354 1352/1352/1352 1363/1363/1363 1367/1367/1367 
f 1352/1352/1352 1351/1351/1351 1364/1364/1364 1363/1363/1363 
f 1369/1369/1369 1364/1364/1364 1351/1351/1351 1356/1356/1356 
f 1358/1358/1358 1369/1369/1369 1356/1356/1356 1348/1348/1348 
f 1362/1362/1362 1370/1370/1370 1369/1369/1369 1358/1358/1358 
f 1370/1370/1370 1365/1365/1365 1364/1364/1364 1369/1369/1369 
f 1371/1371/1371 1372/1372/1372 1373/1373/1373 1374/1374/1374 
f 1360/1360/1360 1371/1371/1371 1374/1374/1374 1362/1362/1362 
f 1361/1361/1361 1375/1375/1375 1371/1371/1371 1360/1360/1360 
f 1375/1375/1375 1376/1376/1376 1372/1372/1372 1371/1371/1371 
f 1377/1377/1377 1378/1378/1378 1379/1379/1379 1380/1380/1380 
f 1380/1380/1380 1379/1379/1379 1381/1381/1381 1382/1382/1382 
f 1368/1368/1368 1366/1366/1366 1380/1380/1380 1382/1382/1382 
f 1365/1365/1365 1377/1377/1377 1380/1380/1380 1366/1366/1366 
f 1383/1383/1383 1384/1384/1384 1378/1378/1378 1377/1377/1377 
f 1370/1370/1370 1383/1383/1383 1377/1377/1377 1365/1365/1365 
f 1362/1362/1362 1374/1374/1374 1383/1383/1383 1370/1370/1370 
f 1374/1374/1374 1373/1373/1373 1384/1384/1384 1383/1383/1383 
f 1385/1385/1385 1386/1386/1386 1387/1387/1387 1388/1388/1388 
f 1372/1372/1372 1385/1385/1385 1388/1388/1388 1373/1373/1373 
f 1376/1376/1376 1389/1389/1389 1385/1385/1385 1372/1372/1372 
f 1389/1389/1389 1390/1390/1390 1386/1386/1386 1385/1385/1385 
f 1391/1391/1391 1392/1392/1392 1393/1393/1393 1394/1394/1394 
f 1394/1394/1394 1393/1393/1393 1381/1381/1381 1379/1379/1379 
f 1378/1378/1378 1395/1395/1395 1394/1394/1394 1379/1379/1379 
f 1395/1395/1395 1396/1396/1396 1391/1391/1391 1394/1394/1394 
f 1397/1397/1397 1398/1398/1398 1396/1396/1396 1395/1395/1395 
f 1384/1384/1384 1397/1397/1397 1395/1395/1395 1378/1378/1378 
f 1373/1373/1373 1388/1388/1388 1397/1397/1397 1384/1384/1384 
f 1388/1388/1388 1387/1387/1387 1398/1398/1398 1397/1397/1397 
f 1399/1399/1399 1387/1400/1387 1386/1401/1386 1400/1402/1400 
f 1400/1402/1400 1386/1401/1386 1390/1403/1390 1401/1404/1401 
f 1402/1405/1402 1400/1402/1400 1401/1404/1401 1403/1406/1403 
f 1404/1407/1404 1399/1399/1399 1400/1402/1400 1402/1405/1402 
f 1405/1408/1405 1406/1409/1406 1407/1410/1407 1408/1411/1408 
f 1405/1408/1405 1408/1411/1408 1392/1412/1392 1391/1413/1391 
f 1409/1414/1409 1405/1408/1405 1391/1413/1391 1396/1415/1396 
f 1409/1414/1409 1410/1416/1410 1406/1409/1406 1405/1408/1405 
f 1411/1417/1411 1412/1418/1412 1410/1416/1410 1409/1414/1409 
f 1398/1419/1398 1411/1417/1411 1409/1414/1409 1396/1415/1396 
f 1387/1400/1387 1399/1399/1399 1411/1417/1411 1398/1419/1398 
f 1399/1399/1399 1404/1407/1404 1412/1418/1412 1411/1417/1411 
f 1413/1420/1413 1414/1421/1414 1415/1422/1415 1416/1423/1416 
f 1406/1409/1406 1413/1420/1413 1416/1423/1416 1407/1410/1407 
f 1410/1416/1410 1417/1424/1417 1413/1420/1413 1406/1409/1406 
f 1417/1424/1417 1418/1425/1418 1414/1421/1414 1413/1420/1413 
f 1419/1426/1419 1420/1427/1420 1421/1428/1421 1422/1429/1422 
f 1414/1421/1414 1419/1426/1419 1422/1429/1422 1415/1422/1415 
f 1418/1425/1418 1423/1430/1423 1419/1426/1419 1414/1421/1414 
f 1423/1430/1423 1424/1431/1424 1420/1427/1420 1419/1426/1419 
f 1425/1432/1425 1426/1433/1426 1418/1425/1418 1417/1424/1417 
f 1412/1418/1412 1425/1432/1425 1417/1424/1417 1410/1416/1410 
f 1404/1407/1404 1427/1434/1427 1425/1432/1425 1412/1418/1412 
f 1427/1434/1427 1428/1435/1428 1426/1433/1426 1425/1432/1425 
f 1423/1430/1423 1418/1425/1418 1426/1433/1426 1429/1436/1429 
f 1429/1436/1429 1426/1433/1426 1428/1435/1428 1430/1437/1430 
f 1431/1438/1431 1432/1439/1432 1429/1436/1429 1430/1437/1430 
f 1432/1439/1432 1424/1431/1424 1423/1430/1423 1429/1436/1429 
f 1433/1440/1433 1434/1441/1434 1428/1435/1428 1427/1434/1427 
f 1402/1405/1402 1433/1440/1433 1427/1434/1427 1404/1407/1404 
f 1435/1442/1435 1433/1440/1433 1402/1405/1402 1403/1406/1403 
f 1436/1443/1436 1434/1441/1434 1433/1440/1433 1435/1442/1435 
f 1437/1444/1437 1438/1445/1438 1439/1446/1439 1440/1447/1440 
f 1440/1447/1440 1439/1446/1439 1441/1448/1441 1442/1449/1442 
f 1443/1450/1443 1440/1447/1440 1442/1449/1442 1431/1438/1431 
f 1444/1451/1444 1437/1444/1437 1440/1447/1440 1443/1450/1443 
f 1443/1450/1443 1431/1438/1431 1430/1437/1430 1445/1452/1445 
f 1434/1441/1434 1445/1452/1445 1430/1437/1430 1428/1435/1428 
f 1436/1443/1436 1446/1453/1446 1445/1452/1445 1434/1441/1434 
f 1446/1453/1446 1444/1451/1444 1443/1450/1443 1445/1452/1445 
f 1447/1454/1447 1448/1455/1448 1449/1456/1449 1450/1457/1450 
f 1451/1458/1451 1447/1454/1447 1450/1457/1450 1452/1459/1452 
f 1421/1428/1421 1420/1427/1420 1447/1454/1447 1451/1458/1451 
f 1420/1427/1420 1424/1431/1424 1448/1455/1448 1447/1454/1447 
f 1432/1439/1432 1431/1438/1431 1442/1449/1442 1453/1460/1453 
f 1454/1461/1454 1453/1460/1453 1442/1449/1442 1441/1448/1441 
f 1448/1455/1448 1453/1460/1453 1454/1461/1454 1449/1456/1449 
f 1424/1431/1424 1432/1439/1432 1453/1460/1453 1448/1455/1448 
f 1455/1462/1455 1441/1448/1441 1439/1446/1439 1456/1463/1456 
f 1456/1463/1456 1439/1446/1439 1438/1445/1438 1457/1464/1457 
f 1458/1465/1458 1456/1463/1456 1457/1464/1457 1459/1466/1459 
f 1458/1465/1458 1460/1467/1460 1455/1462/1455 1456/1463/1456 
f 1461/1468/1461 1462/1469/1462 1463/1470/1463 1464/1471/1464 
f 1465/1472/1465 1461/1468/1461 1464/1471/1464 1466/1473/1466 
f 1452/1459/1452 1450/1457/1450 1461/1468/1461 1465/1472/1465 
f 1450/1457/1450 1449/1456/1449 1462/1469/1462 1461/1468/1461 
f 1467/1474/1467 1463/1470/1463 1462/1469/1462 1468/1475/1468 
f 1468/1475/1468 1462/1469/1462 1449/1456/1449 1454/1461/1454 
f 1441/1448/1441 1455/1462/1455 1468/1475/1468 1454/1461/1454 
f 1460/1467/1460 1467/1474/1467 1468/1475/1468 1455/1462/1455 
f 1469/1476/1469 1470/1477/1470 1460/1467/1460 1458/1465/1458 
f 1471/1478/1471 1469/1476/1469 1458/1465/1458 1459/1466/1459 
f 1472/1479/1472 1473/1480/1473 1469/1476/1469 1471/1478/1471 
f 1473/1480/1473 1474/1481/1474 1470/1477/1470 1469/1476/1469 
f 1475/1482/1475 1476/1483/1476 1477/1484/1477 1478/1485/1478 
f 1479/1486/1479 1475/1482/1475 1478/1485/1478 1480/1487/1480 
f 1466/1473/1466 1464/1471/1464 1475/1482/1475 1479/1486/1479 
f 1464/1471/1464 1463/1470/1463 1476/1483/1476 1475/1482/1475 
f 1481/1488/1481 1476/1483/1476 1463/1470/1463 1467/1474/1467 
f 1470/1477/1470 1481/1488/1481 1467/1474/1467 1460/1467/1460 
f 1474/1481/1474 1482/1489/1482 1481/1488/1481 1470/1477/1470 
f 1482/1489/1482 1477/1484/1477 1476/1483/1476 1481/1488/1481 
f 1483/1490/1483 1484/1491/1484 1474/1481/1474 1473/1480/1473 
f 1485/1492/1485 1483/1490/1483 1473/1480/1473 1472/1479/1472 
f 1486/1493/1486 1487/1494/1487 1483/1490/1483 1485/1492/1485 
f 1487/1494/1487 1488/1495/1488 1484/1491/1484 1483/1490/1483 
f 1489/1496/1489 1490/1497/1490 1491/1498/1491 1492/1499/1492 
f 1493/1500/1493 1489/1496/1489 1492/1499/1492 1494/1501/1494 
f 1480/1487/1480 1478/1485/1478 1489/1496/1489 1493/1500/1493 
f 1478/1485/1478 1477/1484/1477 1490/1497/1490 1489/1496/1489 
f 1495/1502/1495 1490/1497/1490 1477/1484/1477 1482/1489/1482 
f 1484/1491/1484 1495/1502/1495 1482/1489/1482 1474/1481/1474 
f 1488/1495/1488 1496/1503/1496 1495/1502/1495 1484/1491/1484 
f 1496/1503/1496 1491/1498/1491 1490/1497/1490 1495/1502/1495 
f 1497/1504/1497 1498/1505/1498 1488/1495/1488 1487/1494/1487 
f 1499/1506/1499 1497/1504/1497 1487/1494/1487 1486/1493/1486 
f 1500/1507/1500 1501/1508/1501 1497/1504/1497 1499/1506/1499 
f 1501/1508/1501 1502/1509/1502 1498/1505/1498 1497/1504/1497 
f 1503/1510/1503 1504/1511/1504 1505/1512/1505 1506/1513/1506 
f 1507/1514/1507 1503/1510/1503 1506/1513/1506 1508/1515/1508 
f 1494/1501/1494 1492/1499/1492 1503/1510/1503 1507/1514/1507 
f 1492/1499/1492 1491/1498/1491 1504/1511/1504 1503/1510/1503 
f 1509/1516/1509 1504/1511/1504 1491/1498/1491 1496/1503/1496 
f 1498/1505/1498 1509/1516/1509 1496/1503/1496 1488/1495/1488 
f 1502/1509/1502 1510/1517/1510 1509/1516/1509 1498/1505/1498 
f 1510/1517/1510 1505/1512/1505 1504/1511/1504 1509/1516/1509 
f 1501/1508/1501 1500/1507/1500 1511/1518/1511 1512/1519/1512 
f 1513/1520/1513 1512/1519/1512 1511/1518/1511 1514/1521/1514 
f 1515/1522/1515 1516/1523/1516 1512/1519/1512 1513/1520/1513 
f 1516/1523/1516 1502/1509/1502 1501/1508/1501 1512/1519/1512 
f 1517/1524/1517 1518/1525/1518 1519/1526/1519 1520/1527/1520 
f 1517/1524/1517 1520/1527/1520 1508/1515/1508 1506/1513/1506 
f 1521/1528/1521 1517/1524/1517 1506/1513/1506 1505/1512/1505 
f 1521/1528/1521 1522/1529/1522 1518/1525/1518 1517/1524/1517 
f 1523/1530/1523 1524/1531/1524 1522/1529/1522 1521/1528/1521 
f 1510/1517/1510 1523/1530/1523 1521/1528/1521 1505/1512/1505 
f 1502/1509/1502 1516/1523/1516 1523/1530/1523 1510/1517/1510 
f 1516/1523/1516 1515/1522/1515 1524/1531/1524 1523/1530/1523 
f 1525/1532/1525 1526/1533/1526 1527/1534/1527 1528/1535/1528 
f 1513/1520/1513 1528/1535/1528 1527/1534/1527 1515/1522/1515 
f 1529/1536/1529 1528/1535/1528 1513/1520/1513 1514/1521/1514 
f 1530/1537/1530 1525/1532/1525 1528/1535/1528 1529/1536/1529 
f 1531/1538/1531 1532/1539/1532 1533/1540/1533 1534/1541/1534 
f 1518/1525/1518 1531/1538/1531 1534/1541/1534 1519/1526/1519 
f 1522/1529/1522 1535/1542/1535 1531/1538/1531 1518/1525/1518 
f 1536/1543/1536 1532/1539/1532 1531/1538/1531 1535/1542/1535 
f 1537/1544/1537 1536/1543/1536 1535/1542/1535 1538/1545/1538 
f 1524/1531/1524 1538/1545/1538 1535/1542/1535 1522/1529/1522 
f 1515/1522/1515 1527/1534/1527 1538/1545/1538 1524/1531/1524 
f 1527/1534/1527 1526/1533/1526 1537/1544/1537 1538/1545/1538 
f 1539/1546/1539 1525/1532/1525 1530/1537/1530 1540/1547/1540 
f 1541/1548/1541 1539/1546/1539 1540/1547/1540 1542/1549/1542 
f 1543/1550/1543 1544/1551/1544 1539/1546/1539 1541/1548/1541 
f 1544/1551/1544 1526/1533/1526 1525/1532/1525 1539/1546/1539 
f 1545/1552/1545 1546/1553/1546 1536/1543/1536 1537/1544/1537 
f 1544/1551/1544 1545/1552/1545 1537/1544/1537 1526/1533/1526 
f 1543/1550/1543 1547/1554/1547 1545/1552/1545 1544/1551/1544 
f 1547/1554/1547 1548/1555/1548 1546/1553/1546 1545/1552/1545 
f 1549/1556/1549 1550/1557/1550 1551/1558/1551 1552/1559/1552 
f 1553/1560/1553 1549/1556/1549 1552/1559/1552 1554/1561/1554 
f 1262/1262/1262 1261/1261/1261 1549/1556/1549 1553/1560/1553 
f 1261/1261/1261 1268/1268/1268 1550/1557/1550 1549/1556/1549 
f 1555/1562/1555 1551/1558/1551 1550/1557/1550 1556/1563/1556 
f 1557/1564/1557 1556/1563/1556 1550/1557/1550 1268/1268/1268 
f 1558/1565/1558 1556/1563/1556 1557/1564/1557 1559/1566/1559 
f 1560/1567/1560 1555/1562/1555 1556/1563/1556 1558/1565/1558 
f 1561/1568/1561 1562/1569/1562 1283/1283/1283 1281/1281/1281 
f 1563/1570/1563 1561/1568/1561 1281/1281/1281 1282/1282/1282 
f 1564/1571/1564 1565/1572/1565 1561/1568/1561 1563/1570/1563 
f 1565/1572/1565 1559/1566/1559 1562/1569/1562 1561/1568/1561 
f 1566/1573/1566 1562/1569/1562 1559/1566/1559 1557/1564/1557 
f 1266/1266/1266 1566/1573/1566 1557/1564/1557 1268/1268/1268 
f 1267/1267/1267 1285/1285/1285 1566/1573/1566 1266/1266/1266 
f 1285/1285/1285 1283/1283/1283 1562/1569/1562 1566/1573/1566 
f 1567/1574/1567 1568/1575/1568 1569/1576/1569 1570/1577/1570 
f 1553/1560/1553 1570/1577/1570 1569/1576/1569 1262/1262/1262 
f 1554/1561/1554 1571/1578/1571 1570/1577/1570 1553/1560/1553 
f 1572/1579/1572 1567/1574/1567 1570/1577/1570 1571/1578/1571 
f 1573/1580/1573 1265/1265/1265 1263/1263/1263 1574/1581/1574 
f 1569/1576/1569 1574/1581/1574 1263/1263/1263 1262/1262/1262 
f 1575/1582/1575 1574/1581/1574 1569/1576/1569 1568/1575/1568 
f 1576/1583/1576 1573/1580/1573 1574/1581/1574 1575/1582/1575 
f 1577/1584/1577 1578/1585/1578 1542/1549/1542 1540/1547/1540 
f 1579/1586/1579 1577/1584/1577 1540/1547/1540 1530/1537/1530 
f 1580/1587/1580 1577/1584/1577 1579/1586/1579 1581/1588/1581 
f 1582/1589/1582 1578/1585/1578 1577/1584/1577 1580/1587/1580 
f 1583/1590/1583 1581/1588/1581 1579/1586/1579 1584/1591/1584 
f 1529/1536/1529 1584/1591/1584 1579/1586/1579 1530/1537/1530 
f 1585/1592/1585 1584/1591/1584 1529/1536/1529 1514/1521/1514 
f 1586/1593/1586 1583/1590/1583 1584/1591/1584 1585/1592/1585 
f 1587/1594/1587 1575/1582/1575 1568/1575/1568 1567/1574/1567 
f 1588/1595/1588 1587/1594/1587 1567/1574/1567 1572/1579/1572 
f 1589/1596/1589 1590/1597/1590 1587/1594/1587 1588/1595/1588 
f 1590/1597/1590 1576/1583/1576 1575/1582/1575 1587/1594/1587 
f 1591/1598/1591 1592/1599/1592 1593/1600/1593 1594/1601/1594 
f 1271/1271/1271 1591/1598/1591 1594/1601/1594 1272/1272/1272 
f 1265/1265/1265 1573/1580/1573 1591/1598/1591 1271/1271/1271 
f 1573/1580/1573 1576/1583/1576 1592/1599/1592 1591/1598/1591 
f 1595/1602/1595 1580/1587/1580 1581/1588/1581 1583/1590/1583 
f 1596/1603/1596 1595/1602/1595 1583/1590/1583 1586/1593/1586 
f 1597/1604/1597 1598/1605/1598 1595/1602/1595 1596/1603/1596 
f 1598/1605/1598 1582/1589/1582 1580/1587/1580 1595/1602/1595 
f 1599/1606/1599 1600/1607/1600 1601/1608/1601 1602/1609/1602 
f 1585/1592/1585 1599/1606/1599 1602/1609/1602 1586/1593/1586 
f 1514/1521/1514 1511/1518/1511 1599/1606/1599 1585/1592/1585 
f 1511/1518/1511 1500/1507/1500 1600/1607/1600 1599/1606/1599 
f 1603/1610/1603 1604/1611/1604 1605/1612/1605 1606/1613/1606 
f 1600/1607/1600 1603/1610/1603 1606/1613/1606 1601/1608/1601 
f 1500/1507/1500 1499/1506/1499 1603/1610/1603 1600/1607/1600 
f 1499/1506/1499 1486/1493/1486 1604/1611/1604 1603/1610/1603 
f 1607/1614/1607 1608/1615/1608 1609/1616/1609 1610/1617/1610 
f 1289/1289/1289 1607/1614/1607 1610/1617/1610 1290/1290/1290 
f 1272/1272/1272 1594/1601/1594 1607/1614/1607 1289/1289/1289 
f 1594/1601/1594 1593/1600/1593 1608/1615/1608 1607/1614/1607 
f 1611/1618/1611 1592/1599/1592 1576/1583/1576 1590/1597/1590 
f 1612/1619/1612 1611/1618/1611 1590/1597/1590 1589/1596/1589 
f 1613/1620/1613 1614/1621/1614 1611/1618/1611 1612/1619/1612 
f 1614/1621/1614 1593/1600/1593 1592/1599/1592 1611/1618/1611 
f 1615/1622/1615 1596/1603/1596 1586/1593/1586 1602/1609/1602 
f 1616/1623/1616 1615/1622/1615 1602/1609/1602 1601/1608/1601 
f 1617/1624/1617 1618/1625/1618 1615/1622/1615 1616/1623/1616 
f 1618/1625/1618 1597/1604/1597 1596/1603/1596 1615/1622/1615 
f 1619/1626/1619 1620/1627/1620 1621/1628/1621 1622/1629/1622 
f 1604/1611/1604 1619/1626/1619 1622/1629/1622 1605/1612/1605 
f 1486/1493/1486 1485/1492/1485 1619/1626/1619 1604/1611/1604 
f 1485/1492/1485 1472/1479/1472 1620/1627/1620 1619/1626/1619 
f 1623/1630/1623 1624/1631/1624 1625/1632/1625 1626/1633/1626 
f 1303/1303/1303 1623/1630/1623 1626/1633/1626 1304/1304/1304 
f 1290/1290/1290 1610/1617/1610 1623/1630/1623 1303/1303/1303 
f 1610/1617/1610 1609/1616/1609 1624/1631/1624 1623/1630/1623 
f 1627/1634/1627 1628/1635/1628 1629/1636/1629 1630/1637/1630 
f 1608/1615/1608 1627/1634/1627 1630/1637/1630 1609/1616/1609 
f 1593/1600/1593 1614/1621/1614 1627/1634/1627 1608/1615/1608 
f 1614/1621/1614 1613/1620/1613 1628/1635/1628 1627/1634/1627 
f 1631/1638/1631 1616/1623/1616 1601/1608/1601 1606/1613/1606 
f 1632/1639/1632 1631/1638/1631 1606/1613/1606 1605/1612/1605 
f 1633/1640/1633 1634/1641/1634 1631/1638/1631 1632/1639/1632 
f 1634/1641/1634 1617/1624/1617 1616/1623/1616 1631/1638/1631 
f 1635/1642/1635 1636/1643/1636 1637/1644/1637 1638/1645/1638 
f 1624/1631/1624 1635/1642/1635 1638/1645/1638 1625/1632/1625 
f 1609/1616/1609 1630/1637/1630 1635/1642/1635 1624/1631/1624 
f 1630/1637/1630 1629/1636/1629 1636/1643/1636 1635/1642/1635 
f 1639/1646/1639 1640/1647/1640 1641/1648/1641 1642/1649/1642 
f 1317/1317/1317 1639/1646/1639 1642/1649/1642 1318/1318/1318 
f 1304/1304/1304 1626/1633/1626 1639/1646/1639 1317/1317/1317 
f 1626/1633/1626 1625/1632/1625 1640/1647/1640 1639/1646/1639 
f 1643/1650/1643 1332/1332/1332 1331/1331/1331 1644/1651/1644 
f 1644/1651/1644 1331/1331/1331 1318/1318/1318 1642/1649/1642 
f 1645/1652/1645 1644/1651/1644 1642/1649/1642 1641/1648/1641 
f 1646/1653/1646 1643/1650/1643 1644/1651/1644 1645/1652/1645 
f 1647/1654/1647 1346/1346/1346 1345/1345/1345 1648/1655/1648 
f 1648/1655/1648 1345/1345/1345 1332/1332/1332 1643/1650/1643 
f 1649/1656/1649 1648/1655/1648 1643/1650/1643 1646/1653/1646 
f 1650/1657/1650 1647/1654/1647 1648/1655/1648 1649/1656/1649 
f 1651/1658/1651 1652/1659/1652 1361/1361/1361 1359/1359/1359 
f 1647/1654/1647 1651/1658/1651 1359/1359/1359 1346/1346/1346 
f 1650/1657/1650 1653/1660/1653 1651/1658/1651 1647/1654/1647 
f 1653/1660/1653 1654/1661/1654 1652/1659/1652 1651/1658/1651 
f 1655/1662/1655 1656/1663/1656 1376/1376/1376 1375/1375/1375 
f 1652/1659/1652 1655/1662/1655 1375/1375/1375 1361/1361/1361 
f 1654/1661/1654 1657/1664/1657 1655/1662/1655 1652/1659/1652 
f 1657/1664/1657 1658/1665/1658 1656/1663/1656 1655/1662/1655 
f 1659/1666/1659 1660/1667/1660 1390/1390/1390 1389/1389/1389 
f 1656/1663/1656 1659/1666/1659 1389/1389/1389 1376/1376/1376 
f 1658/1665/1658 1661/1668/1661 1659/1666/1659 1656/1663/1656 
f 1661/1668/1661 1662/1669/1662 1660/1667/1660 1659/1666/1659 
f 1663/1670/1663 1403/1406/1403 1401/1404/1401 1664/1671/1664 
f 1660/1672/1660 1664/1671/1664 1401/1404/1401 1390/1403/1390 
f 1662/1673/1662 1665/1674/1665 1664/1671/1664 1660/1672/1660 
f 1666/1675/1666 1663/1670/1663 1664/1671/1664 1665/1674/1665 
f 1667/1676/1667 1668/1677/1668 1669/1678/1669 1670/1679/1670 
f 1435/1442/1435 1667/1676/1667 1670/1679/1670 1436/1443/1436 
f 1403/1406/1403 1663/1670/1663 1667/1676/1667 1435/1442/1435 
f 1663/1670/1663 1666/1675/1666 1668/1677/1668 1667/1676/1667 
f 1671/1680/1671 1672/1681/1672 1673/1682/1673 1674/1683/1674 
f 1446/1453/1446 1671/1680/1671 1674/1683/1674 1444/1451/1444 
f 1436/1443/1436 1670/1679/1670 1671/1680/1671 1446/1453/1446 
f 1670/1679/1670 1669/1678/1669 1672/1681/1672 1671/1680/1671 
f 1675/1684/1675 1676/1685/1676 1438/1445/1438 1437/1444/1437 
f 1674/1683/1674 1675/1684/1675 1437/1444/1437 1444/1451/1444 
f 1673/1682/1673 1677/1686/1677 1675/1684/1675 1674/1683/1674 
f 1677/1686/1677 1678/1687/1678 1676/1685/1676 1675/1684/1675 
f 1679/1688/1679 1680/1689/1680 1459/1466/1459 1457/1464/1457 
f 1676/1685/1676 1679/1688/1679 1457/1464/1457 1438/1445/1438 
f 1678/1687/1678 1681/1690/1681 1679/1688/1679 1676/1685/1676 
f 1681/1690/1681 1682/1691/1682 1680/1689/1680 1679/1688/1679 
f 1683/1692/1683 1621/1628/1621 1620/1627/1620 1684/1693/1684 
f 1684/1693/1684 1620/1627/1620 1472/1479/1472 1471/1478/1471 
f 1680/1689/1680 1684/1693/1684 1471/1478/1471 1459/1466/1459 
f 1682/1691/1682 1683/1692/1683 1684/1693/1684 1680/1689/1680 
f 1685/1694/1685 1640/1647/1640 1625/1632/1625 1638/1645/1638 
f 1686/1695/1686 1685/1694/1685 1638/1645/1638 1637/1644/1637 
f 1687/1696/1687 1688/1697/1688 1685/1694/1685 1686/1695/1686 
f 1688/1697/1688 1641/1648/1641 1640/1647/1640 1685/1694/1685 
f 1689/1698/1689 1645/1652/1645 1641/1648/1641 1688/1697/1688 
f 1690/1699/1690 1689/1698/1689 1688/1697/1688 1687/1696/1687 
f 1691/1700/1691 1692/1701/1692 1689/1698/1689 1690/1699/1690 
f 1692/1701/1692 1646/1653/1646 1645/1652/1645 1689/1698/1689 
f 1693/1702/1693 1649/1656/1649 1646/1653/1646 1692/1701/1692 
f 1694/1703/1694 1693/1702/1693 1692/1701/1692 1691/1700/1691 
f 1695/1704/1695 1696/1705/1696 1693/1702/1693 1694/1703/1694 
f 1696/1705/1696 1650/1657/1650 1649/1656/1649 1693/1702/1693 
f 1697/1706/1697 1698/1707/1698 1654/1661/1654 1653/1660/1653 
f 1696/1705/1696 1697/1706/1697 1653/1660/1653 1650/1657/1650 
f 1695/1704/1695 1699/1708/1699 1697/1706/1697 1696/1705/1696 
f 1699/1708/1699 1700/1709/1700 1698/1707/1698 1697/1706/1697 
f 1701/1710/1701 1702/1711/1702 1658/1665/1658 1657/1664/1657 
f 1698/1707/1698 1701/1710/1701 1657/1664/1657 1654/1661/1654 
f 1700/1709/1700 1703/1712/1703 1701/1710/1701 1698/1707/1698 
f 1703/1712/1703 1704/1713/1704 1702/1711/1702 1701/1710/1701 
f 1705/1714/1705 1706/1715/1706 1662/1669/1662 1661/1668/1661 
f 1702/1711/1702 1705/1714/1705 1661/1668/1661 1658/1665/1658 
f 1704/1713/1704 1707/1716/1707 1705/1714/1705 1702/1711/1702 
f 1707/1716/1707 1708/1717/1708 1706/1715/1706 1705/1714/1705 
f 1665/1674/1665 1662/1673/1662 1706/1718/1706 1709/1719/1709 
f 1709/1719/1709 1706/1718/1706 1708/1720/1708 1710/1721/1710 
f 1711/1722/1711 1712/1723/1712 1709/1719/1709 1710/1721/1710 
f 1712/1723/1712 1666/1675/1666 1665/1674/1665 1709/1719/1709 
f 1713/1724/1713 1668/1677/1668 1666/1675/1666 1712/1723/1712 
f 1714/1725/1714 1713/1724/1713 1712/1723/1712 1711/1722/1711 
f 1715/1726/1715 1716/1727/1716 1713/1724/1713 1714/1725/1714 
f 1716/1727/1716 1669/1678/1669 1668/1677/1668 1713/1724/1713 
f 1717/1728/1717 1672/1681/1672 1669/1678/1669 1716/1727/1716 
f 1718/1729/1718 1717/1728/1717 1716/1727/1716 1715/1726/1715 
f 1719/1730/1719 1720/1731/1720 1717/1728/1717 1718/1729/1718 
f 1720/1731/1720 1673/1682/1673 1672/1681/1672 1717/1728/1717 
f 1721/1732/1721 1722/1733/1722 1678/1687/1678 1677/1686/1677 
f 1720/1731/1720 1721/1732/1721 1677/1686/1677 1673/1682/1673 
f 1719/1730/1719 1723/1734/1723 1721/1732/1721 1720/1731/1720 
f 1723/1734/1723 1724/1735/1724 1722/1733/1722 1721/1732/1721 
f 1725/1736/1725 1726/1737/1726 1682/1691/1682 1681/1690/1681 
f 1722/1733/1722 1725/1736/1725 1681/1690/1681 1678/1687/1678 
f 1724/1735/1724 1727/1738/1727 1725/1736/1725 1722/1733/1722 
f 1727/1738/1727 1728/1739/1728 1726/1737/1726 1725/1736/1725 
f 1729/1740/1729 1632/1639/1632 1605/1612/1605 1622/1629/1622 
f 1730/1741/1730 1729/1740/1729 1622/1629/1622 1621/1628/1621 
f 1731/1742/1731 1732/1743/1732 1729/1740/1729 1730/1741/1730 
f 1732/1743/1732 1633/1640/1633 1632/1639/1632 1729/1740/1729 
f 1733/1744/1733 1730/1741/1730 1621/1628/1621 1683/1692/1683 
f 1726/1737/1726 1733/1744/1733 1683/1692/1683 1682/1691/1682 
f 1728/1739/1728 1734/1745/1734 1733/1744/1733 1726/1737/1726 
f 1734/1745/1734 1731/1742/1731 1730/1741/1730 1733/1744/1733 
f 1735/1746/1735 1736/1747/1736 1633/1640/1633 1732/1743/1732 
f 1737/1748/1737 1735/1746/1735 1732/1743/1732 1731/1742/1731 
f 1738/1749/1738 1735/1746/1735 1737/1748/1737 1739/1750/1739 
f 1738/1749/1738 1740/1751/1740 1736/1747/1736 1735/1746/1735 
f 1741/1752/1741 1742/1753/1742 1743/1754/1743 1744/1755/1744 
f 1741/1752/1741 1744/1755/1744 1740/1751/1740 1738/1749/1738 
f 1739/1750/1739 1745/1756/1745 1741/1752/1741 1738/1749/1738 
f 1745/1756/1745 1746/1757/1746 1742/1753/1742 1741/1752/1741 
f 1747/1758/1747 1748/1759/1748 1617/1624/1617 1634/1641/1634 
f 1736/1747/1736 1747/1758/1747 1634/1641/1634 1633/1640/1633 
f 1740/1751/1740 1749/1760/1749 1747/1758/1747 1736/1747/1736 
f 1749/1760/1749 1750/1761/1750 1748/1759/1748 1747/1758/1747 
f 1751/1762/1751 1752/1763/1752 1753/1764/1753 1754/1765/1754 
f 1628/1635/1628 1751/1762/1751 1754/1765/1754 1629/1636/1629 
f 1613/1620/1613 1755/1766/1755 1751/1762/1751 1628/1635/1628 
f 1755/1766/1755 1756/1767/1756 1752/1763/1752 1751/1762/1751 
f 1757/1768/1757 1758/1769/1758 1743/1754/1743 1759/1770/1759 
f 1752/1763/1752 1757/1768/1757 1759/1770/1759 1753/1764/1753 
f 1756/1767/1756 1760/1771/1760 1757/1768/1757 1752/1763/1752 
f 1760/1771/1760 1761/1772/1761 1758/1769/1758 1757/1768/1757 
f 1749/1760/1749 1740/1751/1740 1744/1755/1744 1762/1773/1762 
f 1758/1769/1758 1762/1773/1762 1744/1755/1744 1743/1754/1743 
f 1761/1772/1761 1763/1774/1763 1762/1773/1762 1758/1769/1758 
f 1750/1761/1750 1749/1760/1749 1762/1773/1762 1763/1774/1763 
f 1764/1775/1764 1765/1776/1765 1597/1604/1597 1618/1625/1618 
f 1748/1759/1748 1764/1775/1764 1618/1625/1618 1617/1624/1617 
f 1750/1761/1750 1766/1777/1766 1764/1775/1764 1748/1759/1748 
f 1766/1777/1766 1767/1778/1767 1765/1776/1765 1764/1775/1764 
f 1768/1779/1768 1769/1780/1769 1756/1767/1756 1755/1766/1755 
f 1612/1619/1612 1768/1779/1768 1755/1766/1755 1613/1620/1613 
f 1589/1596/1589 1770/1781/1770 1768/1779/1768 1612/1619/1612 
f 1770/1781/1770 1771/1782/1771 1769/1780/1769 1768/1779/1768 
f 1772/1783/1772 1773/1784/1773 1761/1772/1761 1760/1771/1760 
f 1769/1780/1769 1772/1783/1772 1760/1771/1760 1756/1767/1756 
f 1771/1782/1771 1774/1785/1774 1772/1783/1772 1769/1780/1769 
f 1774/1785/1774 1775/1786/1775 1773/1784/1773 1772/1783/1772 
f 1776/1787/1776 1777/1788/1777 1767/1778/1767 1766/1777/1766 
f 1763/1774/1763 1776/1787/1776 1766/1777/1766 1750/1761/1750 
f 1773/1784/1773 1776/1787/1776 1763/1774/1763 1761/1772/1761 
f 1775/1786/1775 1777/1788/1777 1776/1787/1776 1773/1784/1773 
f 1778/1789/1778 1779/1790/1779 1582/1589/1582 1598/1605/1598 
f 1765/1776/1765 1778/1789/1778 1598/1605/1598 1597/1604/1597 
f 1767/1778/1767 1780/1791/1780 1778/1789/1778 1765/1776/1765 
f 1780/1791/1780 1781/1792/1781 1779/1790/1779 1778/1789/1778 
f 1782/1793/1782 1783/1794/1783 1771/1782/1771 1770/1781/1770 
f 1588/1595/1588 1782/1793/1782 1770/1781/1770 1589/1596/1589 
f 1572/1579/1572 1784/1795/1784 1782/1793/1782 1588/1595/1588 
f 1784/1795/1784 1785/1796/1785 1783/1794/1783 1782/1793/1782 
f 1786/1797/1786 1787/1798/1787 1775/1786/1775 1774/1785/1774 
f 1783/1794/1783 1786/1797/1786 1774/1785/1774 1771/1782/1771 
f 1785/1796/1785 1788/1799/1788 1786/1797/1786 1783/1794/1783 
f 1788/1799/1788 1789/1800/1789 1787/1798/1787 1786/1797/1786 
f 1790/1801/1790 1791/1802/1791 1781/1792/1781 1780/1791/1780 
f 1777/1788/1777 1790/1801/1790 1780/1791/1780 1767/1778/1767 
f 1787/1798/1787 1790/1801/1790 1777/1788/1777 1775/1786/1775 
f 1789/1800/1789 1791/1802/1791 1790/1801/1790 1787/1798/1787 
f 1792/1803/1792 1542/1549/1542 1578/1585/1578 1793/1804/1793 
f 1779/1790/1779 1793/1804/1793 1578/1585/1578 1582/1589/1582 
f 1781/1792/1781 1794/1805/1794 1793/1804/1793 1779/1790/1779 
f 1794/1805/1794 1795/1806/1795 1792/1803/1792 1793/1804/1793 
f 1796/1807/1796 1797/1808/1797 1785/1796/1785 1784/1795/1784 
f 1571/1578/1571 1796/1807/1796 1784/1795/1784 1572/1579/1572 
f 1554/1561/1554 1798/1809/1798 1796/1807/1796 1571/1578/1571 
f 1798/1809/1798 1799/1810/1799 1797/1808/1797 1796/1807/1796 
f 1800/1811/1800 1801/1812/1801 1789/1800/1789 1788/1799/1788 
f 1797/1808/1797 1800/1811/1800 1788/1799/1788 1785/1796/1785 
f 1799/1810/1799 1802/1813/1802 1800/1811/1800 1797/1808/1797 
f 1802/1813/1802 1803/1814/1803 1801/1812/1801 1800/1811/1800 
f 1794/1805/1794 1781/1792/1781 1791/1802/1791 1804/1815/1804 
f 1801/1812/1801 1804/1815/1804 1791/1802/1791 1789/1800/1789 
f 1803/1814/1803 1805/1816/1805 1804/1815/1804 1801/1812/1801 
f 1795/1806/1795 1794/1805/1794 1804/1815/1804 1805/1816/1805 
f 1806/1817/1806 1807/1818/1807 1808/1819/1808 1809/1820/1809 
f 1809/1820/1809 1808/1819/1808 1543/1550/1543 1541/1548/1541 
f 1542/1549/1542 1792/1803/1792 1809/1820/1809 1541/1548/1541 
f 1795/1806/1795 1806/1817/1806 1809/1820/1809 1792/1803/1792 
f 1810/1821/1810 1811/1822/1811 1799/1810/1799 1798/1809/1798 
f 1810/1821/1810 1798/1809/1798 1554/1561/1554 1552/1559/1552 
f 1812/1823/1812 1810/1821/1810 1552/1559/1552 1551/1558/1551 
f 1813/1824/1813 1811/1822/1811 1810/1821/1810 1812/1823/1812 
f 1814/1825/1814 1815/1826/1815 1807/1818/1807 1806/1817/1806 
f 1814/1825/1814 1806/1817/1806 1795/1806/1795 1805/1816/1805 
f 1803/1814/1803 1816/1827/1816 1814/1825/1814 1805/1816/1805 
f 1816/1827/1816 1817/1828/1817 1815/1826/1815 1814/1825/1814 
f 1818/1829/1818 1819/1830/1819 1817/1828/1817 1816/1827/1816 
f 1802/1813/1802 1818/1829/1818 1816/1827/1816 1803/1814/1803 
f 1811/1822/1811 1818/1829/1818 1802/1813/1802 1799/1810/1799 
f 1811/1822/1811 1813/1824/1813 1819/1830/1819 1818/1829/1818 
f 1820/1831/1820 1821/1832/1821 1822/1833/1822 1823/1834/1823 
f 1812/1823/1812 1820/1831/1820 1823/1834/1823 1813/1824/1813 
f 1551/1558/1551 1555/1562/1555 1820/1831/1820 1812/1823/1812 
f 1555/1562/1555 1560/1567/1560 1821/1832/1821 1820/1831/1820 
f 1824/1835/1824 1825/1836/1825 1548/1555/1548 1547/1554/1547 
f 1808/1819/1808 1824/1835/1824 1547/1554/1547 1543/1550/1543 
f 1807/1818/1807 1826/1837/1826 1824/1835/1824 1808/1819/1808 
f 1826/1837/1826 1827/1838/1827 1825/1836/1825 1824/1835/1824 
f 1828/1839/1828 1829/1840/1829 1827/1838/1827 1826/1837/1826 
f 1815/1826/1815 1828/1839/1828 1826/1837/1826 1807/1818/1807 
f 1817/1828/1817 1830/1841/1830 1828/1839/1828 1815/1826/1815 
f 1830/1841/1830 1831/1842/1831 1829/1840/1829 1828/1839/1828 
f 1832/1843/1832 1833/1844/1833 1831/1842/1831 1830/1841/1830 
f 1819/1830/1819 1832/1843/1832 1830/1841/1830 1817/1828/1817 
f 1813/1824/1813 1823/1834/1823 1832/1843/1832 1819/1830/1819 
f 1823/1834/1823 1822/1833/1822 1833/1844/1833 1832/1843/1832 
f 1834/1845/1834 1835/1846/1835 1746/1757/1746 1745/1756/1745 
f 1836/1847/1836 1834/1845/1834 1745/1756/1745 1739/1750/1739 
f 1837/1848/1837 1838/1849/1838 1834/1845/1834 1836/1847/1836 
f 1838/1849/1838 1839/1850/1839 1835/1846/1835 1834/1845/1834 
f 1840/1851/1840 1836/1847/1836 1739/1750/1739 1737/1748/1737 
f 1841/1852/1841 1840/1851/1840 1737/1748/1737 1731/1742/1731 
f 1842/1853/1842 1843/1854/1843 1840/1851/1840 1841/1852/1841 
f 1843/1854/1843 1837/1848/1837 1836/1847/1836 1840/1851/1840 
f 1844/1855/1844 1694/1703/1694 1691/1700/1691 1845/1856/1845 
f 1846/1857/1846 1844/1855/1844 1845/1856/1845 1847/1858/1847 
f 1848/1859/1848 1849/1860/1849 1844/1855/1844 1846/1857/1846 
f 1849/1860/1849 1695/1704/1695 1694/1703/1694 1844/1855/1844 
f 1850/1861/1850 1851/1862/1851 1708/1717/1708 1707/1716/1707 
f 1852/1863/1852 1850/1861/1850 1707/1716/1707 1704/1713/1704 
f 1853/1864/1853 1854/1865/1854 1850/1861/1850 1852/1863/1852 
f 1854/1865/1854 1855/1866/1855 1851/1862/1851 1850/1861/1850 
f 1856/1867/1856 1857/1868/1857 1700/1709/1700 1699/1708/1699 
f 1856/1867/1856 1699/1708/1699 1695/1704/1695 1849/1860/1849 
f 1858/1869/1858 1856/1867/1856 1849/1860/1849 1848/1859/1848 
f 1858/1869/1858 1859/1870/1859 1857/1868/1857 1856/1867/1856 
f 1860/1871/1860 1852/1863/1852 1704/1713/1704 1703/1712/1703 
f 1857/1868/1857 1860/1871/1860 1703/1712/1703 1700/1709/1700 
f 1859/1870/1859 1861/1872/1861 1860/1871/1860 1857/1868/1857 
f 1861/1872/1861 1853/1864/1853 1852/1863/1852 1860/1871/1860 
f 1862/1873/1862 1863/1874/1863 1864/1875/1864 1865/1876/1865 
f 1846/1857/1846 1865/1876/1865 1864/1875/1864 1848/1859/1848 
f 1847/1858/1847 1866/1877/1866 1865/1876/1865 1846/1857/1846 
f 1867/1878/1867 1862/1873/1862 1865/1876/1865 1866/1877/1866 
f 1868/1879/1868 1869/1880/1869 1870/1881/1870 1871/1882/1871 
f 1872/1883/1872 1868/1879/1868 1871/1882/1871 1873/1884/1873 
f 1855/1866/1855 1854/1865/1854 1868/1879/1868 1872/1883/1872 
f 1854/1865/1854 1853/1864/1853 1869/1880/1869 1868/1879/1868 
f 1874/1885/1874 1875/1886/1875 1859/1870/1859 1858/1869/1858 
f 1864/1875/1864 1874/1885/1874 1858/1869/1858 1848/1859/1848 
f 1863/1874/1863 1876/1887/1876 1874/1885/1874 1864/1875/1864 
f 1876/1887/1876 1877/1888/1877 1875/1886/1875 1874/1885/1874 
f 1878/1889/1878 1869/1880/1869 1853/1864/1853 1861/1872/1861 
f 1875/1886/1875 1878/1889/1878 1861/1872/1861 1859/1870/1859 
f 1877/1888/1877 1879/1890/1879 1878/1889/1878 1875/1886/1875 
f 1879/1890/1879 1870/1881/1870 1869/1880/1869 1878/1889/1878 
f 1880/1891/1880 1711/1722/1711 1710/1721/1710 1881/1892/1881 
f 1851/1893/1851 1881/1892/1881 1710/1721/1710 1708/1720/1708 
f 1855/1894/1855 1882/1895/1882 1881/1892/1881 1851/1893/1851 
f 1883/1896/1883 1880/1891/1880 1881/1892/1881 1882/1895/1882 
f 1884/1897/1884 1714/1725/1714 1711/1722/1711 1880/1891/1880 
f 1885/1898/1885 1884/1897/1884 1880/1891/1880 1883/1896/1883 
f 1886/1899/1886 1887/1900/1887 1884/1897/1884 1885/1898/1885 
f 1887/1900/1887 1715/1726/1715 1714/1725/1714 1884/1897/1884 
f 1888/1901/1888 1889/1902/1889 1883/1896/1883 1882/1895/1882 
f 1872/1903/1872 1888/1901/1888 1882/1895/1882 1855/1894/1855 
f 1873/1904/1873 1890/1905/1890 1888/1901/1888 1872/1903/1872 
f 1890/1905/1890 1891/1906/1891 1889/1902/1889 1888/1901/1888 
f 1892/1907/1892 1718/1729/1718 1715/1726/1715 1887/1900/1887 
f 1893/1908/1893 1892/1907/1892 1887/1900/1887 1886/1899/1886 
f 1894/1909/1894 1892/1907/1892 1893/1908/1893 1895/1910/1895 
f 1894/1909/1894 1719/1730/1719 1718/1729/1718 1892/1907/1892 
f 1896/1911/1896 1897/1912/1897 1724/1735/1724 1723/1734/1723 
f 1894/1909/1894 1896/1911/1896 1723/1734/1723 1719/1730/1719 
f 1895/1910/1895 1898/1913/1898 1896/1911/1896 1894/1909/1894 
f 1898/1913/1898 1899/1914/1899 1897/1912/1897 1896/1911/1896 
f 1900/1915/1900 1901/1916/1901 1899/1914/1899 1898/1913/1898 
f 1902/1917/1902 1900/1915/1900 1898/1913/1898 1895/1910/1895 
f 1903/1918/1903 1904/1919/1904 1900/1915/1900 1902/1917/1902 
f 1904/1919/1904 1905/1920/1905 1901/1916/1901 1900/1915/1900 
f 1906/1921/1906 1841/1852/1841 1731/1742/1731 1734/1745/1734 
f 1907/1922/1907 1906/1921/1906 1734/1745/1734 1728/1739/1728 
f 1908/1923/1908 1909/1924/1909 1906/1921/1906 1907/1922/1907 
f 1909/1924/1909 1842/1853/1842 1841/1852/1841 1906/1921/1906 
f 1910/1925/1910 1907/1922/1907 1728/1739/1728 1727/1738/1727 
f 1897/1912/1897 1910/1925/1910 1727/1738/1727 1724/1735/1724 
f 1899/1914/1899 1911/1926/1911 1910/1925/1910 1897/1912/1897 
f 1911/1926/1911 1908/1923/1908 1907/1922/1907 1910/1925/1910 
f 1912/1927/1912 1913/1928/1913 1753/1764/1753 1759/1770/1759 
f 1742/1753/1742 1912/1927/1912 1759/1770/1759 1743/1754/1743 
f 1746/1757/1746 1914/1929/1914 1912/1927/1912 1742/1753/1742 
f 1914/1929/1914 1915/1930/1915 1913/1928/1913 1912/1927/1912 
f 1916/1931/1916 1913/1928/1913 1915/1930/1915 1917/1932/1917 
f 1636/1643/1636 1916/1931/1916 1917/1932/1917 1637/1644/1637 
f 1629/1636/1629 1754/1765/1754 1916/1931/1916 1636/1643/1636 
f 1754/1765/1754 1753/1764/1753 1913/1928/1913 1916/1931/1916 
f 1918/1933/1918 1919/1934/1919 1920/1935/1920 1921/1936/1921 
f 1686/1695/1686 1918/1933/1918 1921/1936/1921 1687/1696/1687 
f 1637/1644/1637 1917/1932/1917 1918/1933/1918 1686/1695/1686 
f 1917/1932/1917 1915/1930/1915 1919/1934/1919 1918/1933/1918 
f 1922/1937/1922 1919/1934/1919 1915/1930/1915 1923/1938/1923 
f 1924/1939/1924 1922/1937/1922 1923/1938/1923 1925/1940/1925 
f 1926/1941/1926 1927/1942/1927 1922/1937/1922 1924/1939/1924 
f 1927/1942/1927 1920/1935/1920 1919/1934/1919 1922/1937/1922 
f 1928/1943/1928 1914/1929/1914 1746/1757/1746 1835/1846/1835 
f 1929/1944/1929 1928/1943/1928 1835/1846/1835 1839/1850/1839 
f 1925/1940/1925 1923/1938/1923 1928/1943/1928 1929/1944/1929 
f 1923/1938/1923 1915/1930/1915 1914/1929/1914 1928/1943/1928 
f 1930/1945/1930 1931/1946/1931 1847/1858/1847 1845/1856/1845 
f 1690/1699/1690 1930/1945/1930 1845/1856/1845 1691/1700/1691 
f 1687/1696/1687 1921/1936/1921 1930/1945/1930 1690/1699/1690 
f 1921/1936/1921 1920/1935/1920 1931/1946/1931 1930/1945/1930 
f 1932/1947/1932 1933/1948/1933 1152/1152/1152 1151/1151/1151 
f 1934/1949/1934 1932/1947/1932 1151/1151/1151 1148/1148/1148 
f 1935/1950/1935 1936/1951/1936 1932/1947/1932 1934/1949/1934 
f 1936/1951/1936 1937/1952/1937 1933/1948/1933 1932/1947/1932 
f 1938/1953/1938 1939/1954/1939 1940/1955/1940 1941/1956/1941 
f 1942/1957/1942 1938/1953/1938 1941/1956/1941 1943/1958/1943 
f 1944/1959/1944 1945/1960/1945 1938/1953/1938 1942/1957/1942 
f 1945/1960/1945 1946/1961/1946 1939/1954/1939 1938/1953/1938 
f 1947/1962/1947 1948/1963/1948 1156/1156/1156 1155/1155/1155 
f 1933/1948/1933 1947/1962/1947 1155/1155/1155 1152/1152/1152 
f 1937/1952/1937 1949/1964/1949 1947/1962/1947 1933/1948/1933 
f 1949/1964/1949 1950/1965/1950 1948/1963/1948 1947/1962/1947 
f 1951/1966/1951 1939/1954/1939 1946/1961/1946 1952/1967/1952 
f 1953/1968/1953 1951/1966/1951 1952/1967/1952 1954/1969/1954 
f 1955/1970/1955 1956/1971/1956 1951/1966/1951 1953/1968/1953 
f 1956/1971/1956 1940/1955/1940 1939/1954/1939 1951/1966/1951 
f 1957/1972/1957 1958/1973/1958 1959/1974/1959 1960/1975/1960 
f 1126/1126/1126 1957/1972/1957 1960/1975/1960 1127/1127/1127 
f 1123/1123/1123 1961/1976/1961 1957/1972/1957 1126/1126/1126 
f 1961/1976/1961 1962/1977/1962 1958/1973/1958 1957/1972/1957 
f 1963/1978/1963 1964/1979/1964 1120/1120/1120 1119/1119/1119 
f 1116/1116/1116 1963/1978/1963 1119/1119/1119 1099/1099/1099 
f 1113/1113/1113 1965/1980/1965 1963/1978/1963 1116/1116/1116 
f 1965/1980/1965 1966/1981/1966 1964/1979/1964 1963/1978/1963 
f 1967/1982/1967 1968/1983/1968 1969/1984/1969 1970/1985/1970 
f 1971/1986/1971 1967/1982/1967 1970/1985/1970 1972/1987/1972 
f 1973/1988/1973 1974/1989/1974 1967/1982/1967 1971/1986/1971 
f 1974/1989/1974 1975/1990/1975 1968/1983/1968 1967/1982/1967 
f 1976/1991/1976 1977/1992/1977 1962/1977/1962 1961/1976/1961 
f 1122/1122/1122 1976/1991/1976 1961/1976/1961 1123/1123/1123 
f 1120/1120/1120 1964/1979/1964 1976/1991/1976 1122/1122/1122 
f 1964/1979/1964 1966/1981/1966 1977/1992/1977 1976/1991/1976 
f 1978/1993/1978 1979/1994/1979 1980/1995/1980 1981/1996/1981 
f 1971/1986/1971 1978/1993/1978 1981/1996/1981 1973/1988/1973 
f 1972/1987/1972 1982/1997/1982 1978/1993/1978 1971/1986/1971 
f 1982/1997/1982 1962/1977/1962 1979/1994/1979 1978/1993/1978 
f 1983/1998/1983 1980/1995/1980 1979/1994/1979 1984/1999/1984 
f 1977/1992/1977 1984/1999/1984 1979/1994/1979 1962/1977/1962 
f 1966/1981/1966 1983/1998/1983 1984/1999/1984 1977/1992/1977 
f 1985/2000/1985 703/703/703 701/701/701 1986/2001/1986 
f 1987/2002/1987 1985/2000/1985 1986/2001/1986 1988/2003/1988 
f 1989/2004/1989 1990/2005/1990 1985/2000/1985 1987/2002/1987 
f 1990/2005/1990 704/704/704 703/703/703 1985/2000/1985 
f 1991/2006/1991 1992/2007/1992 1076/1076/1076 1075/1075/1075 
f 707/707/707 1991/2006/1991 1075/1075/1075 708/708/708 
f 704/704/704 1990/2005/1990 1991/2006/1991 707/707/707 
f 1990/2005/1990 1989/2004/1989 1992/2007/1992 1991/2006/1991 
f 1993/2008/1993 1994/2009/1994 1995/2010/1995 1996/2011/1996 
f 1108/1108/1108 1993/2008/1993 1996/2011/1996 1109/1109/1109 
f 1076/1076/1076 1992/2007/1992 1993/2008/1993 1108/1108/1108 
f 1992/2007/1992 1989/2004/1989 1994/2009/1994 1993/2008/1993 
f 1997/2012/1997 1998/2013/1998 1966/1981/1966 1965/1980/1965 
f 1112/1112/1112 1997/2012/1997 1965/1980/1965 1113/1113/1113 
f 1109/1109/1109 1996/2011/1996 1997/2012/1997 1112/1112/1112 
f 1996/2011/1996 1995/2010/1995 1998/2013/1998 1997/2012/1997 
f 1999/2014/1999 1994/2009/1994 1989/2004/1989 2000/2015/2000 
f 2001/2016/2001 1999/2014/1999 2000/2015/2000 2002/2017/2002 
f 2003/2018/2003 2004/2019/2004 1999/2014/1999 2001/2016/2001 
f 2004/2019/2004 1995/2010/1995 1994/2009/1994 1999/2014/1999 
f 2005/2020/2005 2006/2021/2006 1980/1995/1980 1983/1998/1983 
f 1998/2013/1998 2005/2020/2005 1983/1998/1983 1966/1981/1966 
f 1995/2010/1995 2004/2019/2004 2005/2020/2005 1998/2013/1998 
f 2004/2019/2004 2003/2018/2003 2006/2021/2006 2005/2020/2005 
f 2007/2022/2007 2008/2023/2008 1973/1988/1973 1981/1996/1981 
f 2006/2021/2006 2007/2022/2007 1981/1996/1981 1980/1995/1980 
f 2003/2018/2003 2009/2024/2009 2007/2022/2007 2006/2021/2006 
f 2009/2024/2009 2010/2025/2010 2008/2023/2008 2007/2022/2007 
f 2011/2026/2011 2012/2027/2012 2002/2017/2002 2000/2015/2000 
f 1987/2002/1987 2011/2026/2011 2000/2015/2000 1989/2004/1989 
f 1987/2002/1987 1988/2003/1988 2012/2027/2012 2011/2026/2011 
f 2013/2028/2013 638/638/638 637/637/637 2014/2029/2014 
f 2014/2029/2014 637/637/637 634/634/634 2015/2030/2015 
f 2016/2031/2016 2014/2029/2014 2015/2030/2015 2017/2032/2017 
f 2018/2033/2018 2013/2028/2013 2014/2029/2014 2016/2031/2016 
f 2019/2034/2019 641/641/641 638/638/638 2013/2028/2013 
f 2020/2035/2020 2019/2034/2019 2013/2028/2013 2018/2033/2018 
f 2021/2036/2021 2022/2037/2022 2019/2034/2019 2020/2035/2020 
f 2022/2037/2022 642/642/642 641/641/641 2019/2034/2019 
f 2023/2038/2023 2024/2039/2024 697/697/697 696/696/696 
f 2025/2040/2025 2023/2038/2023 696/696/696 691/691/691 
f 2026/2041/2026 2027/2042/2027 2023/2038/2023 2025/2040/2025 
f 2027/2042/2027 2028/2043/2028 2024/2039/2024 2023/2038/2023 
f 2029/2044/2029 1988/2003/1988 1986/2001/1986 2030/2045/2030 
f 700/700/700 2030/2045/2030 1986/2001/1986 701/701/701 
f 2024/2039/2024 2030/2045/2030 700/700/700 697/697/697 
f 2028/2043/2028 2029/2044/2029 2030/2045/2030 2024/2039/2024 
f 2031/2046/2031 2032/2047/2032 1168/1168/1168 1167/1167/1167 
f 2033/2048/2033 2031/2046/2031 1167/1167/1167 1160/1160/1160 
f 2034/2049/2034 2035/2050/2035 2031/2046/2031 2033/2048/2033 
f 2035/2050/2035 2036/2051/2036 2032/2047/2032 2031/2046/2031 
f 2037/2052/2037 2038/2053/2038 1252/1252/1252 1259/1259/1259 
f 2032/2047/2032 2037/2052/2037 1259/1259/1259 1168/1168/1168 
f 2036/2051/2036 2039/2054/2039 2037/2052/2037 2032/2047/2032 
f 2039/2054/2039 2040/2055/2040 2038/2053/2038 2037/2052/2037 
f 2041/2056/2041 1955/1970/1955 1953/1968/1953 2042/2057/2042 
f 2042/2057/2042 1953/1968/1953 1954/1969/1954 2043/2058/2043 
f 2044/2059/2044 2042/2057/2042 2043/2058/2043 2045/2060/2045 
f 2046/2061/2046 2041/2056/2041 2042/2057/2042 2044/2059/2044 
f 2047/2062/2047 2048/2063/2048 1950/1965/1950 1949/1964/1949 
f 2049/2064/2049 2047/2062/2047 1949/1964/1949 1937/1952/1937 
f 1940/1955/1940 1956/1971/1956 2047/2062/2047 2049/2064/2049 
f 1956/1971/1956 1955/1970/1955 2048/2063/2048 2047/2062/2047 
f 2050/2065/2050 2051/2066/2051 2034/2049/2034 2033/2048/2033 
f 2050/2065/2050 2033/2048/2033 1160/1160/1160 1159/1159/1159 
f 1948/1963/1948 2050/2065/2050 1159/1159/1159 1156/1156/1156 
f 1950/1965/1950 2051/2066/2051 2050/2065/2050 1948/1963/1948 
f 2052/2067/2052 2048/2063/2048 1955/1970/1955 2041/2056/2041 
f 2053/2068/2053 2052/2067/2052 2041/2056/2041 2046/2061/2046 
f 2054/2069/2054 2055/2070/2055 2052/2067/2052 2053/2068/2053 
f 2055/2070/2055 1950/1965/1950 2048/2063/2048 2052/2067/2052 
f 2056/2071/2056 2054/2069/2054 2053/2068/2053 2057/2072/2057 
f 2057/2072/2057 2053/2068/2053 2046/2061/2046 2058/2073/2058 
f 2059/2074/2059 2056/2071/2056 2057/2072/2057 2058/2073/2058 
f 2060/2075/2060 2061/2076/2061 2040/2055/2040 2039/2054/2039 
f 2062/2077/2062 2060/2075/2060 2039/2054/2039 2036/2051/2036 
f 2054/2069/2054 2056/2071/2056 2060/2075/2060 2062/2077/2062 
f 2056/2071/2056 2059/2074/2059 2061/2076/2061 2060/2075/2060 
f 2063/2078/2063 2062/2077/2062 2036/2051/2036 2035/2050/2035 
f 2051/2066/2051 2063/2078/2063 2035/2050/2035 2034/2049/2034 
f 1950/1965/1950 2055/2070/2055 2063/2078/2063 2051/2066/2051 
f 2055/2070/2055 2054/2069/2054 2062/2077/2062 2063/2078/2063 
f 2064/2079/2064 2025/2040/2025 691/691/691 690/690/690 
f 2065/2080/2065 2064/2079/2064 690/690/690 683/683/683 
f 2066/2081/2066 2064/2079/2064 2065/2080/2065 2067/2082/2067 
f 2066/2081/2066 2026/2041/2026 2025/2040/2025 2064/2079/2064 
f 2068/2083/2068 2069/2084/2069 2067/2082/2067 2065/2080/2065 
f 2068/2083/2068 2065/2080/2065 683/683/683 682/682/682 
f 2070/2085/2070 2068/2083/2068 682/682/682 679/679/679 
f 2070/2085/2070 2071/2086/2071 2069/2084/2069 2068/2083/2068 
f 2072/2087/2072 2070/2085/2070 679/679/679 678/678/678 
f 2073/2088/2073 2072/2087/2072 678/678/678 675/675/675 
f 2074/2089/2074 2075/2090/2075 2072/2087/2072 2073/2088/2073 
f 2071/2086/2071 2070/2085/2070 2072/2087/2072 2075/2090/2075 
f 668/668/668 665/665/665 2076/2091/2076 2077/2092/2077 
f 2077/2092/2077 2076/2091/2076 2078/2093/2078 2079/2094/2079 
f 2080/2095/2080 2077/2092/2077 2079/2094/2079 2081/2096/2081 
f 2080/2095/2080 669/669/669 668/668/668 2077/2092/2077 
f 2082/2097/2082 2073/2088/2073 675/675/675 674/674/674 
f 2080/2095/2080 2082/2097/2082 674/674/674 669/669/669 
f 2081/2096/2081 2083/2098/2083 2082/2097/2082 2080/2095/2080 
f 2083/2098/2083 2074/2089/2074 2073/2088/2073 2082/2097/2082 
f 2084/2099/2084 661/661/661 654/654/654 2085/2100/2085 
f 2086/2101/2086 2084/2099/2084 2085/2100/2085 2087/2102/2087 
f 2088/2103/2088 2089/2104/2089 2084/2099/2084 2086/2101/2086 
f 2089/2104/2089 659/659/659 661/661/661 2084/2099/2084 
f 2090/2105/2090 2076/2091/2076 665/665/665 664/664/664 
f 2089/2104/2089 2090/2105/2090 664/664/664 659/659/659 
f 2091/2106/2091 2090/2105/2090 2089/2104/2089 2088/2103/2088 
f 2091/2106/2091 2078/2093/2078 2076/2091/2076 2090/2105/2090 
f 2092/2107/2092 2093/2108/2093 2087/2102/2087 2085/2100/2085 
f 653/653/653 2092/2107/2092 2085/2100/2085 654/654/654 
f 650/650/650 2094/2109/2094 2092/2107/2092 653/653/653 
f 2094/2109/2094 2095/2110/2095 2093/2108/2093 2092/2107/2092 
f 2096/2111/2096 645/645/645 642/642/642 2022/2037/2022 
f 2097/2112/2097 2096/2111/2096 2022/2037/2022 2021/2036/2021 
f 2098/2113/2098 2099/2114/2099 2096/2111/2096 2097/2112/2097 
f 2099/2114/2099 646/646/646 645/645/645 2096/2111/2096 
f 2100/2115/2100 2101/2116/2101 2095/2110/2095 2094/2109/2094 
f 649/649/649 2100/2115/2100 2094/2109/2094 650/650/650 
f 646/646/646 2099/2114/2099 2100/2115/2100 649/649/649 
f 2099/2114/2099 2098/2113/2098 2101/2116/2101 2100/2115/2100 
f 2102/2117/2102 2103/2118/2103 2104/2119/2104 2105/2120/2105 
f 1866/1877/1866 2102/2117/2102 2105/2120/2105 1867/1878/1867 
f 1931/1946/1931 2102/2117/2102 1866/1877/1866 1847/1858/1847 
f 1931/1946/1931 1920/1935/1920 2103/2118/2103 2102/2117/2102 
f 2106/2121/2106 1968/1983/1968 1975/1990/1975 2107/2122/2107 
f 2108/2123/2108 2106/2121/2106 2107/2122/2107 2109/2124/2109 
f 2110/2125/2110 2111/2126/2111 2106/2121/2106 2108/2123/2108 
f 2111/2126/2111 1969/1984/1969 1968/1983/1968 2106/2121/2106 
f 2112/2127/2112 2113/2128/2113 2114/2129/2114 2115/2130/2115 
f 2103/2118/2103 2112/2127/2112 2115/2130/2115 2104/2119/2104 
f 1920/1935/1920 1927/1942/1927 2112/2127/2112 2103/2118/2103 
f 1927/1942/1927 1926/1941/1926 2113/2128/2113 2112/2127/2112 
f 2116/2131/2116 2117/2132/2117 2118/2133/2118 2119/2134/2119 
f 2115/2130/2115 2116/2131/2116 2119/2134/2119 2104/2119/2104 
f 2114/2129/2114 2120/2135/2120 2116/2131/2116 2115/2130/2115 
f 2120/2135/2120 2121/2136/2121 2117/2132/2117 2116/2131/2116 
f 2122/2137/2122 2108/2123/2108 2109/2124/2109 2123/2138/2123 
f 2117/2132/2117 2122/2137/2122 2123/2138/2123 2118/2133/2118 
f 2121/2136/2121 2124/2139/2124 2122/2137/2122 2117/2132/2117 
f 2124/2139/2124 2110/2125/2110 2108/2123/2108 2122/2137/2122 
f 2125/2140/2125 2126/2141/2126 2127/2142/2127 2128/2143/2128 
f 2128/2143/2128 2127/2142/2127 2114/2129/2114 2113/2128/2113 
f 1924/1939/1924 2128/2143/2128 2113/2128/2113 1926/1941/1926 
f 1925/1940/1925 2125/2140/2125 2128/2143/2128 1924/1939/1924 
f 2129/2144/2129 2130/2145/2130 2121/2136/2121 2120/2135/2120 
f 2127/2142/2127 2129/2144/2129 2120/2135/2120 2114/2129/2114 
f 2126/2141/2126 2131/2146/2131 2129/2144/2129 2127/2142/2127 
f 2131/2146/2131 2132/2147/2132 2130/2145/2130 2129/2144/2129 
f 2133/2148/2133 2134/2149/2134 2110/2125/2110 2124/2139/2124 
f 2130/2145/2130 2133/2148/2133 2124/2139/2124 2121/2136/2121 
f 2132/2147/2132 2135/2150/2135 2133/2148/2133 2130/2145/2130 
f 2135/2150/2135 2136/2151/2136 2134/2149/2134 2133/2148/2133 
f 2137/2152/2137 2138/2153/2138 2126/2141/2126 2125/2140/2125 
f 1929/1944/1929 2137/2152/2137 2125/2140/2125 1925/1940/1925 
f 1839/1850/1839 2139/2154/2139 2137/2152/2137 1929/1944/1929 
f 2139/2154/2139 2140/2155/2140 2138/2153/2138 2137/2152/2137 
f 2141/2156/2141 2142/2157/2142 2132/2147/2132 2131/2146/2131 
f 2138/2153/2138 2141/2156/2141 2131/2146/2131 2126/2141/2126 
f 2140/2155/2140 2143/2158/2143 2141/2156/2141 2138/2153/2138 
f 2143/2158/2143 2144/2159/2144 2142/2157/2142 2141/2156/2141 
f 2145/2160/2145 2146/2161/2146 2136/2151/2136 2135/2150/2135 
f 2142/2157/2142 2145/2160/2145 2135/2150/2135 2132/2147/2132 
f 2144/2159/2144 2147/2162/2147 2145/2160/2145 2142/2157/2142 
f 2147/2162/2147 2148/2163/2148 2146/2161/2146 2145/2160/2145 
f 2149/2164/2149 2150/2165/2150 1944/1959/1944 2151/2166/2151 
f 2149/2164/2149 2151/2166/2151 2152/2167/2152 2153/2168/2153 
f 2154/2169/2154 2149/2164/2149 2153/2168/2153 2148/2163/2148 
f 2154/2169/2154 2155/2170/2155 2150/2165/2150 2149/2164/2149 
f 2156/2171/2156 2157/2172/2157 2158/2173/2158 2159/2174/2159 
f 2139/2154/2139 2156/2171/2156 2159/2174/2159 2140/2155/2140 
f 1839/1850/1839 1838/1849/1838 2156/2171/2156 2139/2154/2139 
f 1838/1849/1838 1837/1848/1837 2157/2172/2157 2156/2171/2156 
f 2160/2175/2160 2161/2176/2161 2144/2159/2144 2143/2158/2143 
f 2159/2174/2159 2160/2175/2160 2143/2158/2143 2140/2155/2140 
f 2162/2177/2162 2160/2175/2160 2159/2174/2159 2158/2173/2158 
f 2162/2177/2162 2163/2178/2163 2161/2176/2161 2160/2175/2160 
f 2164/2179/2164 2154/2169/2154 2148/2163/2148 2147/2162/2147 
f 2161/2176/2161 2164/2179/2164 2147/2162/2147 2144/2159/2144 
f 2163/2178/2163 2165/2180/2165 2164/2179/2164 2161/2176/2161 
f 2155/2170/2155 2154/2169/2154 2164/2179/2164 2165/2180/2165 
f 2166/2181/2166 2167/2182/2167 1946/1961/1946 1945/1960/1945 
f 2150/2165/2150 2166/2181/2166 1945/1960/1945 1944/1959/1944 
f 2155/2170/2155 2168/2183/2168 2166/2181/2166 2150/2165/2150 
f 2168/2183/2168 2169/2184/2169 2167/2182/2167 2166/2181/2166 
f 2170/2185/2170 2171/2186/2171 2172/2187/2172 2173/2188/2173 
f 2157/2172/2157 2170/2185/2170 2173/2188/2173 2158/2173/2158 
f 1837/1848/1837 1843/1854/1843 2170/2185/2170 2157/2172/2157 
f 1843/1854/1843 1842/1853/1842 2171/2186/2171 2170/2185/2170 
f 2174/2189/2174 2162/2177/2162 2158/2173/2158 2173/2188/2173 
f 2175/2190/2175 2174/2189/2174 2173/2188/2173 2172/2187/2172 
f 2176/2191/2176 2177/2192/2177 2174/2189/2174 2175/2190/2175 
f 2177/2192/2177 2163/2178/2163 2162/2177/2162 2174/2189/2174 
f 2168/2183/2168 2155/2170/2155 2165/2180/2165 2178/2193/2178 
f 2178/2193/2178 2165/2180/2165 2163/2178/2163 2177/2192/2177 
f 2179/2194/2179 2178/2193/2178 2177/2192/2177 2176/2191/2176 
f 2169/2184/2169 2168/2183/2168 2178/2193/2178 2179/2194/2179 
f 2180/2195/2180 2181/2196/2181 1908/1923/1908 1911/1926/1911 
f 1901/1916/1901 2180/2195/2180 1911/1926/1911 1899/1914/1899 
f 1905/1920/1905 2182/2197/2182 2180/2195/2180 1901/1916/1901 
f 2182/2197/2182 2183/2198/2183 2181/2196/2181 2180/2195/2180 
f 2184/2199/2184 2185/2200/2185 1954/1969/1954 1952/1967/1952 
f 2167/2182/2167 2184/2199/2184 1952/1967/1952 1946/1961/1946 
f 2169/2184/2169 2186/2201/2186 2184/2199/2184 2167/2182/2167 
f 2186/2201/2186 2187/2202/2187 2185/2200/2185 2184/2199/2184 
f 2188/2203/2188 2181/2196/2181 2183/2198/2183 2189/2204/2189 
f 2171/2186/2171 2188/2203/2188 2189/2204/2189 2172/2187/2172 
f 1842/1853/1842 1909/1924/1909 2188/2203/2188 2171/2186/2171 
f 1909/1924/1909 1908/1923/1908 2181/2196/2181 2188/2203/2188 
f 2190/2205/2190 2175/2190/2175 2172/2187/2172 2189/2204/2189 
f 2191/2206/2191 2190/2205/2190 2189/2204/2189 2183/2198/2183 
f 2192/2207/2192 2193/2208/2193 2190/2205/2190 2191/2206/2191 
f 2193/2208/2193 2176/2191/2176 2175/2190/2175 2190/2205/2190 
f 2194/2209/2194 2195/2210/2195 2187/2202/2187 2186/2201/2186 
f 2179/2194/2179 2194/2209/2194 2186/2201/2186 2169/2184/2169 
f 2176/2191/2176 2193/2208/2193 2194/2209/2194 2179/2194/2179 
f 2193/2208/2193 2192/2207/2192 2195/2210/2195 2194/2209/2194 
f 2196/2211/2196 2197/2212/2197 2045/2060/2045 2043/2058/2043 
f 2185/2200/2185 2196/2211/2196 2043/2058/2043 1954/1969/1954 
f 2187/2202/2187 2198/2213/2198 2196/2211/2196 2185/2200/2185 
f 2198/2213/2198 2199/2214/2199 2197/2212/2197 2196/2211/2196 
f 2200/2215/2200 1138/1138/1138 1135/1135/1135 2201/2216/2201 
f 2202/2217/2202 2200/2215/2200 2201/2216/2201 2203/2218/2203 
f 2204/2219/2204 2205/2220/2205 2200/2215/2200 2202/2217/2202 
f 2205/2220/2205 1139/1139/1139 1138/1138/1138 2200/2215/2200 
f 2206/2221/2206 1934/1949/1934 1148/1148/1148 1147/1147/1147 
f 2207/2222/2207 2206/2221/2206 1147/1147/1147 1144/1144/1144 
f 2208/2223/2208 2209/2224/2209 2206/2221/2206 2207/2222/2207 
f 2209/2224/2209 1935/1950/1935 1934/1949/1934 2206/2221/2206 
f 2210/2225/2210 2207/2222/2207 1144/1144/1144 1143/1143/1143 
f 2205/2220/2205 2210/2225/2210 1143/1143/1143 1139/1139/1139 
f 2204/2219/2204 2211/2226/2211 2210/2225/2210 2205/2220/2205 
f 2211/2226/2211 2208/2223/2208 2207/2222/2207 2210/2225/2210 
f 2212/2227/2212 1935/1950/1935 2209/2224/2209 2213/2228/2213 
f 2214/2229/2214 2213/2228/2213 2209/2224/2209 2208/2223/2208 
f 2215/2230/2215 2213/2228/2213 2214/2229/2214 2216/2231/2216 
f 1943/1958/1943 2212/2227/2212 2213/2228/2213 2215/2230/2215 
f 1941/1956/1941 1940/1955/1940 2049/2064/2049 2217/2232/2217 
f 2217/2232/2217 2049/2064/2049 1937/1952/1937 1936/1951/1936 
f 1935/1950/1935 2212/2227/2212 2217/2232/2217 1936/1951/1936 
f 2212/2227/2212 1943/1958/1943 1941/1956/1941 2217/2232/2217 
f 2218/2233/2218 2211/2226/2211 2204/2219/2204 2219/2234/2219 
f 2218/2233/2218 2219/2234/2219 2220/2235/2220 2221/2236/2221 
f 2216/2231/2216 2214/2229/2214 2218/2233/2218 2221/2236/2221 
f 2208/2223/2208 2211/2226/2211 2218/2233/2218 2214/2229/2214 
f 2222/2237/2222 1130/1130/1130 1127/1127/1127 1960/1975/1960 
f 2223/2238/2223 2222/2237/2222 1960/1975/1960 1959/1974/1959 
f 2224/2239/2224 2225/2240/2225 2222/2237/2222 2223/2238/2223 
f 2225/2240/2225 1131/1131/1131 1130/1130/1130 2222/2237/2222 
f 2226/2241/2226 2227/2242/2227 2203/2218/2203 2201/2216/2201 
f 1134/1134/1134 2226/2241/2226 2201/2216/2201 1135/1135/1135 
f 1131/1131/1131 2225/2240/2225 2226/2241/2226 1134/1134/1134 
f 2225/2240/2225 2224/2239/2224 2227/2242/2227 2226/2241/2226 
f 2228/2243/2228 2229/2244/2229 1959/1974/1959 1958/1973/1958 
f 1982/1997/1982 2228/2243/2228 1958/1973/1958 1962/1977/1962 
f 1972/1987/1972 2230/2245/2230 2228/2243/2228 1982/1997/1982 
f 2230/2245/2230 2231/2246/2231 2229/2244/2229 2228/2243/2228 
f 2232/2247/2232 2233/2248/2233 2234/2249/2234 2235/2250/2235 
f 2151/2166/2151 2232/2247/2232 2235/2250/2235 2152/2167/2152 
f 1942/1957/1942 2232/2247/2232 2151/2166/2151 1944/1959/1944 
f 1943/1958/1943 2233/2248/2233 2232/2247/2232 1942/1957/1942 
f 2236/2251/2236 2237/2252/2237 2234/2249/2234 2233/2248/2233 
f 2215/2230/2215 2236/2251/2236 2233/2248/2233 1943/1958/1943 
f 2216/2231/2216 2221/2236/2221 2236/2251/2236 2215/2230/2215 
f 2221/2236/2221 2220/2235/2220 2237/2252/2237 2236/2251/2236 
f 2238/2253/2238 2239/2254/2239 2220/2235/2220 2219/2234/2219 
f 2202/2217/2202 2238/2253/2238 2219/2234/2219 2204/2219/2204 
f 2203/2218/2203 2240/2255/2240 2238/2253/2238 2202/2217/2202 
f 2240/2255/2240 2241/2256/2241 2239/2254/2239 2238/2253/2238 
f 2242/2257/2242 2224/2239/2224 2223/2238/2223 2243/2258/2243 
f 2229/2244/2229 2243/2258/2243 2223/2238/2223 1959/1974/1959 
f 2244/2259/2244 2243/2258/2243 2229/2244/2229 2231/2246/2231 
f 2244/2259/2244 2245/2260/2245 2242/2257/2242 2243/2258/2243 
f 2246/2261/2246 2247/2262/2247 1969/1984/1969 2111/2126/2111 
f 2134/2149/2134 2246/2261/2246 2111/2126/2111 2110/2125/2110 
f 2136/2151/2136 2248/2263/2248 2246/2261/2246 2134/2149/2134 
f 2248/2263/2248 2249/2264/2249 2247/2262/2247 2246/2261/2246 
f 2250/2265/2250 2251/2266/2251 2231/2246/2231 2230/2245/2230 
f 1970/1985/1970 2250/2265/2250 2230/2245/2230 1972/1987/1972 
f 2247/2262/2247 2250/2265/2250 1970/1985/1970 1969/1984/1969 
f 2247/2262/2247 2249/2264/2249 2251/2266/2251 2250/2265/2250 
f 2252/2267/2252 2146/2161/2146 2148/2163/2148 2153/2168/2153 
f 2253/2268/2253 2252/2267/2252 2153/2168/2153 2152/2167/2152 
f 2249/2264/2249 2248/2263/2248 2252/2267/2252 2253/2268/2253 
f 2248/2263/2248 2136/2151/2136 2146/2161/2146 2252/2267/2252 
f 2254/2269/2254 2253/2268/2253 2152/2167/2152 2235/2250/2235 
f 2255/2270/2255 2254/2269/2254 2235/2250/2235 2234/2249/2234 
f 2245/2260/2245 2256/2271/2256 2254/2269/2254 2255/2270/2255 
f 2256/2271/2256 2249/2264/2249 2253/2268/2253 2254/2269/2254 
f 2256/2271/2256 2245/2260/2245 2244/2259/2244 2257/2272/2257 
f 2257/2272/2257 2244/2259/2244 2231/2246/2231 2251/2266/2251 
f 2249/2264/2249 2256/2271/2256 2257/2272/2257 2251/2266/2251 
f 2258/2273/2258 2259/2274/2259 2241/2256/2241 2240/2255/2240 
f 2227/2242/2227 2258/2273/2258 2240/2255/2240 2203/2218/2203 
f 2224/2239/2224 2242/2257/2242 2258/2273/2258 2227/2242/2227 
f 2242/2257/2242 2245/2260/2245 2259/2274/2259 2258/2273/2258 
f 2260/2275/2260 2255/2270/2255 2234/2249/2234 2237/2252/2237 
f 2239/2254/2239 2260/2275/2260 2237/2252/2237 2220/2235/2220 
f 2241/2256/2241 2259/2274/2259 2260/2275/2260 2239/2254/2239 
f 2259/2274/2259 2245/2260/2245 2255/2270/2255 2260/2275/2260 
f 2261/2276/2261 2262/2277/2262 627/627/627 626/626/626 
f 1101/1101/1101 2261/2276/2261 626/626/626 623/623/623 
f 1105/1105/1105 2263/2278/2263 2261/2276/2261 1101/1101/1101 
f 2263/2278/2263 2264/2279/2264 2262/2277/2262 2261/2276/2261 
f 2265/2280/2265 2266/2281/2266 2264/2279/2264 2263/2278/2263 
f 1207/1207/1207 2265/2280/2265 2263/2278/2263 1105/1105/1105 
f 1208/1208/1208 2267/2282/2267 2265/2280/2265 1207/1207/1207 
f 2267/2282/2267 2268/2283/2268 2266/2281/2266 2265/2280/2265 
f 2269/2284/2269 2270/2285/2270 2271/2286/2271 2272/2287/2272 
f 630/630/630 2269/2284/2269 2272/2287/2272 631/631/631 
f 2262/2277/2262 2269/2284/2269 630/630/630 627/627/627 
f 2264/2279/2264 2270/2285/2270 2269/2284/2269 2262/2277/2262 
f 2273/2288/2273 2274/2289/2274 2017/2032/2017 2015/2030/2015 
f 633/633/633 2273/2288/2273 2015/2030/2015 634/634/634 
f 631/631/631 2272/2287/2272 2273/2288/2273 633/633/633 
f 2272/2287/2272 2271/2286/2271 2274/2289/2274 2273/2288/2273 
f 2267/2282/2267 1208/1208/1208 1253/1253/1253 2275/2290/2275 
f 2038/2053/2038 2275/2290/2275 1253/1253/1253 1252/1252/1252 
f 2040/2055/2040 2276/2291/2276 2275/2290/2275 2038/2053/2038 
f 2268/2283/2268 2267/2282/2267 2275/2290/2275 2276/2291/2276 
f 2277/2292/2277 2278/2293/2278 1519/2294/1519 1534/2295/1534 
f 2279/2296/2279 2277/2292/2277 1534/2295/1534 1533/2297/1533 
f 2280/2298/2280 2281/2299/2281 2277/2292/2277 2279/2296/2279 
f 2281/2299/2281 2282/2300/2282 2278/2293/2278 2277/2292/2277 
f 2283/2301/2283 2284/2302/2284 1508/2303/1508 1520/2304/1520 
f 2278/2293/2278 2283/2301/2283 1520/2304/1520 1519/2294/1519 
f 2282/2300/2282 2285/2305/2285 2283/2301/2283 2278/2293/2278 
f 2286/2306/2286 2284/2302/2284 2283/2301/2283 2285/2305/2285 
f 2287/2307/2287 1494/1501/1494 1507/2308/1507 2288/2309/2288 
f 2288/2309/2288 1507/2308/1507 1508/2303/1508 2284/2302/2284 
f 2289/2310/2289 2288/2309/2288 2284/2302/2284 2286/2306/2286 
f 2290/2311/2290 2287/2307/2287 2288/2309/2288 2289/2310/2289 
f 2291/2312/2291 1480/1487/1480 1493/1500/1493 2292/2313/2292 
f 2292/2313/2292 1493/1500/1493 1494/1501/1494 2287/2307/2287 
f 2293/2314/2293 2292/2313/2292 2287/2307/2287 2290/2311/2290 
f 2294/2315/2294 2291/2312/2291 2292/2313/2292 2293/2314/2293 
f 2295/2316/2295 2296/2317/2296 2297/2318/2297 2298/2319/2298 
f 1479/1486/1479 2295/2316/2295 2298/2319/2298 1466/1473/1466 
f 1480/1487/1480 2291/2312/2291 2295/2316/2295 1479/1486/1479 
f 2291/2312/2291 2294/2315/2294 2296/2317/2296 2295/2316/2295 
f 2299/2320/2299 2300/2321/2300 2301/2322/2301 2302/2323/2302 
f 1465/1472/1465 2302/2323/2302 2301/2322/2301 1452/1459/1452 
f 1466/1473/1466 2298/2319/2298 2302/2323/2302 1465/1472/1465 
f 2298/2319/2298 2297/2318/2297 2299/2320/2299 2302/2323/2302 
f 1451/1458/1451 1452/1459/1452 2301/2322/2301 2303/2324/2303 
f 2303/2324/2303 2301/2322/2301 2300/2321/2300 2304/2325/2304 
f 2305/2326/2305 2303/2324/2303 2304/2325/2304 2306/2327/2306 
f 1421/1428/1421 1451/1458/1451 2303/2324/2303 2305/2326/2305 
f 2307/2328/2307 2308/2329/2308 1415/1422/1415 1422/1429/1422 
f 2305/2326/2305 2307/2328/2307 1422/1429/1422 1421/1428/1421 
f 2306/2327/2306 2309/2330/2309 2307/2328/2307 2305/2326/2305 
f 2309/2330/2309 2310/2331/2310 2308/2329/2308 2307/2328/2307 
f 2311/2332/2311 2312/2333/2312 1407/1410/1407 1416/1423/1416 
f 2308/2329/2308 2311/2332/2311 1416/1423/1416 1415/1422/1415 
f 2310/2331/2310 2313/2334/2313 2311/2332/2311 2308/2329/2308 
f 2313/2334/2313 2314/2335/2314 2312/2333/2312 2311/2332/2311 
f 2315/2336/2315 2316/2337/2316 2317/2338/2317 2318/2339/2318 
f 1408/1411/1408 2318/2339/2318 2317/2338/2317 1392/1412/1392 
f 2312/2333/2312 2318/2339/2318 1408/1411/1408 1407/1410/1407 
f 2314/2335/2314 2315/2336/2315 2318/2339/2318 2312/2333/2312 
f 2319/2340/2319 2320/2341/2320 2321/2342/2321 2322/2343/2322 
f 1393/1393/1393 2319/2340/2319 2322/2343/2322 1381/1381/1381 
f 1392/1392/1392 2317/2344/2317 2319/2340/2319 1393/1393/1393 
f 2317/2344/2317 2316/2345/2316 2320/2341/2320 2319/2340/2319 
f 2323/2346/2323 2324/2347/2324 2325/2348/2325 2326/2349/2326 
f 1382/1382/1382 2323/2346/2323 2326/2349/2326 1368/1368/1368 
f 1381/1381/1381 2322/2343/2322 2323/2346/2323 1382/1382/1382 
f 2322/2343/2322 2321/2342/2321 2324/2347/2324 2323/2346/2323 
f 2327/2350/2327 1354/1354/1354 1367/1367/1367 2328/2351/2328 
f 2328/2351/2328 1367/1367/1367 1368/1368/1368 2326/2349/2326 
f 2329/2352/2329 2328/2351/2328 2326/2349/2326 2325/2348/2325 
f 2330/2353/2330 2327/2350/2327 2328/2351/2328 2329/2352/2329 
f 2331/2354/2331 1340/1340/1340 1353/1353/1353 2332/2355/2332 
f 2332/2355/2332 1353/1353/1353 1354/1354/1354 2327/2350/2327 
f 2333/2356/2333 2332/2355/2332 2327/2350/2327 2330/2353/2330 
f 2334/2357/2334 2331/2354/2331 2332/2355/2332 2333/2356/2333 
f 2335/2358/2335 2336/2359/2336 1323/1323/1323 1339/1339/1339 
f 2331/2354/2331 2335/2358/2335 1339/1339/1339 1340/1340/1340 
f 2334/2357/2334 2337/2360/2337 2335/2358/2335 2331/2354/2331 
f 2337/2360/2337 2338/2361/2338 2336/2359/2336 2335/2358/2335 
f 2339/2362/2339 2340/2363/2340 1309/1309/1309 1324/1324/1324 
f 2336/2359/2336 2339/2362/2339 1324/1324/1324 1323/1323/1323 
f 2338/2361/2338 2341/2364/2341 2339/2362/2339 2336/2359/2336 
f 2341/2364/2341 2342/2365/2342 2340/2363/2340 2339/2362/2339 
f 2343/2366/2343 2344/2367/2344 1297/1297/1297 1310/1310/1310 
f 2340/2363/2340 2343/2366/2343 1310/1310/1310 1309/1309/1309 
f 2342/2365/2342 2345/2368/2345 2343/2366/2343 2340/2363/2340 
f 2345/2368/2345 2346/2369/2346 2344/2367/2344 2343/2366/2343 
f 2347/2370/2347 2348/2371/2348 1279/1279/1279 1298/1298/1298 
f 2344/2367/2344 2347/2370/2347 1298/1298/1298 1297/1297/1297 
f 2346/2369/2346 2349/2372/2349 2347/2370/2347 2344/2367/2344 
f 2349/2372/2349 2350/2373/2350 2348/2371/2348 2347/2370/2347 
f 2351/2374/2351 2352/2375/2352 1282/2376/1282 1280/2377/1280 
f 2348/2371/2348 2351/2374/2351 1280/2377/1280 1279/1279/1279 
f 2350/2373/2350 2353/2378/2353 2351/2374/2351 2348/2371/2348 
f 2353/2378/2353 2354/2379/2354 2352/2375/2352 2351/2374/2351 
f 2355/2380/2355 2356/2381/2356 2357/2382/2357 2358/2383/2358 
f 1563/2384/1563 2355/2380/2355 2358/2383/2358 1564/2385/1564 
f 1282/2376/1282 2352/2375/2352 2355/2380/2355 1563/2384/1563 
f 2354/2379/2354 2356/2381/2356 2355/2380/2355 2352/2375/2352 
f 2359/2386/2359 2360/2387/2360 2361/2388/2361 2362/2389/2362 
f 2362/2389/2362 2361/2388/2361 2280/2298/2280 2279/2296/2279 
f 1533/2297/1533 2363/2390/2363 2362/2389/2362 2279/2296/2279 
f 2363/2390/2363 2364/2391/2364 2359/2386/2359 2362/2389/2362 
f 2365/2392/2365 2363/2393/2363 1533/1540/1533 1532/1539/1532 
f 1546/1553/1546 2365/2392/2365 1532/1539/1532 1536/1543/1536 
f 1548/1555/1548 2366/2394/2366 2365/2392/2365 1546/1553/1546 
f 2366/2394/2366 2364/2395/2364 2363/2393/2363 2365/2392/2365 
f 2367/2396/2367 2368/2397/2368 2364/2395/2364 2366/2394/2366 
f 1825/1836/1825 2367/2396/2367 2366/2394/2366 1548/1555/1548 
f 1827/1838/1827 2369/2398/2369 2367/2396/2367 1825/1836/1825 
f 2369/2398/2369 2370/2399/2370 2368/2397/2368 2367/2396/2367 
f 2371/2400/2371 2372/2401/2372 2370/2399/2370 2369/2398/2369 
f 1829/1840/1829 2371/2400/2371 2369/2398/2369 1827/1838/1827 
f 2373/2402/2373 2371/2400/2371 1829/1840/1829 1831/1842/1831 
f 2374/2403/2374 2372/2401/2372 2371/2400/2371 2373/2402/2373 
f 2375/2404/2375 2376/2405/2376 2374/2403/2374 2373/2402/2373 
f 1833/1844/1833 2375/2404/2375 2373/2402/2373 1831/1842/1831 
f 1822/1833/1822 2377/2406/2377 2375/2404/2375 1833/1844/1833 
f 2377/2406/2377 2378/2407/2378 2376/2405/2376 2375/2404/2375 
f 2379/2408/2379 1558/1565/1558 1559/1566/1559 1565/1572/1565 
f 2379/2408/2379 1565/1572/1565 1564/1571/1564 2380/2409/2380 
f 2381/2410/2381 2379/2408/2379 2380/2409/2380 2382/2411/2382 
f 1560/1567/1560 1558/1565/1558 2379/2408/2379 2381/2410/2381 
f 2383/2412/2383 2378/2407/2378 2377/2406/2377 2384/2413/2384 
f 1821/1832/1821 2384/2413/2384 2377/2406/2377 1822/1833/1822 
f 2381/2410/2381 2384/2413/2384 1821/1832/1821 1560/1567/1560 
f 2382/2411/2382 2383/2412/2383 2384/2413/2384 2381/2410/2381 
f 2385/2414/2385 2386/2415/2386 2387/2416/2387 2388/2417/2388 
f 2368/2397/2368 2385/2414/2385 2388/2417/2388 2364/2395/2364 
f 2370/2399/2370 2389/2418/2389 2385/2414/2385 2368/2397/2368 
f 2389/2418/2389 2390/2419/2390 2386/2415/2386 2385/2414/2385 
f 2391/2420/2391 2392/2421/2392 2393/2422/2393 2394/2423/2394 
f 2394/2423/2394 2393/2422/2393 2395/2424/2395 2396/2425/2396 
f 2386/2415/2386 2394/2423/2394 2396/2425/2396 2387/2416/2387 
f 2390/2419/2390 2391/2420/2391 2394/2423/2394 2386/2415/2386 
f 2397/2426/2397 2398/2427/2398 2399/2428/2399 2400/2429/2400 
f 2400/2429/2400 2399/2428/2399 2390/2419/2390 2389/2418/2389 
f 2372/2401/2372 2400/2429/2400 2389/2418/2389 2370/2399/2370 
f 2372/2401/2372 2374/2403/2374 2397/2426/2397 2400/2429/2400 
f 2401/2430/2401 2402/2431/2402 2392/2421/2392 2391/2420/2391 
f 2399/2428/2399 2401/2430/2401 2391/2420/2391 2390/2419/2390 
f 2398/2427/2398 2403/2432/2403 2401/2430/2401 2399/2428/2399 
f 2403/2432/2403 2404/2433/2404 2402/2431/2402 2401/2430/2401 
f 2405/2434/2405 2398/2427/2398 2397/2426/2397 2406/2435/2406 
f 2406/2435/2406 2397/2426/2397 2374/2403/2374 2376/2405/2376 
f 2407/2436/2407 2406/2435/2406 2376/2405/2376 2378/2407/2378 
f 2408/2437/2408 2405/2434/2405 2406/2435/2406 2407/2436/2407 
f 2409/2438/2409 2404/2433/2404 2403/2432/2403 2410/2439/2410 
f 2410/2439/2410 2403/2432/2403 2398/2427/2398 2405/2434/2405 
f 2411/2440/2411 2410/2439/2410 2405/2434/2405 2408/2437/2408 
f 2412/2441/2412 2409/2438/2409 2410/2439/2410 2411/2440/2411 
f 2413/2442/2413 2414/2443/2414 2415/2444/2415 2416/2445/2416 
f 2407/2436/2407 2413/2442/2413 2416/2445/2416 2408/2437/2408 
f 2378/2407/2378 2383/2412/2383 2413/2442/2413 2407/2436/2407 
f 2383/2412/2383 2382/2411/2382 2414/2443/2414 2413/2442/2413 
f 2417/2446/2417 2418/2447/2418 2419/2448/2419 2420/2449/2420 
f 2411/2440/2411 2417/2446/2417 2420/2449/2420 2412/2441/2412 
f 2408/2437/2408 2416/2445/2416 2417/2446/2417 2411/2440/2411 
f 2416/2445/2416 2415/2444/2415 2418/2447/2418 2417/2446/2417 
f 2421/2450/2421 2422/2451/2422 2423/2452/2423 2424/2453/2424 
f 2425/2454/2425 2421/2450/2421 2424/2453/2424 2426/2455/2426 
f 2427/2456/2427 2428/2457/2428 2421/2450/2421 2425/2454/2425 
f 2428/2457/2428 2429/2458/2429 2422/2451/2422 2421/2450/2421 
f 2430/2459/2430 2431/2460/2431 2432/2461/2432 2433/2462/2433 
f 2430/2459/2430 2433/2462/2433 2423/2452/2423 2422/2451/2422 
f 2429/2458/2429 2434/2463/2434 2430/2459/2430 2422/2451/2422 
f 2434/2463/2434 2435/2464/2435 2431/2460/2431 2430/2459/2430 
f 2436/2465/2436 2437/2466/2437 2438/2467/2438 2439/2468/2439 
f 2431/2460/2431 2436/2465/2436 2439/2468/2439 2432/2461/2432 
f 2435/2464/2435 2440/2469/2440 2436/2465/2436 2431/2460/2431 
f 2440/2469/2440 2441/2470/2441 2437/2466/2437 2436/2465/2436 
f 2442/2471/2442 2443/2472/2443 2444/2473/2444 2445/2474/2445 
f 2437/2466/2437 2445/2474/2445 2444/2473/2444 2438/2467/2438 
f 2441/2470/2441 2446/2475/2446 2445/2474/2445 2437/2466/2437 
f 2447/2476/2447 2442/2471/2442 2445/2474/2445 2446/2475/2446 
f 2448/2477/2448 2360/2387/2360 2359/2386/2359 2449/2478/2449 
f 2449/2478/2449 2359/2386/2359 2364/2391/2364 2388/2479/2388 
f 2450/2480/2450 2449/2478/2449 2388/2479/2388 2387/2481/2387 
f 2451/2482/2451 2448/2477/2448 2449/2478/2449 2450/2480/2450 
f 2396/2483/2396 2395/2484/2395 2452/2485/2452 2453/2486/2453 
f 2453/2486/2453 2452/2485/2452 2454/2487/2454 2455/2488/2455 
f 2450/2480/2450 2453/2486/2453 2455/2488/2455 2451/2482/2451 
f 2387/2481/2387 2396/2483/2396 2453/2486/2453 2450/2480/2450 
f 2456/2489/2456 2451/2482/2451 2455/2488/2455 2457/2490/2457 
f 2457/2490/2457 2455/2488/2455 2454/2487/2454 2458/2491/2458 
f 2459/2492/2459 2457/2490/2457 2458/2491/2458 2460/2493/2460 
f 2461/2494/2461 2456/2489/2456 2457/2490/2457 2459/2492/2459 
f 2462/2495/2462 2463/2496/2463 2464/2497/2464 2465/2498/2465 
f 2448/2477/2448 2462/2495/2462 2465/2498/2465 2360/2387/2360 
f 2451/2482/2451 2456/2489/2456 2462/2495/2462 2448/2477/2448 
f 2456/2489/2456 2461/2494/2461 2463/2496/2463 2462/2495/2462 
f 2466/2499/2466 2467/2500/2467 2468/2501/2468 2469/2502/2469 
f 2361/2388/2361 2469/2502/2469 2468/2501/2468 2280/2298/2280 
f 2360/2387/2360 2465/2498/2465 2469/2502/2469 2361/2388/2361 
f 2465/2498/2465 2464/2497/2464 2466/2499/2466 2469/2502/2469 
f 2470/2503/2470 2471/2504/2471 2472/2505/2472 2473/2506/2473 
f 2470/2503/2470 2473/2506/2473 2467/2500/2467 2466/2499/2466 
f 2466/2499/2466 2464/2497/2464 2471/2504/2471 2470/2503/2470 
f 2474/2507/2474 2471/2504/2471 2464/2497/2464 2463/2496/2463 
f 2475/2508/2475 2474/2507/2474 2463/2496/2463 2461/2494/2461 
f 2476/2509/2476 2474/2507/2474 2475/2508/2475 2477/2510/2477 
f 2476/2509/2476 2472/2505/2472 2471/2504/2471 2474/2507/2474 
f 2478/2511/2478 2479/2512/2479 2282/2300/2282 2281/2299/2281 
f 2468/2501/2468 2478/2511/2478 2281/2299/2281 2280/2298/2280 
f 2467/2500/2467 2480/2513/2480 2478/2511/2478 2468/2501/2468 
f 2480/2513/2480 2481/2514/2481 2479/2512/2479 2478/2511/2478 
f 2482/2515/2482 2483/2516/2483 2481/2514/2481 2480/2513/2480 
f 2473/2506/2473 2482/2515/2482 2480/2513/2480 2467/2500/2467 
f 2472/2505/2472 2484/2517/2484 2482/2515/2482 2473/2506/2473 
f 2484/2517/2484 2485/2518/2485 2483/2516/2483 2482/2515/2482 
f 2486/2519/2486 2487/2520/2487 2485/2518/2485 2484/2517/2484 
f 2476/2509/2476 2486/2519/2486 2484/2517/2484 2472/2505/2472 
f 2477/2510/2477 2488/2521/2488 2486/2519/2486 2476/2509/2476 
f 2488/2521/2488 2489/2522/2489 2487/2520/2487 2486/2519/2486 
f 2490/2523/2490 2285/2305/2285 2282/2300/2282 2479/2512/2479 
f 2491/2524/2491 2490/2523/2490 2479/2512/2479 2481/2514/2481 
f 2492/2525/2492 2493/2526/2493 2490/2523/2490 2491/2524/2491 
f 2493/2526/2493 2286/2306/2286 2285/2305/2285 2490/2523/2490 
f 2494/2527/2494 2495/2528/2495 2485/2518/2485 2487/2520/2487 
f 2494/2527/2494 2487/2520/2487 2489/2522/2489 2496/2529/2496 
f 2497/2530/2497 2498/2531/2498 2494/2527/2494 2496/2529/2496 
f 2498/2531/2498 2499/2532/2499 2495/2528/2495 2494/2527/2494 
f 2500/2533/2500 2491/2524/2491 2481/2514/2481 2483/2516/2483 
f 2495/2528/2495 2500/2533/2500 2483/2516/2483 2485/2518/2485 
f 2499/2532/2499 2501/2534/2501 2500/2533/2500 2495/2528/2495 
f 2501/2534/2501 2492/2525/2492 2491/2524/2491 2500/2533/2500 
f 2502/2535/2502 2289/2310/2289 2286/2306/2286 2493/2526/2493 
f 2503/2536/2503 2502/2535/2502 2493/2526/2493 2492/2525/2492 
f 2504/2537/2504 2505/2538/2505 2502/2535/2502 2503/2536/2503 
f 2505/2538/2505 2290/2311/2290 2289/2310/2289 2502/2535/2502 
f 2506/2539/2506 2507/2540/2507 2314/2335/2314 2313/2334/2313 
f 2508/2541/2508 2506/2539/2506 2313/2334/2313 2310/2331/2310 
f 2509/2542/2509 2510/2543/2510 2506/2539/2506 2508/2541/2508 
f 2510/2543/2510 2511/2544/2511 2507/2540/2507 2506/2539/2506 
f 2512/2545/2512 2513/2546/2513 2514/2547/2514 2515/2548/2515 
f 2425/2454/2425 2512/2545/2512 2515/2548/2515 2427/2456/2427 
f 2426/2455/2426 2516/2549/2516 2512/2545/2512 2425/2454/2425 
f 2516/2549/2516 2517/2550/2517 2513/2546/2513 2512/2545/2512 
f 2518/2551/2518 2519/2552/2519 2316/2337/2316 2315/2336/2315 
f 2507/2540/2507 2518/2551/2518 2315/2336/2315 2314/2335/2314 
f 2511/2544/2511 2520/2553/2520 2518/2551/2518 2507/2540/2507 
f 2520/2553/2520 2521/2554/2521 2519/2552/2519 2518/2551/2518 
f 2522/2555/2522 2523/2556/2523 2521/2554/2521 2520/2553/2520 
f 2524/2557/2524 2522/2555/2522 2520/2553/2520 2511/2544/2511 
f 2525/2558/2525 2526/2559/2526 2522/2555/2522 2524/2557/2524 
f 2527/2560/2527 2523/2556/2523 2522/2555/2522 2526/2559/2526 
f 2528/2561/2528 2527/2560/2527 2526/2559/2526 2529/2562/2529 
f 2530/2563/2530 2529/2562/2529 2526/2559/2526 2525/2558/2525 
f 2514/2547/2514 2513/2546/2513 2529/2562/2529 2530/2563/2530 
f 2517/2550/2517 2528/2561/2528 2529/2562/2529 2513/2546/2513 
f 2531/2564/2531 2320/2341/2320 2316/2345/2316 2519/2565/2519 
f 2532/2566/2532 2531/2564/2531 2519/2565/2519 2521/2567/2521 
f 2533/2568/2533 2534/2569/2534 2531/2564/2531 2532/2566/2532 
f 2534/2569/2534 2321/2342/2321 2320/2341/2320 2531/2564/2531 
f 2535/2570/2535 2536/2571/2536 2354/2379/2354 2353/2378/2353 
f 2537/2572/2537 2535/2570/2535 2353/2378/2353 2350/2373/2350 
f 2538/2573/2538 2539/2574/2539 2535/2570/2535 2537/2572/2537 
f 2539/2574/2539 2540/2575/2540 2536/2571/2536 2535/2570/2535 
f 2541/2576/2541 2542/2577/2542 2540/2575/2540 2539/2574/2539 
f 2543/2578/2543 2541/2576/2541 2539/2574/2539 2538/2573/2538 
f 2544/2579/2544 2545/2580/2545 2541/2576/2541 2543/2578/2543 
f 2545/2580/2545 2546/2581/2546 2542/2577/2542 2541/2576/2541 
f 2547/2582/2547 2548/2583/2548 2549/2584/2549 2550/2585/2550 
f 2547/2582/2547 2550/2585/2550 2357/2382/2357 2356/2381/2356 
f 2536/2571/2536 2547/2582/2547 2356/2381/2356 2354/2379/2354 
f 2540/2575/2540 2548/2583/2548 2547/2582/2547 2536/2571/2536 
f 2551/2586/2551 2542/2577/2542 2546/2581/2546 2552/2587/2552 
f 2553/2588/2553 2551/2586/2551 2552/2587/2552 2554/2589/2554 
f 2549/2584/2549 2548/2583/2548 2551/2586/2551 2553/2588/2553 
f 2548/2583/2548 2540/2575/2540 2542/2577/2542 2551/2586/2551 
f 2555/2590/2555 2556/2591/2556 2546/2581/2546 2545/2580/2545 
f 2557/2592/2557 2555/2590/2555 2545/2580/2545 2544/2579/2544 
f 2558/2593/2558 2559/2594/2559 2555/2590/2555 2557/2592/2557 
f 2559/2594/2559 2560/2595/2560 2556/2591/2556 2555/2590/2555 
f 2556/2591/2556 2560/2595/2560 2561/2596/2561 2562/2597/2562 
f 2562/2597/2562 2561/2596/2561 2563/2598/2563 2564/2599/2564 
f 2554/2589/2554 2552/2587/2552 2562/2597/2562 2564/2599/2564 
f 2552/2587/2552 2546/2581/2546 2556/2591/2556 2562/2597/2562 
f 2565/2600/2565 2299/2320/2299 2297/2318/2297 2566/2601/2566 
f 2567/2602/2567 2565/2600/2565 2566/2601/2566 2568/2603/2568 
f 2569/2604/2569 2570/2605/2570 2565/2600/2565 2567/2602/2567 
f 2300/2321/2300 2299/2320/2299 2565/2600/2565 2570/2605/2570 
f 2571/2606/2571 2537/2572/2537 2350/2373/2350 2349/2372/2349 
f 2572/2607/2572 2571/2606/2571 2349/2372/2349 2346/2369/2346 
f 2573/2608/2573 2574/2609/2574 2571/2606/2571 2572/2607/2572 
f 2574/2609/2574 2538/2573/2538 2537/2572/2537 2571/2606/2571 
f 2575/2610/2575 2419/2611/2419 2418/2612/2418 2576/2613/2576 
f 2576/2613/2576 2418/2612/2418 2415/2614/2415 2577/2615/2577 
f 2578/2616/2578 2576/2613/2576 2577/2615/2577 2579/2617/2579 
f 2580/2618/2580 2575/2610/2575 2576/2613/2576 2578/2616/2578 
f 2581/2619/2581 2382/2620/2382 2380/2621/2380 2582/2622/2582 
f 2358/2383/2358 2582/2622/2582 2380/2621/2380 1564/2385/1564 
f 2357/2382/2357 2583/2623/2583 2582/2622/2582 2358/2383/2358 
f 2583/2623/2583 2584/2624/2584 2581/2619/2581 2582/2622/2582 
f 2585/2625/2585 2586/2626/2586 2584/2624/2584 2583/2623/2583 
f 2550/2585/2550 2585/2625/2585 2583/2623/2583 2357/2382/2357 
f 2549/2584/2549 2553/2588/2553 2585/2625/2585 2550/2585/2550 
f 2553/2588/2553 2554/2589/2554 2586/2626/2586 2585/2625/2585 
f 2587/2627/2587 2588/2628/2588 2579/2617/2579 2577/2615/2577 
f 2414/2629/2414 2587/2627/2587 2577/2615/2577 2415/2614/2415 
f 2382/2620/2382 2581/2619/2581 2587/2627/2587 2414/2629/2414 
f 2584/2624/2584 2588/2628/2588 2587/2627/2587 2581/2619/2581 
f 2589/2630/2589 2584/2624/2584 2586/2626/2586 2590/2631/2590 
f 2590/2631/2590 2586/2626/2586 2554/2589/2554 2564/2599/2564 
f 2591/2632/2591 2590/2631/2590 2564/2599/2564 2563/2598/2563 
f 2591/2632/2591 2592/2633/2592 2589/2630/2589 2590/2631/2590 
f 2589/2630/2589 2592/2633/2592 2593/2634/2593 2594/2635/2594 
f 2594/2635/2594 2593/2634/2593 2579/2617/2579 2588/2628/2588 
f 2588/2628/2588 2584/2624/2584 2589/2630/2589 2594/2635/2594 
f 2595/2636/2595 2596/2637/2596 2597/2638/2597 2598/2639/2598 
f 2598/2639/2598 2597/2638/2597 2580/2618/2580 2578/2616/2578 
f 2593/2634/2593 2598/2639/2598 2578/2616/2578 2579/2617/2579 
f 2592/2633/2592 2595/2636/2595 2598/2639/2598 2593/2634/2593 
f 2599/2640/2599 2600/2641/2600 2601/2642/2601 2602/2643/2602 
f 2329/2352/2329 2599/2640/2599 2602/2643/2602 2330/2353/2330 
f 2325/2348/2325 2603/2644/2603 2599/2640/2599 2329/2352/2329 
f 2603/2644/2603 2604/2645/2604 2600/2641/2600 2599/2640/2599 
f 2605/2646/2605 2606/2647/2606 2607/2648/2607 2608/2649/2608 
f 2532/2566/2532 2605/2646/2605 2608/2649/2608 2533/2568/2533 
f 2521/2567/2521 2523/2650/2523 2605/2646/2605 2532/2566/2532 
f 2523/2650/2523 2527/2651/2527 2606/2647/2606 2605/2646/2605 
f 2609/2652/2609 2606/2647/2606 2527/2651/2527 2528/2653/2528 
f 2610/2654/2610 2609/2652/2609 2528/2653/2528 2517/2655/2517 
f 2611/2656/2611 2612/2657/2612 2609/2652/2609 2610/2654/2610 
f 2612/2657/2612 2607/2648/2607 2606/2647/2606 2609/2652/2609 
f 2613/2658/2613 2614/2659/2614 2607/2648/2607 2612/2657/2612 
f 2615/2660/2615 2613/2658/2613 2612/2657/2612 2611/2656/2611 
f 2616/2661/2616 2617/2662/2617 2613/2658/2613 2615/2660/2615 
f 2617/2662/2617 2618/2663/2618 2614/2659/2614 2613/2658/2613 
f 2619/2664/2619 2620/2665/2620 2621/2666/2621 2622/2667/2622 
f 2610/2654/2610 2619/2664/2619 2622/2667/2622 2611/2656/2611 
f 2517/2655/2517 2516/2668/2516 2619/2664/2619 2610/2654/2610 
f 2516/2668/2516 2426/2669/2426 2620/2665/2620 2619/2664/2619 
f 2623/2670/2623 2616/2661/2616 2615/2660/2615 2624/2671/2624 
f 2624/2671/2624 2615/2660/2615 2611/2656/2611 2622/2667/2622 
f 2621/2666/2621 2625/2672/2625 2624/2671/2624 2622/2667/2622 
f 2625/2672/2625 2626/2673/2626 2623/2670/2623 2624/2671/2624 
f 2627/2674/2627 2628/2675/2628 2621/2666/2621 2620/2665/2620 
f 2627/2674/2627 2620/2665/2620 2426/2669/2426 2424/2676/2424 
f 2423/2677/2423 2629/2678/2629 2627/2674/2627 2424/2676/2424 
f 2629/2678/2629 2630/2679/2630 2628/2675/2628 2627/2674/2627 
f 2631/2680/2631 2632/2681/2632 2626/2673/2626 2625/2672/2625 
f 2628/2675/2628 2631/2680/2631 2625/2672/2625 2621/2666/2621 
f 2630/2679/2630 2633/2682/2633 2631/2680/2631 2628/2675/2628 
f 2633/2682/2633 2634/2683/2634 2632/2681/2632 2631/2680/2631 
f 2635/2684/2635 2636/2685/2636 2630/2679/2630 2629/2678/2629 
f 2433/2686/2433 2635/2684/2635 2629/2678/2629 2423/2677/2423 
f 2432/2687/2432 2637/2688/2637 2635/2684/2635 2433/2686/2433 
f 2637/2688/2637 2638/2689/2638 2636/2685/2636 2635/2684/2635 
f 2639/2690/2639 2640/2691/2640 2634/2683/2634 2633/2682/2633 
f 2636/2685/2636 2639/2690/2639 2633/2682/2633 2630/2679/2630 
f 2638/2689/2638 2641/2692/2641 2639/2690/2639 2636/2685/2636 
f 2641/2692/2641 2642/2693/2642 2640/2691/2640 2639/2690/2639 
f 2643/2694/2643 2644/2695/2644 2638/2689/2638 2637/2688/2637 
f 2439/2696/2439 2643/2694/2643 2637/2688/2637 2432/2687/2432 
f 2645/2697/2645 2643/2694/2643 2439/2696/2439 2438/2698/2438 
f 2645/2697/2645 2646/2699/2646 2644/2695/2644 2643/2694/2643 
f 2647/2700/2647 2648/2701/2648 2642/2693/2642 2641/2692/2641 
f 2644/2695/2644 2647/2700/2647 2641/2692/2641 2638/2689/2638 
f 2646/2699/2646 2649/2702/2649 2647/2700/2647 2644/2695/2644 
f 2649/2702/2649 2650/2703/2650 2648/2701/2648 2647/2700/2647 
f 2651/2704/2651 2646/2699/2646 2645/2697/2645 2652/2705/2652 
f 2652/2705/2652 2645/2697/2645 2438/2698/2438 2444/2706/2444 
f 2653/2707/2653 2652/2705/2652 2444/2706/2444 2443/2708/2443 
f 2654/2709/2654 2651/2704/2651 2652/2705/2652 2653/2707/2653 
f 2655/2710/2655 2650/2703/2650 2649/2702/2649 2656/2711/2656 
f 2656/2711/2656 2649/2702/2649 2646/2699/2646 2651/2704/2651 
f 2657/2712/2657 2656/2711/2656 2651/2704/2651 2654/2709/2654 
f 2658/2713/2658 2655/2710/2655 2656/2711/2656 2657/2712/2657 
f 2659/2714/2659 2324/2347/2324 2321/2342/2321 2534/2569/2534 
f 2660/2715/2660 2659/2714/2659 2534/2569/2534 2533/2568/2533 
f 2604/2645/2604 2603/2644/2603 2659/2714/2659 2660/2715/2660 
f 2603/2644/2603 2325/2348/2325 2324/2347/2324 2659/2714/2659 
f 2661/2716/2661 2660/2715/2660 2533/2568/2533 2608/2649/2608 
f 2614/2659/2614 2661/2716/2661 2608/2649/2608 2607/2648/2607 
f 2618/2663/2618 2662/2717/2662 2661/2716/2661 2614/2659/2614 
f 2662/2717/2662 2604/2645/2604 2660/2715/2660 2661/2716/2661 
f 2663/2718/2663 2508/2541/2508 2310/2331/2310 2309/2330/2309 
f 2664/2719/2664 2663/2718/2663 2309/2330/2309 2306/2327/2306 
f 2665/2720/2665 2666/2721/2666 2663/2718/2663 2664/2719/2664 
f 2666/2721/2666 2509/2542/2509 2508/2541/2508 2663/2718/2663 
f 2667/2722/2667 2524/2557/2524 2511/2544/2511 2510/2543/2510 
f 2668/2723/2668 2667/2722/2667 2510/2543/2510 2509/2542/2509 
f 2669/2724/2669 2670/2725/2670 2667/2722/2667 2668/2723/2668 
f 2670/2725/2670 2525/2558/2525 2524/2557/2524 2667/2722/2667 
f 2671/2726/2671 2672/2727/2672 2673/2728/2673 2674/2729/2674 
f 2530/2563/2530 2671/2726/2671 2674/2729/2674 2514/2547/2514 
f 2525/2558/2525 2670/2725/2670 2671/2726/2671 2530/2563/2530 
f 2670/2725/2670 2669/2724/2669 2672/2727/2672 2671/2726/2671 
f 2675/2730/2675 2676/2731/2676 2677/2732/2677 2678/2733/2678 
f 2672/2727/2672 2675/2730/2675 2678/2733/2678 2673/2728/2673 
f 2669/2724/2669 2679/2734/2679 2675/2730/2675 2672/2727/2672 
f 2679/2734/2679 2680/2735/2680 2676/2731/2676 2675/2730/2675 
f 2681/2736/2681 2515/2548/2515 2514/2547/2514 2674/2729/2674 
f 2682/2737/2682 2681/2736/2681 2674/2729/2674 2673/2728/2673 
f 2683/2738/2683 2684/2739/2684 2681/2736/2681 2682/2737/2682 
f 2427/2456/2427 2515/2548/2515 2681/2736/2681 2684/2739/2684 
f 2685/2740/2685 2686/2741/2686 2687/2742/2687 2688/2743/2688 
f 2682/2737/2682 2685/2740/2685 2688/2743/2688 2683/2738/2683 
f 2673/2728/2673 2678/2733/2678 2685/2740/2685 2682/2737/2682 
f 2678/2733/2678 2677/2732/2677 2686/2741/2686 2685/2740/2685 
f 2689/2744/2689 2686/2741/2686 2677/2732/2677 2690/2745/2690 
f 2691/2746/2691 2689/2744/2689 2690/2745/2690 2692/2747/2692 
f 2693/2748/2693 2694/2749/2694 2689/2744/2689 2691/2746/2691 
f 2694/2749/2694 2687/2742/2687 2686/2741/2686 2689/2744/2689 
f 2695/2750/2695 2696/2751/2696 2429/2458/2429 2428/2457/2428 
f 2695/2750/2695 2428/2457/2428 2427/2456/2427 2684/2739/2684 
f 2697/2752/2697 2695/2750/2695 2684/2739/2684 2683/2738/2683 
f 2698/2753/2698 2696/2751/2696 2695/2750/2695 2697/2752/2697 
f 2699/2754/2699 2700/2755/2700 2701/2756/2701 2702/2757/2702 
f 2699/2754/2699 2702/2757/2702 2698/2753/2698 2697/2752/2697 
f 2683/2738/2683 2688/2743/2688 2699/2754/2699 2697/2752/2697 
f 2688/2743/2688 2687/2742/2687 2700/2755/2700 2699/2754/2699 
f 2703/2758/2703 2700/2755/2700 2687/2742/2687 2694/2749/2694 
f 2704/2759/2704 2703/2758/2703 2694/2749/2694 2693/2748/2693 
f 2705/2760/2705 2706/2761/2706 2703/2758/2703 2704/2759/2704 
f 2706/2761/2706 2701/2756/2701 2700/2755/2700 2703/2758/2703 
f 2707/2762/2707 2708/2763/2708 2435/2464/2435 2434/2463/2434 
f 2696/2751/2696 2707/2762/2707 2434/2463/2434 2429/2458/2429 
f 2698/2753/2698 2709/2764/2709 2707/2762/2707 2696/2751/2696 
f 2709/2764/2709 2710/2765/2710 2708/2763/2708 2707/2762/2707 
f 2711/2766/2711 2712/2767/2712 2710/2765/2710 2709/2764/2709 
f 2702/2757/2702 2711/2766/2711 2709/2764/2709 2698/2753/2698 
f 2701/2756/2701 2713/2768/2713 2711/2766/2711 2702/2757/2702 
f 2713/2768/2713 2714/2769/2714 2712/2767/2712 2711/2766/2711 
f 2715/2770/2715 2713/2768/2713 2701/2756/2701 2706/2761/2706 
f 2716/2771/2716 2715/2770/2715 2706/2761/2706 2705/2760/2705 
f 2717/2772/2717 2718/2773/2718 2715/2770/2715 2716/2771/2716 
f 2718/2773/2718 2714/2769/2714 2713/2768/2713 2715/2770/2715 
f 2719/2774/2719 2720/2775/2720 2441/2470/2441 2440/2469/2440 
f 2708/2763/2708 2719/2774/2719 2440/2469/2440 2435/2464/2435 
f 2710/2765/2710 2721/2776/2721 2719/2774/2719 2708/2763/2708 
f 2722/2777/2722 2720/2775/2720 2719/2774/2719 2721/2776/2721 
f 2723/2778/2723 2722/2777/2722 2721/2776/2721 2724/2779/2724 
f 2712/2767/2712 2724/2779/2724 2721/2776/2721 2710/2765/2710 
f 2714/2769/2714 2725/2780/2725 2724/2779/2724 2712/2767/2712 
f 2725/2780/2725 2726/2781/2726 2723/2778/2723 2724/2779/2724 
f 2727/2782/2727 2725/2780/2725 2714/2769/2714 2718/2773/2718 
f 2728/2783/2728 2727/2782/2727 2718/2773/2718 2717/2772/2717 
f 2729/2784/2729 2727/2782/2727 2728/2783/2728 2730/2785/2730 
f 2726/2781/2726 2725/2780/2725 2727/2782/2727 2729/2784/2729 
f 2731/2786/2731 2723/2778/2723 2726/2781/2726 2732/2787/2732 
f 2731/2786/2731 2732/2787/2732 2733/2788/2733 2734/2789/2734 
f 2735/2790/2735 2731/2786/2731 2734/2789/2734 2736/2791/2736 
f 2722/2777/2722 2723/2778/2723 2731/2786/2731 2735/2790/2735 
f 2737/2792/2737 2447/2476/2447 2446/2475/2446 2738/2793/2738 
f 2738/2793/2738 2446/2475/2446 2441/2470/2441 2720/2775/2720 
f 2735/2790/2735 2738/2793/2738 2720/2775/2720 2722/2777/2722 
f 2736/2791/2736 2737/2792/2737 2738/2793/2738 2735/2790/2735 
f 2732/2787/2732 2726/2781/2726 2729/2784/2729 2739/2794/2739 
f 2739/2794/2739 2729/2784/2729 2730/2785/2730 2740/2795/2740 
f 2741/2796/2741 2739/2794/2739 2740/2795/2740 2742/2797/2742 
f 2733/2788/2733 2732/2787/2732 2739/2794/2739 2741/2796/2741 
f 2743/2798/2743 2664/2719/2664 2306/2327/2306 2304/2325/2304 
f 2570/2605/2570 2743/2798/2743 2304/2325/2304 2300/2321/2300 
f 2569/2604/2569 2744/2799/2744 2743/2798/2743 2570/2605/2570 
f 2744/2799/2744 2665/2720/2665 2664/2719/2664 2743/2798/2743 
f 2745/2800/2745 2746/2801/2746 2665/2720/2665 2744/2799/2744 
f 2745/2800/2745 2744/2799/2744 2569/2604/2569 2747/2802/2747 
f 2748/2803/2748 2745/2800/2745 2747/2802/2747 2749/2804/2749 
f 2748/2803/2748 2680/2735/2680 2746/2801/2746 2745/2800/2745 
f 2750/2805/2750 2746/2801/2746 2680/2735/2680 2679/2734/2679 
f 2668/2723/2668 2750/2805/2750 2679/2734/2679 2669/2724/2669 
f 2509/2542/2509 2666/2721/2666 2750/2805/2750 2668/2723/2668 
f 2666/2721/2666 2665/2720/2665 2746/2801/2746 2750/2805/2750 
f 2751/2806/2751 2752/2807/2752 2692/2747/2692 2690/2745/2690 
f 2676/2731/2676 2751/2806/2751 2690/2745/2690 2677/2732/2677 
f 2680/2735/2680 2748/2803/2748 2751/2806/2751 2676/2731/2676 
f 2748/2803/2748 2749/2804/2749 2752/2807/2752 2751/2806/2751 
f 2753/2808/2753 2754/2809/2754 2568/2603/2568 2566/2601/2566 
f 2296/2317/2296 2753/2808/2753 2566/2601/2566 2297/2318/2297 
f 2294/2315/2294 2755/2810/2755 2753/2808/2753 2296/2317/2296 
f 2755/2810/2755 2756/2811/2756 2754/2809/2754 2753/2808/2753 
f 2757/2812/2757 2758/2813/2758 2759/2814/2759 2760/2815/2760 
f 2503/2536/2503 2757/2812/2757 2760/2815/2760 2504/2537/2504 
f 2492/2525/2492 2501/2534/2501 2757/2812/2757 2503/2536/2503 
f 2501/2534/2501 2499/2532/2499 2758/2813/2758 2757/2812/2757 
f 2761/2816/2761 2758/2813/2758 2499/2532/2499 2498/2531/2498 
f 2762/2817/2762 2761/2816/2761 2498/2531/2498 2497/2530/2497 
f 2763/2818/2763 2764/2819/2764 2761/2816/2761 2762/2817/2762 
f 2764/2819/2764 2759/2814/2759 2758/2813/2758 2761/2816/2761 
f 2765/2820/2765 2766/2821/2766 2767/2822/2767 2768/2823/2768 
f 2769/2824/2769 2765/2820/2765 2768/2823/2768 2770/2825/2770 
f 2759/2814/2759 2764/2819/2764 2765/2820/2765 2769/2824/2769 
f 2764/2819/2764 2763/2818/2763 2766/2821/2766 2765/2820/2765 
f 2771/2826/2771 2763/2818/2763 2762/2817/2762 2772/2827/2772 
f 2772/2827/2772 2762/2817/2762 2497/2530/2497 2773/2828/2773 
f 2774/2829/2774 2771/2826/2771 2772/2827/2772 2773/2828/2773 
f 2775/2830/2775 2693/2748/2693 2691/2746/2691 2776/2831/2776 
f 2776/2831/2776 2691/2746/2691 2692/2747/2692 2777/2832/2777 
f 2778/2833/2778 2779/2834/2779 2776/2831/2776 2777/2832/2777 
f 2779/2834/2779 2780/2835/2780 2775/2830/2775 2776/2831/2776 
f 2781/2836/2781 2782/2837/2782 2780/2835/2780 2779/2834/2779 
f 2783/2838/2783 2781/2836/2781 2779/2834/2779 2778/2833/2778 
f 2767/2822/2767 2784/2839/2784 2781/2836/2781 2783/2838/2783 
f 2784/2839/2784 2785/2840/2785 2782/2837/2782 2781/2836/2781 
f 2786/2841/2786 2787/2842/2787 2785/2840/2785 2784/2839/2784 
f 2766/2821/2766 2786/2841/2786 2784/2839/2784 2767/2822/2767 
f 2763/2818/2763 2771/2826/2771 2786/2841/2786 2766/2821/2766 
f 2771/2826/2771 2774/2829/2774 2787/2842/2787 2786/2841/2786 
f 2788/2843/2788 2789/2844/2789 2790/2845/2790 2791/2846/2791 
f 2704/2759/2704 2788/2843/2788 2791/2846/2791 2705/2760/2705 
f 2693/2748/2693 2775/2830/2775 2788/2843/2788 2704/2759/2704 
f 2775/2830/2775 2780/2835/2780 2789/2844/2789 2788/2843/2788 
f 2773/2828/2773 2497/2530/2497 2496/2529/2496 2792/2847/2792 
f 2793/2848/2793 2792/2847/2792 2496/2529/2496 2489/2522/2489 
f 2794/2849/2794 2795/2850/2795 2792/2847/2792 2793/2848/2793 
f 2795/2850/2795 2774/2829/2774 2773/2828/2773 2792/2847/2792 
f 2796/2851/2796 2790/2845/2790 2789/2844/2789 2797/2852/2797 
f 2782/2837/2782 2797/2852/2797 2789/2844/2789 2780/2835/2780 
f 2785/2840/2785 2798/2853/2798 2797/2852/2797 2782/2837/2782 
f 2799/2854/2799 2796/2851/2796 2797/2852/2797 2798/2853/2798 
f 2800/2855/2800 2801/2856/2801 2799/2854/2799 2798/2853/2798 
f 2787/2842/2787 2800/2855/2800 2798/2853/2798 2785/2840/2785 
f 2774/2829/2774 2795/2850/2795 2800/2855/2800 2787/2842/2787 
f 2795/2850/2795 2794/2849/2794 2801/2856/2801 2800/2855/2800 
f 2802/2857/2802 2793/2848/2793 2489/2522/2489 2488/2521/2488 
f 2803/2858/2803 2802/2857/2802 2488/2521/2488 2477/2510/2477 
f 2804/2859/2804 2805/2860/2805 2802/2857/2802 2803/2858/2803 
f 2805/2860/2805 2794/2849/2794 2793/2848/2793 2802/2857/2802 
f 2806/2861/2806 2716/2771/2716 2705/2760/2705 2791/2846/2791 
f 2807/2862/2807 2806/2861/2806 2791/2846/2791 2790/2845/2790 
f 2808/2863/2808 2809/2864/2809 2806/2861/2806 2807/2862/2807 
f 2809/2864/2809 2717/2772/2717 2716/2771/2716 2806/2861/2806 
f 2810/2865/2810 2811/2866/2811 2812/2867/2812 2813/2868/2813 
f 2807/2862/2807 2810/2865/2810 2813/2868/2813 2808/2863/2808 
f 2790/2845/2790 2796/2851/2796 2810/2865/2810 2807/2862/2807 
f 2796/2851/2796 2799/2854/2799 2811/2866/2811 2810/2865/2810 
f 2814/2869/2814 2812/2867/2812 2811/2866/2811 2815/2870/2815 
f 2801/2856/2801 2815/2870/2815 2811/2866/2811 2799/2854/2799 
f 2794/2849/2794 2805/2860/2805 2815/2870/2815 2801/2856/2801 
f 2805/2860/2805 2804/2859/2804 2814/2869/2814 2815/2870/2815 
f 2816/2871/2816 2728/2783/2728 2717/2772/2717 2809/2864/2809 
f 2817/2872/2817 2816/2871/2816 2809/2864/2809 2808/2863/2808 
f 2818/2873/2818 2819/2874/2819 2816/2871/2816 2817/2872/2817 
f 2819/2874/2819 2730/2785/2730 2728/2783/2728 2816/2871/2816 
f 2820/2875/2820 2803/2858/2803 2477/2510/2477 2475/2508/2475 
f 2821/2876/2821 2820/2875/2820 2475/2508/2475 2461/2494/2461 
f 2822/2877/2822 2823/2878/2823 2820/2875/2820 2821/2876/2821 
f 2823/2878/2823 2804/2859/2804 2803/2858/2803 2820/2875/2820 
f 2824/2879/2824 2825/2880/2825 2826/2881/2826 2827/2882/2827 
f 2817/2872/2817 2824/2879/2824 2827/2882/2827 2818/2873/2818 
f 2808/2863/2808 2813/2868/2813 2824/2879/2824 2817/2872/2817 
f 2813/2868/2813 2812/2867/2812 2825/2880/2825 2824/2879/2824 
f 2828/2883/2828 2825/2880/2825 2812/2867/2812 2814/2869/2814 
f 2828/2883/2828 2814/2869/2814 2804/2859/2804 2823/2878/2823 
f 2822/2877/2822 2829/2884/2829 2828/2883/2828 2823/2878/2823 
f 2829/2884/2829 2826/2881/2826 2825/2880/2825 2828/2883/2828 
f 2830/2885/2830 2831/2886/2831 2818/2873/2818 2827/2882/2827 
f 2832/2887/2832 2830/2885/2830 2827/2882/2827 2826/2881/2826 
f 2833/2888/2833 2830/2885/2830 2832/2887/2832 2834/2889/2834 
f 2835/2890/2835 2831/2886/2831 2830/2885/2830 2833/2888/2833 
f 2836/2891/2836 2837/2892/2837 2742/2797/2742 2740/2795/2740 
f 2819/2874/2819 2836/2891/2836 2740/2795/2740 2730/2785/2730 
f 2831/2886/2831 2836/2891/2836 2819/2874/2819 2818/2873/2818 
f 2831/2886/2831 2835/2890/2835 2837/2892/2837 2836/2891/2836 
f 2838/2893/2838 2839/2894/2839 2822/2877/2822 2821/2876/2821 
f 2459/2492/2459 2838/2893/2838 2821/2876/2821 2461/2494/2461 
f 2460/2493/2460 2840/2895/2840 2838/2893/2838 2459/2492/2459 
f 2840/2895/2840 2841/2896/2841 2839/2894/2839 2838/2893/2838 
f 2842/2897/2842 2832/2887/2832 2826/2881/2826 2829/2884/2829 
f 2839/2894/2839 2842/2897/2842 2829/2884/2829 2822/2877/2822 
f 2841/2896/2841 2843/2898/2843 2842/2897/2842 2839/2894/2839 
f 2834/2889/2834 2832/2887/2832 2842/2897/2842 2843/2898/2843 
f 2844/2899/2844 2293/2314/2293 2290/2311/2290 2505/2538/2505 
f 2845/2900/2845 2844/2899/2844 2505/2538/2505 2504/2537/2504 
f 2756/2811/2756 2755/2810/2755 2844/2899/2844 2845/2900/2845 
f 2755/2810/2755 2294/2315/2294 2293/2314/2293 2844/2899/2844 
f 2846/2901/2846 2845/2900/2845 2504/2537/2504 2760/2815/2760 
f 2769/2824/2769 2846/2901/2846 2760/2815/2760 2759/2814/2759 
f 2770/2825/2770 2847/2902/2847 2846/2901/2846 2769/2824/2769 
f 2847/2902/2847 2756/2811/2756 2845/2900/2845 2846/2901/2846 
f 2848/2903/2848 2849/2904/2849 2850/2905/2850 2851/2906/2851 
f 2754/2809/2754 2848/2903/2848 2851/2906/2851 2568/2603/2568 
f 2756/2811/2756 2847/2902/2847 2848/2903/2848 2754/2809/2754 
f 2847/2902/2847 2770/2825/2770 2849/2904/2849 2848/2903/2848 
f 2852/2907/2852 2853/2908/2853 2749/2804/2749 2747/2802/2747 
f 2567/2602/2567 2852/2907/2852 2747/2802/2747 2569/2604/2569 
f 2568/2603/2568 2851/2906/2851 2852/2907/2852 2567/2602/2567 
f 2851/2906/2851 2850/2905/2850 2853/2908/2853 2852/2907/2852 
f 2777/2832/2777 2692/2747/2692 2752/2807/2752 2854/2909/2854 
f 2854/2909/2854 2752/2807/2752 2749/2804/2749 2853/2908/2853 
f 2850/2905/2850 2855/2910/2855 2854/2909/2854 2853/2908/2853 
f 2855/2910/2855 2778/2833/2778 2777/2832/2777 2854/2909/2854 
f 2856/2911/2856 2849/2904/2849 2770/2825/2770 2768/2823/2768 
f 2783/2838/2783 2856/2911/2856 2768/2823/2768 2767/2822/2767 
f 2778/2833/2778 2855/2910/2855 2856/2911/2856 2783/2838/2783 
f 2855/2910/2855 2850/2905/2850 2849/2904/2849 2856/2911/2856 
f 2857/2912/2857 2858/2913/2858 2338/2361/2338 2337/2360/2337 
f 2857/2912/2857 2337/2360/2337 2334/2357/2334 2859/2914/2859 
f 2860/2915/2860 2857/2912/2857 2859/2914/2859 2861/2916/2861 
f 2862/2917/2862 2858/2913/2858 2857/2912/2857 2860/2915/2860 
f 2863/2918/2863 2864/2919/2864 2865/2920/2865 2866/2921/2866 
f 2600/2641/2600 2863/2918/2863 2866/2921/2866 2601/2642/2601 
f 2604/2645/2604 2662/2717/2662 2863/2918/2863 2600/2641/2600 
f 2662/2717/2662 2618/2663/2618 2864/2919/2864 2863/2918/2863 
f 2867/2922/2867 2868/2923/2868 2869/2924/2869 2870/2925/2870 
f 2864/2919/2864 2867/2922/2867 2870/2925/2870 2865/2920/2865 
f 2618/2663/2618 2617/2662/2617 2867/2922/2867 2864/2919/2864 
f 2617/2662/2617 2616/2661/2616 2868/2923/2868 2867/2922/2867 
f 2871/2926/2871 2872/2927/2872 2865/2920/2865 2870/2925/2870 
f 2873/2928/2873 2871/2926/2871 2870/2925/2870 2869/2924/2869 
f 2874/2929/2874 2875/2930/2875 2871/2926/2871 2873/2928/2873 
f 2875/2930/2875 2876/2931/2876 2872/2927/2872 2871/2926/2871 
f 2877/2932/2877 2878/2933/2878 2879/2934/2879 2880/2935/2880 
f 2868/2923/2868 2877/2932/2877 2880/2935/2880 2869/2924/2869 
f 2616/2661/2616 2623/2670/2623 2877/2932/2877 2868/2923/2868 
f 2623/2670/2623 2626/2673/2626 2878/2933/2878 2877/2932/2877 
f 2881/2936/2881 2873/2928/2873 2869/2924/2869 2880/2935/2880 
f 2882/2937/2882 2881/2936/2881 2880/2935/2880 2879/2934/2879 
f 2883/2938/2883 2884/2939/2884 2881/2936/2881 2882/2937/2882 
f 2884/2939/2884 2874/2929/2874 2873/2928/2873 2881/2936/2881 
f 2885/2940/2885 2886/2941/2886 2887/2942/2887 2888/2943/2888 
f 2878/2933/2878 2885/2940/2885 2888/2943/2888 2879/2934/2879 
f 2626/2673/2626 2632/2681/2632 2885/2940/2885 2878/2933/2878 
f 2632/2681/2632 2634/2683/2634 2886/2941/2886 2885/2940/2885 
f 2889/2944/2889 2883/2938/2883 2882/2937/2882 2890/2945/2890 
f 2890/2945/2890 2882/2937/2882 2879/2934/2879 2888/2943/2888 
f 2891/2946/2891 2890/2945/2890 2888/2943/2888 2887/2942/2887 
f 2892/2947/2892 2889/2944/2889 2890/2945/2890 2891/2946/2891 
f 2893/2948/2893 2894/2949/2894 2895/2950/2895 2896/2951/2896 
f 2886/2941/2886 2893/2948/2893 2896/2951/2896 2887/2942/2887 
f 2640/2691/2640 2893/2948/2893 2886/2941/2886 2634/2683/2634 
f 2642/2693/2642 2894/2949/2894 2893/2948/2893 2640/2691/2640 
f 2897/2952/2897 2898/2953/2898 2892/2947/2892 2891/2946/2891 
f 2897/2952/2897 2891/2946/2891 2887/2942/2887 2896/2951/2896 
f 2899/2954/2899 2897/2952/2897 2896/2951/2896 2895/2950/2895 
f 2899/2954/2899 2900/2955/2900 2898/2953/2898 2897/2952/2897 
f 2901/2956/2901 2902/2957/2902 2903/2958/2903 2904/2959/2904 
f 2894/2949/2894 2904/2959/2904 2903/2958/2903 2895/2950/2895 
f 2648/2701/2648 2904/2959/2904 2894/2949/2894 2642/2693/2642 
f 2650/2703/2650 2901/2956/2901 2904/2959/2904 2648/2701/2648 
f 2905/2960/2905 2906/2961/2906 2907/2962/2907 2908/2963/2908 
f 2908/2963/2908 2907/2962/2907 2900/2955/2900 2899/2954/2899 
f 2903/2958/2903 2908/2963/2908 2899/2954/2899 2895/2950/2895 
f 2902/2957/2902 2905/2960/2905 2908/2963/2908 2903/2958/2903 
f 2909/2964/2909 2910/2965/2910 2911/2966/2911 2912/2967/2912 
f 2912/2967/2912 2911/2966/2911 2902/2957/2902 2901/2956/2901 
f 2650/2703/2650 2655/2710/2655 2912/2967/2912 2901/2956/2901 
f 2655/2710/2655 2658/2713/2658 2909/2964/2909 2912/2967/2912 
f 2913/2968/2913 2914/2969/2914 2906/2961/2906 2905/2960/2905 
f 2911/2966/2911 2913/2968/2913 2905/2960/2905 2902/2957/2902 
f 2910/2965/2910 2915/2970/2915 2913/2968/2913 2911/2966/2911 
f 2915/2970/2915 2916/2971/2916 2914/2969/2914 2913/2968/2913 
f 2917/2972/2917 2333/2356/2333 2330/2353/2330 2602/2643/2602 
f 2918/2973/2918 2917/2972/2917 2602/2643/2602 2601/2642/2601 
f 2861/2916/2861 2859/2914/2859 2917/2972/2917 2918/2973/2918 
f 2859/2914/2859 2334/2357/2334 2333/2356/2333 2917/2972/2917 
f 2919/2974/2919 2918/2973/2918 2601/2642/2601 2866/2921/2866 
f 2872/2927/2872 2919/2974/2919 2866/2921/2866 2865/2920/2865 
f 2876/2931/2876 2920/2975/2920 2919/2974/2919 2872/2927/2872 
f 2920/2975/2920 2861/2916/2861 2918/2973/2918 2919/2974/2919 
f 2921/2976/2921 2922/2977/2922 2923/2978/2923 2924/2979/2924 
f 2860/2915/2860 2921/2976/2921 2924/2979/2924 2862/2917/2862 
f 2861/2916/2861 2920/2975/2920 2921/2976/2921 2860/2915/2860 
f 2920/2975/2920 2876/2931/2876 2922/2977/2922 2921/2976/2921 
f 2925/2980/2925 2926/2981/2926 2927/2982/2927 2928/2983/2928 
f 2922/2977/2922 2925/2980/2925 2928/2983/2928 2923/2978/2923 
f 2876/2931/2876 2875/2930/2875 2925/2980/2925 2922/2977/2922 
f 2875/2930/2875 2874/2929/2874 2926/2981/2926 2925/2980/2925 
f 2929/2984/2929 2930/2985/2930 2931/2986/2931 2932/2987/2932 
f 2928/2983/2928 2929/2984/2929 2932/2987/2932 2923/2978/2923 
f 2927/2982/2927 2933/2988/2933 2929/2984/2929 2928/2983/2928 
f 2933/2988/2933 2934/2989/2934 2930/2985/2930 2929/2984/2929 
f 2935/2990/2935 2936/2991/2936 2558/2593/2558 2937/2992/2937 
f 2938/2993/2938 2935/2990/2935 2937/2992/2937 2939/2994/2939 
f 2940/2995/2940 2936/2991/2936 2935/2990/2935 2938/2993/2938 
f 2941/2996/2941 2942/2997/2942 2943/2998/2943 2944/2999/2944 
f 2926/2981/2926 2941/2996/2941 2944/2999/2944 2927/2982/2927 
f 2874/2929/2874 2884/2939/2884 2941/2996/2941 2926/2981/2926 
f 2884/2939/2884 2883/2938/2883 2942/2997/2942 2941/2996/2941 
f 2945/3000/2945 2946/3001/2946 2934/2989/2934 2933/2988/2933 
f 2945/3000/2945 2933/2988/2933 2927/2982/2927 2944/2999/2944 
f 2947/3002/2947 2945/3000/2945 2944/2999/2944 2943/2998/2943 
f 2947/3002/2947 2948/3003/2948 2946/3001/2946 2945/3000/2945 
f 2949/3004/2949 2938/2993/2938 2939/2994/2939 2950/3005/2950 
f 2946/3001/2946 2949/3004/2949 2950/3005/2950 2934/2989/2934 
f 2948/3003/2948 2951/3006/2951 2949/3004/2949 2946/3001/2946 
f 2951/3006/2951 2940/2995/2940 2938/2993/2938 2949/3004/2949 
f 2952/3007/2952 2953/3008/2953 2954/3009/2954 2955/3010/2955 
f 2942/2997/2942 2952/3007/2952 2955/3010/2955 2943/2998/2943 
f 2883/2938/2883 2889/2944/2889 2952/3007/2952 2942/2997/2942 
f 2889/2944/2889 2892/2947/2892 2953/3008/2953 2952/3007/2952 
f 2956/3011/2956 2957/3012/2957 2958/3013/2958 2959/3014/2959 
f 2559/2594/2559 2956/3011/2956 2959/3014/2959 2560/2595/2560 
f 2558/2593/2558 2936/2991/2936 2956/3011/2956 2559/2594/2559 
f 2936/2991/2936 2940/2995/2940 2957/3012/2957 2956/3011/2956 
f 2960/3015/2960 2961/3016/2961 2948/3003/2948 2947/3002/2947 
f 2960/3015/2960 2947/3002/2947 2943/2998/2943 2955/3010/2955 
f 2954/3009/2954 2962/3017/2962 2960/3015/2960 2955/3010/2955 
f 2962/3017/2962 2963/3018/2963 2961/3016/2961 2960/3015/2960 
f 2964/3019/2964 2957/3012/2957 2940/2995/2940 2951/3006/2951 
f 2961/3016/2961 2964/3019/2964 2951/3006/2951 2948/3003/2948 
f 2963/3018/2963 2965/3020/2965 2964/3019/2964 2961/3016/2961 
f 2965/3020/2965 2958/3013/2958 2957/3012/2957 2964/3019/2964 
f 2966/3021/2966 2967/3022/2967 2968/3023/2968 2969/3024/2969 
f 2969/3024/2969 2968/3023/2968 2954/3009/2954 2953/3008/2953 
f 2898/2953/2898 2969/3024/2969 2953/3008/2953 2892/2947/2892 
f 2900/2955/2900 2966/3021/2966 2969/3024/2969 2898/2953/2898 
f 2970/3025/2970 2971/3026/2971 2972/3027/2972 2973/3028/2973 
f 2561/2596/2561 2970/3025/2970 2973/3028/2973 2563/2598/2563 
f 2560/2595/2560 2959/3014/2959 2970/3025/2970 2561/2596/2561 
f 2959/3014/2959 2958/3013/2958 2971/3026/2971 2970/3025/2970 
f 2974/3029/2974 2975/3030/2975 2963/3018/2963 2962/3017/2962 
f 2968/3023/2968 2974/3029/2974 2962/3017/2962 2954/3009/2954 
f 2967/3022/2967 2976/3031/2976 2974/3029/2974 2968/3023/2968 
f 2976/3031/2976 2977/3032/2977 2975/3030/2975 2974/3029/2974 
f 2978/3033/2978 2971/3026/2971 2958/3013/2958 2965/3020/2965 
f 2975/3030/2975 2978/3033/2978 2965/3020/2965 2963/3018/2963 
f 2977/3032/2977 2979/3034/2979 2978/3033/2978 2975/3030/2975 
f 2979/3034/2979 2972/3027/2972 2971/3026/2971 2978/3033/2978 
f 2980/3035/2980 2981/3036/2981 2982/3037/2982 2983/3038/2983 
f 2591/2632/2591 2980/3035/2980 2983/3038/2983 2592/2633/2592 
f 2563/2598/2563 2973/3028/2973 2980/3035/2980 2591/2632/2591 
f 2973/3028/2973 2972/3027/2972 2981/3036/2981 2980/3035/2980 
f 2984/3039/2984 2985/3040/2985 2967/3022/2967 2966/3021/2966 
f 2907/2962/2907 2984/3039/2984 2966/3021/2966 2900/2955/2900 
f 2906/2961/2906 2986/3041/2986 2984/3039/2984 2907/2962/2907 
f 2986/3041/2986 2987/3042/2987 2985/3040/2985 2984/3039/2984 
f 2988/3043/2988 2982/3037/2982 2981/3036/2981 2989/3044/2989 
f 2989/3044/2989 2981/3036/2981 2972/3027/2972 2979/3034/2979 
f 2990/3045/2990 2989/3044/2989 2979/3034/2979 2977/3032/2977 
f 2991/3046/2991 2988/3043/2988 2989/3044/2989 2990/3045/2990 
f 2992/3047/2992 2990/3045/2990 2977/3032/2977 2976/3031/2976 
f 2985/3040/2985 2992/3047/2992 2976/3031/2976 2967/3022/2967 
f 2987/3042/2987 2993/3048/2993 2992/3047/2992 2985/3040/2985 
f 2993/3048/2993 2991/3046/2991 2990/3045/2990 2992/3047/2992 
f 2994/3049/2994 2995/3050/2995 2996/3051/2996 2997/3052/2997 
f 2997/3052/2997 2996/3051/2996 2596/2637/2596 2595/2636/2595 
f 2983/3038/2983 2997/3052/2997 2595/2636/2595 2592/2633/2592 
f 2982/3037/2982 2994/3049/2994 2997/3052/2997 2983/3038/2983 
f 2988/3043/2988 2991/3046/2991 2998/3053/2998 2999/3054/2999 
f 2999/3054/2999 2998/3053/2998 3000/3055/3000 3001/3056/3001 
f 2995/3050/2995 2994/3049/2994 2999/3054/2999 3001/3056/3001 
f 2982/3037/2982 2988/3043/2988 2999/3054/2999 2994/3049/2994 
f 3002/3057/3002 3003/3058/3003 2987/3042/2987 2986/3041/2986 
f 2914/2969/2914 3002/3057/3002 2986/3041/2986 2906/2961/2906 
f 2916/2971/2916 3004/3059/3004 3002/3057/3002 2914/2969/2914 
f 3004/3059/3004 3005/3060/3005 3003/3058/3003 3002/3057/3002 
f 3006/3061/3006 2998/3053/2998 2991/3046/2991 2993/3048/2993 
f 3003/3058/3003 3006/3061/3006 2993/3048/2993 2987/3042/2987 
f 3005/3060/3005 3007/3062/3007 3006/3061/3006 3003/3058/3003 
f 3007/3062/3007 3000/3055/3000 2998/3053/2998 3006/3061/3006 
f 3008/3063/3008 3009/3064/3009 2342/2365/2342 2341/2364/2341 
f 2858/2913/2858 3008/3063/3008 2341/2364/2341 2338/2361/2338 
f 2862/2917/2862 3010/3065/3010 3008/3063/3008 2858/2913/2858 
f 3010/3065/3010 3011/3066/3011 3009/3064/3009 3008/3063/3008 
f 3012/3067/3012 3013/3068/3013 3011/3066/3011 3010/3065/3010 
f 2924/2979/2924 3012/3067/3012 3010/3065/3010 2862/2917/2862 
f 2923/2978/2923 2932/2987/2932 3012/3067/3012 2924/2979/2924 
f 2932/2987/2932 2931/2986/2931 3013/3068/3013 3012/3067/3012 
f 3014/3069/3014 2572/2607/2572 2346/2369/2346 2345/2368/2345 
f 3009/3064/3009 3014/3069/3014 2345/2368/2345 2342/2365/2342 
f 3011/3066/3011 3015/3070/3015 3014/3069/3014 3009/3064/3009 
f 3015/3070/3015 2573/2608/2573 2572/2607/2572 3014/3069/3014 
f 3016/3071/3016 3013/3068/3013 2931/2986/2931 3017/3072/3017 
f 3018/3073/3018 3016/3071/3016 3017/3072/3017 3019/3074/3019 
f 2573/2608/2573 3015/3070/3015 3016/3071/3016 3018/3073/3018 
f 3015/3070/3015 3011/3066/3011 3013/3068/3013 3016/3071/3016 
f 3020/3075/3020 3021/3076/3021 2939/2994/2939 2937/2992/2937 
f 2557/2592/2557 3020/3075/3020 2937/2992/2937 2558/2593/2558 
f 2544/2579/2544 3022/3077/3022 3020/3075/3020 2557/2592/2557 
f 3022/3077/3022 3019/3074/3019 3021/3076/3021 3020/3075/3020 
f 3023/3078/3023 3018/3073/3018 3019/3074/3019 3022/3077/3022 
f 2543/2578/2543 3023/3078/3023 3022/3077/3022 2544/2579/2544 
f 2538/2573/2538 2574/2609/2574 3023/3078/3023 2543/2578/2543 
f 2574/2609/2574 2573/2608/2573 3018/3073/3018 3023/3078/3023 
f 3024/3079/3024 2930/2985/2930 2934/2989/2934 2950/3005/2950 
f 3021/3076/3021 3024/3079/3024 2950/3005/2950 2939/2994/2939 
f 3019/3074/3019 3017/3072/3017 3024/3079/3024 3021/3076/3021 
f 3017/3072/3017 2931/2986/2931 2930/2985/2930 3024/3079/3024 
f 3025/3080/3025 2079/2094/2079 2078/2093/2078 3026/3081/3026 
f 3027/3082/3027 3025/3080/3025 3026/3081/3026 3028/3083/3028 
f 3029/3084/3029 3030/3085/3030 3025/3080/3025 3027/3082/3027 
f 3030/3085/3030 2081/2096/2081 2079/2094/2079 3025/3080/3025 
f 3031/3086/3031 3032/3087/3032 3033/3088/3033 3034/3089/3034 
f 3031/3086/3031 3034/3089/3034 2074/2089/2074 2083/2098/2083 
f 3030/3085/3030 3031/3086/3031 2083/2098/2083 2081/2096/2081 
f 3030/3085/3030 3029/3084/3029 3032/3087/3032 3031/3086/3031 
f 3035/3090/3035 3036/3091/3036 3037/3092/3037 3038/3093/3038 
f 2075/2090/2075 3035/3090/3035 3038/3093/3038 2071/2086/2071 
f 2074/2089/2074 3034/3089/3034 3035/3090/3035 2075/2090/2075 
f 3034/3089/3034 3033/3088/3033 3036/3091/3036 3035/3090/3035 
f 3039/3094/3039 3040/3095/3040 3041/3096/3041 3042/3097/3042 
f 2069/2084/2069 3039/3094/3039 3042/3097/3042 2067/2082/2067 
f 2071/2086/2071 3038/3093/3038 3039/3094/3039 2069/2084/2069 
f 3038/3093/3038 3037/3092/3037 3040/3095/3040 3039/3094/3039 
f 3043/3098/3043 3044/3099/3044 3037/3092/3037 3036/3091/3036 
f 3045/3100/3045 3043/3098/3043 3036/3091/3036 3033/3088/3033 
f 3046/3101/3046 3047/3102/3047 3043/3098/3043 3045/3100/3045 
f 3047/3102/3047 3048/3103/3048 3044/3099/3044 3043/3098/3043 
f 3049/3104/3049 3045/3100/3045 3033/3088/3033 3032/3087/3032 
f 3050/3105/3050 3049/3104/3049 3032/3087/3032 3029/3084/3029 
f 3051/3106/3051 3052/3107/3052 3049/3104/3049 3050/3105/3050 
f 3052/3107/3052 3046/3101/3046 3045/3100/3045 3049/3104/3049 
f 3053/3108/3053 3044/3099/3044 3048/3103/3048 3054/3109/3054 
f 3055/3110/3055 3053/3108/3053 3054/3109/3054 3056/3111/3056 
f 3041/3096/3041 3040/3095/3040 3053/3108/3053 3055/3110/3055 
f 3040/3095/3040 3037/3092/3037 3044/3099/3044 3053/3108/3053 
f 3057/3112/3057 3058/3113/3058 3059/3114/3059 3060/3115/3060 
f 3026/3081/3026 3057/3112/3057 3060/3115/3060 3028/3083/3028 
f 2078/2093/2078 2091/2106/2091 3057/3112/3057 3026/3081/3026 
f 2091/2106/2091 2088/2103/2088 3058/3113/3058 3057/3112/3057 
f 3061/3116/3061 3050/3117/3050 3029/3084/3029 3027/3082/3027 
f 3061/3116/3061 3027/3082/3027 3028/3083/3028 3062/3118/3062 
f 3063/3119/3063 3061/3116/3061 3062/3118/3062 3064/3120/3064 
f 3063/3119/3063 3051/3121/3051 3050/3117/3050 3061/3116/3061 
f 3065/3122/3065 3066/3123/3066 3059/3114/3059 3058/3113/3058 
f 2086/2101/2086 3065/3122/3065 3058/3113/3058 2088/2103/2088 
f 2087/2102/2087 3067/3124/3067 3065/3122/3065 2086/2101/2086 
f 3067/3124/3067 3068/3125/3068 3066/3123/3066 3065/3122/3065 
f 3069/3126/3069 3070/3127/3070 3064/3120/3064 3062/3118/3062 
f 3060/3115/3060 3069/3126/3069 3062/3118/3062 3028/3083/3028 
f 3059/3114/3059 3071/3128/3071 3069/3126/3069 3060/3115/3060 
f 3071/3128/3071 3072/3129/3072 3070/3127/3070 3069/3126/3069 
f 3067/3124/3067 2087/2102/2087 2093/2108/2093 3073/3130/3073 
f 3073/3130/3073 2093/2108/2093 2095/2110/2095 3074/3131/3074 
f 3075/3132/3075 3073/3130/3073 3074/3131/3074 3076/3133/3076 
f 3068/3125/3068 3067/3124/3067 3073/3130/3073 3075/3132/3075 
f 3077/3134/3077 3078/3135/3078 3072/3129/3072 3071/3128/3071 
f 3066/3123/3066 3077/3134/3077 3071/3128/3071 3059/3114/3059 
f 3068/3125/3068 3079/3136/3079 3077/3134/3077 3066/3123/3066 
f 3079/3136/3079 3080/3137/3080 3078/3135/3078 3077/3134/3077 
f 3081/3138/3081 3082/3139/3082 2098/2113/2098 2097/2112/2097 
f 3083/3140/3083 3081/3138/3081 2097/2112/2097 2021/2036/2021 
f 3084/3141/3084 3081/3138/3081 3083/3140/3083 3085/3142/3085 
f 3086/3143/3086 3082/3139/3082 3081/3138/3081 3084/3141/3084 
f 3087/3144/3087 3074/3131/3074 2095/2110/2095 2101/2116/2101 
f 3082/3139/3082 3087/3144/3087 2101/2116/2101 2098/2113/2098 
f 3086/3143/3086 3088/3145/3088 3087/3144/3087 3082/3139/3082 
f 3088/3145/3088 3076/3133/3076 3074/3131/3074 3087/3144/3087 
f 3089/3146/3089 3090/3147/3090 3080/3137/3080 3079/3136/3079 
f 3075/3132/3075 3089/3146/3089 3079/3136/3079 3068/3125/3068 
f 3076/3133/3076 3091/3148/3091 3089/3146/3089 3075/3132/3075 
f 3091/3148/3091 3092/3149/3092 3090/3147/3090 3089/3146/3089 
f 3091/3148/3091 3076/3133/3076 3088/3145/3088 3093/3150/3093 
f 3093/3150/3093 3088/3145/3088 3086/3143/3086 3094/3151/3094 
f 3095/3152/3095 3093/3150/3093 3094/3151/3094 3096/3153/3096 
f 3092/3149/3092 3091/3148/3091 3093/3150/3093 3095/3152/3095 
f 3097/3154/3097 3098/3155/3098 3099/3156/3099 3100/3157/3100 
f 3101/3158/3101 3100/3157/3100 3099/3156/3099 3102/3159/3102 
f 3103/3160/3103 3104/3161/3104 3100/3157/3100 3101/3158/3101 
f 3104/3161/3104 3105/3162/3105 3097/3154/3097 3100/3157/3100 
f 3106/3163/3106 3107/3164/3107 3108/3165/3108 3109/3166/3109 
f 3110/3167/3110 3106/3163/3106 3109/3166/3109 3111/3168/3111 
f 3112/3169/3112 3113/3170/3113 3106/3163/3106 3110/3167/3110 
f 3113/3170/3113 3114/3171/3114 3107/3164/3107 3106/3163/3106 
f 3115/3172/3115 3116/3173/3116 3117/3174/3117 3118/3175/3118 
f 3119/3176/3119 3115/3172/3115 3118/3175/3118 3120/3177/3120 
f 3121/3178/3121 3122/3179/3122 3115/3172/3115 3119/3176/3119 
f 3122/3179/3122 3123/3180/3123 3116/3173/3116 3115/3172/3115 
f 3124/3181/3124 3125/3182/3125 3126/3183/3126 3127/3184/3127 
f 3128/3185/3128 3124/3181/3124 3127/3184/3127 3129/3186/3129 
f 3130/3187/3130 3131/3188/3131 3124/3181/3124 3128/3185/3128 
f 3131/3188/3131 3132/3189/3132 3125/3182/3125 3124/3181/3124 
f 3133/3190/3133 3134/3191/3134 3135/3192/3135 3136/3193/3136 
f 3137/3194/3137 3133/3190/3133 3136/3193/3136 3138/3195/3138 
f 3129/3186/3129 3127/3184/3127 3133/3190/3133 3137/3194/3137 
f 3127/3184/3127 3126/3183/3126 3134/3191/3134 3133/3190/3133 
f 3139/3196/3139 3140/3197/3140 3141/3198/3141 3142/3199/3142 
f 3136/3193/3136 3139/3196/3139 3142/3199/3142 3138/3195/3138 
f 3143/3200/3143 3139/3196/3139 3136/3193/3136 3135/3192/3135 
f 3144/3201/3144 3140/3197/3140 3139/3196/3139 3143/3200/3143 
f 3145/3202/3145 3104/3161/3104 3103/3160/3103 3146/3203/3146 
f 3145/3202/3145 3146/3203/3146 3147/3204/3147 3148/3205/3148 
f 3149/3206/3149 3145/3202/3145 3148/3205/3148 3150/3207/3150 
f 3105/3162/3105 3104/3161/3104 3145/3202/3145 3149/3206/3149 
f 3151/3208/3151 3152/3209/3152 3153/3210/3153 3154/3211/3154 
f 3154/3211/3154 3153/3210/3153 3155/3212/3155 3156/3213/3156 
f 3157/3214/3157 3154/3211/3154 3156/3213/3156 3158/3215/3158 
f 3159/3216/3159 3151/3208/3151 3154/3211/3154 3157/3214/3157 
f 3160/3217/3160 3156/3213/3156 3155/3212/3155 3161/3218/3161 
f 3162/3219/3162 3160/3217/3160 3161/3218/3161 3163/3220/3163 
f 3164/3221/3164 3165/3222/3165 3160/3217/3160 3162/3219/3162 
f 3158/3215/3158 3156/3213/3156 3160/3217/3160 3165/3222/3165 
f 3148/3205/3148 3147/3204/3147 3166/3223/3166 3167/3224/3167 
f 3157/3214/3157 3167/3224/3167 3166/3223/3166 3159/3216/3159 
f 3158/3215/3158 3168/3225/3168 3167/3224/3167 3157/3214/3157 
f 3168/3225/3168 3150/3207/3150 3148/3205/3148 3167/3224/3167 
f 3169/3226/3169 3165/3222/3165 3164/3221/3164 3170/3227/3170 
f 3169/3226/3169 3170/3227/3170 3150/3207/3150 3168/3225/3168 
f 3158/3215/3158 3165/3222/3165 3169/3226/3169 3168/3225/3168 
f 3171/3228/3171 3105/3162/3105 3149/3206/3149 3172/3229/3172 
f 3170/3227/3170 3172/3229/3172 3149/3206/3149 3150/3207/3150 
f 3164/3221/3164 3173/3230/3173 3172/3229/3172 3170/3227/3170 
f 3173/3230/3173 3174/3231/3174 3171/3228/3171 3172/3229/3172 
f 3175/3232/3175 3176/3233/3176 3085/3142/3085 3083/3140/3083 
f 2020/2035/2020 3175/3232/3175 3083/3140/3083 2021/2036/2021 
f 2018/2033/2018 3177/3234/3177 3175/3232/3175 2020/2035/2020 
f 3177/3234/3177 3178/3235/3178 3176/3233/3176 3175/3232/3175 
f 3179/3236/3179 3180/3237/3180 3096/3153/3096 3094/3151/3094 
f 3084/3141/3084 3179/3236/3179 3094/3151/3094 3086/3143/3086 
f 3085/3142/3085 3181/3238/3181 3179/3236/3179 3084/3141/3084 
f 3181/3238/3181 3182/3239/3182 3180/3237/3180 3179/3236/3179 
f 3183/3240/3183 3184/3241/3184 3185/3242/3185 3186/3243/3186 
f 3187/3244/3187 3186/3243/3186 3185/3242/3185 3188/3245/3188 
f 3189/3246/3189 3190/3247/3190 3186/3243/3186 3187/3244/3187 
f 3190/3247/3190 3191/3248/3191 3183/3240/3183 3186/3243/3186 
f 3192/3249/3192 3193/3250/3193 3194/3251/3194 3195/3252/3195 
f 3196/3253/3196 3192/3249/3192 3195/3252/3195 3197/3254/3197 
f 3112/3169/3112 3110/3167/3110 3192/3249/3192 3196/3253/3196 
f 3110/3167/3110 3111/3168/3111 3193/3250/3193 3192/3249/3192 
f 3198/3255/3198 3187/3244/3187 3188/3245/3188 3199/3256/3199 
f 3195/3252/3195 3198/3255/3198 3199/3256/3199 3197/3254/3197 
f 3194/3251/3194 3200/3257/3200 3198/3255/3198 3195/3252/3195 
f 3200/3257/3200 3189/3246/3189 3187/3244/3187 3198/3255/3198 
f 3201/3258/3201 3202/3259/3202 3203/3260/3203 3204/3261/3204 
f 3180/3237/3180 3201/3258/3201 3204/3261/3204 3096/3153/3096 
f 3182/3239/3182 3205/3262/3205 3201/3258/3201 3180/3237/3180 
f 3205/3262/3205 3206/3263/3206 3202/3259/3202 3201/3258/3201 
f 3207/3264/3207 3208/3265/3208 3206/3263/3206 3205/3262/3205 
f 3209/3266/3209 3207/3264/3207 3205/3262/3205 3182/3239/3182 
f 3210/3267/3210 3211/3268/3211 3207/3264/3207 3209/3266/3209 
f 3211/3268/3211 3212/3269/3212 3208/3265/3208 3207/3264/3207 
f 3213/3270/3213 3214/3271/3214 3189/3246/3189 3200/3257/3200 
f 3213/3270/3213 3200/3257/3200 3194/3251/3194 3215/3272/3215 
f 3216/3273/3216 3213/3270/3213 3215/3272/3215 3217/3274/3217 
f 3218/3275/3218 3214/3271/3214 3213/3270/3213 3216/3273/3216 
f 3219/3276/3219 3214/3271/3214 3218/3275/3218 3220/3277/3220 
f 3221/3278/3221 3219/3276/3219 3220/3277/3220 3212/3269/3212 
f 3191/3248/3191 3190/3247/3190 3219/3276/3219 3221/3278/3221 
f 3190/3247/3190 3189/3246/3189 3214/3271/3214 3219/3276/3219 
f 3222/3279/3222 3223/3280/3223 3111/3168/3111 3109/3166/3109 
f 3224/3281/3224 3222/3279/3222 3109/3166/3109 3108/3165/3108 
f 3225/3282/3225 3226/3283/3226 3222/3279/3222 3224/3281/3224 
f 3226/3283/3226 3227/3284/3227 3223/3280/3223 3222/3279/3222 
f 3228/3285/3228 3229/3286/3229 3217/3274/3217 3215/3272/3215 
f 3193/3250/3193 3228/3285/3228 3215/3272/3215 3194/3251/3194 
f 3111/3168/3111 3223/3280/3223 3228/3285/3228 3193/3250/3193 
f 3223/3280/3223 3227/3284/3227 3229/3286/3229 3228/3285/3228 
f 3230/3287/3230 3231/3288/3231 3232/3289/3232 3233/3290/3233 
f 3233/3290/3233 3232/3289/3232 3218/3275/3218 3216/3273/3216 
f 3229/3286/3229 3233/3290/3233 3216/3273/3216 3217/3274/3217 
f 3227/3284/3227 3230/3287/3230 3233/3290/3233 3229/3286/3229 
f 3234/3291/3234 3232/3289/3232 3231/3288/3231 3235/3292/3235 
f 3208/3265/3208 3234/3291/3234 3235/3292/3235 3206/3263/3206 
f 3212/3269/3212 3220/3277/3220 3234/3291/3234 3208/3265/3208 
f 3220/3277/3220 3218/3275/3218 3232/3289/3232 3234/3291/3234 
f 3236/3293/3236 3237/3294/3237 3238/3295/3238 3239/3296/3239 
f 3240/3297/3240 3236/3293/3236 3239/3296/3239 3241/3298/3241 
f 3056/3111/3056 3054/3109/3054 3236/3293/3236 3240/3297/3240 
f 3054/3109/3054 3048/3103/3048 3237/3294/3237 3236/3293/3236 
f 3242/3299/3242 3237/3294/3237 3048/3103/3048 3047/3102/3047 
f 3243/3300/3243 3242/3299/3242 3047/3102/3047 3046/3101/3046 
f 3244/3301/3244 3245/3302/3245 3242/3299/3242 3243/3300/3243 
f 3245/3302/3245 3238/3295/3238 3237/3294/3237 3242/3299/3242 
f 3246/3303/3246 3226/3283/3226 3225/3282/3225 3247/3304/3247 
f 3248/3305/3248 3246/3303/3246 3247/3304/3247 3249/3306/3249 
f 3250/3307/3250 3251/3308/3251 3246/3303/3246 3248/3305/3248 
f 3251/3308/3251 3227/3284/3227 3226/3283/3226 3246/3303/3246 
f 3252/3309/3252 3253/3310/3253 3250/3307/3250 3254/3311/3254 
f 3202/3259/3202 3252/3309/3252 3254/3311/3254 3203/3260/3203 
f 3206/3263/3206 3235/3292/3235 3252/3309/3252 3202/3259/3202 
f 3235/3292/3235 3231/3288/3231 3253/3310/3253 3252/3309/3252 
f 3255/3312/3255 3253/3310/3253 3231/3288/3231 3230/3287/3230 
f 3251/3308/3251 3255/3312/3255 3230/3287/3230 3227/3284/3227 
f 3251/3308/3251 3250/3307/3250 3253/3310/3253 3255/3312/3255 
f 3256/3313/3256 3257/3314/3257 3258/3315/3258 3259/3316/3259 
f 3090/3147/3090 3256/3313/3256 3259/3316/3259 3080/3137/3080 
f 3092/3149/3092 3260/3317/3260 3256/3313/3256 3090/3147/3090 
f 3260/3317/3260 3261/3318/3261 3257/3314/3257 3256/3313/3256 
f 3262/3319/3262 3263/3320/3263 3261/3318/3261 3260/3317/3260 
f 3095/3152/3095 3262/3319/3262 3260/3317/3260 3092/3149/3092 
f 3096/3153/3096 3204/3261/3204 3262/3319/3262 3095/3152/3095 
f 3204/3261/3204 3203/3260/3203 3263/3320/3263 3262/3319/3262 
f 3264/3321/3264 3265/3322/3265 3266/3323/3266 3267/3324/3267 
f 3257/3314/3257 3264/3321/3264 3267/3324/3267 3258/3315/3258 
f 3261/3318/3261 3268/3325/3268 3264/3321/3264 3257/3314/3257 
f 3268/3325/3268 3269/3326/3269 3265/3322/3265 3264/3321/3264 
f 3270/3327/3270 3263/3320/3263 3203/3260/3203 3254/3311/3254 
f 3271/3328/3271 3270/3327/3270 3254/3311/3254 3250/3307/3250 
f 3269/3326/3269 3268/3325/3268 3270/3327/3270 3271/3328/3271 
f 3268/3325/3268 3261/3318/3261 3263/3320/3263 3270/3327/3270 
f 3272/3329/3272 3273/3330/3273 3241/3298/3241 3239/3296/3239 
f 3274/3331/3274 3272/3329/3272 3239/3296/3239 3238/3295/3238 
f 3275/3332/3275 3276/3333/3276 3272/3329/3272 3274/3331/3274 
f 3276/3333/3276 3277/3334/3277 3273/3330/3273 3272/3329/3272 
f 3278/3335/3278 3275/3332/3275 3274/3331/3274 3279/3336/3279 
f 3279/3336/3279 3274/3331/3274 3238/3295/3238 3245/3302/3245 
f 3280/3337/3280 3279/3336/3279 3245/3302/3245 3244/3301/3244 
f 3281/3338/3281 3278/3335/3278 3279/3336/3279 3280/3337/3280 
f 3282/3339/3282 3283/3340/3283 3051/3121/3051 3063/3119/3063 
f 3282/3339/3282 3063/3119/3063 3064/3120/3064 3284/3341/3284 
f 3285/3342/3285 3282/3339/3282 3284/3341/3284 3286/3343/3286 
f 3285/3342/3285 3287/3344/3287 3283/3340/3283 3282/3339/3282 
f 3288/3345/3288 3243/3300/3243 3046/3101/3046 3052/3107/3052 
f 3283/3346/3283 3288/3345/3288 3052/3107/3052 3051/3106/3051 
f 3287/3347/3287 3289/3348/3289 3288/3345/3288 3283/3346/3283 
f 3289/3348/3289 3244/3301/3244 3243/3300/3243 3288/3345/3288 
f 3290/3349/3290 3291/3350/3291 3286/3343/3286 3284/3341/3284 
f 3070/3127/3070 3290/3349/3290 3284/3341/3284 3064/3120/3064 
f 3072/3129/3072 3292/3351/3292 3290/3349/3290 3070/3127/3070 
f 3292/3351/3292 3293/3352/3293 3291/3350/3291 3290/3349/3290 
f 3294/3353/3294 3295/3354/3295 3293/3352/3293 3292/3351/3292 
f 3078/3135/3078 3294/3353/3294 3292/3351/3292 3072/3129/3072 
f 3080/3137/3080 3259/3316/3259 3294/3353/3294 3078/3135/3078 
f 3259/3316/3259 3258/3315/3258 3295/3354/3295 3294/3353/3294 
f 3296/3355/3296 3295/3354/3295 3258/3315/3258 3267/3324/3267 
f 3297/3356/3297 3296/3355/3296 3267/3324/3267 3266/3323/3266 
f 3298/3357/3298 3299/3358/3299 3296/3355/3296 3297/3356/3297 
f 3299/3358/3299 3293/3352/3293 3295/3354/3295 3296/3355/3296 
f 3300/3359/3300 3301/3360/3301 3298/3357/3298 3297/3356/3297 
f 3300/3359/3300 3297/3356/3297 3266/3323/3266 3302/3361/3302 
f 3302/3361/3302 3249/3306/3249 3301/3360/3301 3300/3359/3300 
f 3303/3362/3303 3248/3305/3248 3249/3306/3249 3302/3361/3302 
f 3265/3322/3265 3303/3362/3303 3302/3361/3302 3266/3323/3266 
f 3269/3326/3269 3271/3328/3271 3303/3362/3303 3265/3322/3265 
f 3271/3328/3271 3250/3307/3250 3248/3305/3248 3303/3362/3303 
f 3304/3363/3304 3305/3364/3305 3306/3365/3306 3307/3366/3307 
f 3291/3350/3291 3304/3363/3304 3307/3366/3307 3286/3343/3286 
f 3293/3352/3293 3299/3358/3299 3304/3363/3304 3291/3350/3291 
f 3299/3358/3299 3298/3357/3298 3305/3364/3305 3304/3363/3304 
f 3308/3367/3308 3309/3368/3309 3310/3369/3310 3311/3370/3311 
f 3312/3371/3312 3308/3367/3308 3311/3370/3311 3313/3372/3313 
f 3123/3180/3123 3122/3179/3122 3308/3367/3308 3312/3371/3312 
f 3122/3179/3122 3121/3178/3121 3309/3368/3309 3308/3367/3308 
f 3314/3373/3314 3315/3374/3315 3316/3375/3316 3317/3376/3317 
f 3309/3368/3309 3314/3373/3314 3317/3376/3317 3310/3369/3310 
f 3121/3178/3121 3318/3377/3318 3314/3373/3314 3309/3368/3309 
f 3318/3377/3318 3319/3378/3319 3315/3374/3315 3314/3373/3314 
f 3320/3379/3320 3321/3380/3321 3319/3378/3319 3318/3377/3318 
f 3119/3176/3119 3320/3379/3320 3318/3377/3318 3121/3178/3121 
f 3120/3177/3120 3322/3381/3322 3320/3379/3320 3119/3176/3119 
f 3322/3381/3322 3323/3382/3323 3321/3380/3321 3320/3379/3320 
f 3324/3383/3324 3241/3298/3241 3273/3330/3273 3325/3384/3325 
f 3326/3385/3326 3325/3384/3325 3273/3330/3273 3277/3334/3277 
f 3321/3380/3321 3325/3384/3325 3326/3385/3326 3319/3378/3319 
f 3321/3380/3321 3323/3382/3323 3324/3383/3324 3325/3384/3325 
f 3327/3386/3327 3315/3374/3315 3319/3378/3319 3326/3385/3326 
f 3328/3387/3328 3327/3386/3327 3326/3385/3326 3277/3334/3277 
f 3329/3388/3329 3330/3389/3330 3327/3386/3327 3328/3387/3328 
f 3330/3389/3330 3316/3375/3316 3315/3374/3315 3327/3386/3327 
f 3331/3390/3331 3332/3391/3332 3333/3392/3333 3334/3393/3334 
f 3334/3393/3334 3333/3392/3333 3335/3394/3335 3336/3395/3336 
f 3313/3372/3313 3311/3370/3311 3334/3393/3334 3336/3395/3336 
f 3311/3370/3311 3310/3369/3310 3331/3390/3331 3334/3393/3334 
f 3337/3396/3337 3317/3376/3317 3316/3375/3316 3330/3389/3330 
f 3338/3397/3338 3337/3396/3337 3330/3389/3330 3329/3388/3329 
f 3332/3391/3332 3331/3390/3331 3337/3396/3337 3338/3397/3338 
f 3310/3369/3310 3317/3376/3317 3337/3396/3337 3331/3390/3331 
f 3339/3398/3339 3099/3156/3099 3098/3155/3098 3340/3399/3340 
f 3341/3400/3341 3339/3398/3339 3340/3399/3340 3342/3401/3342 
f 3343/3402/3343 3344/3403/3344 3339/3398/3339 3341/3400/3341 
f 3102/3159/3102 3099/3156/3099 3339/3398/3339 3344/3403/3344 
f 3345/3404/3345 3346/3405/3346 3132/3189/3132 3131/3188/3131 
f 3347/3406/3347 3345/3404/3345 3131/3188/3131 3130/3187/3130 
f 3348/3407/3348 3349/3408/3349 3345/3404/3345 3347/3406/3347 
f 3349/3408/3349 3350/3409/3350 3346/3405/3346 3345/3404/3345 
f 3351/3410/3351 3352/3411/3352 3120/3177/3120 3118/3175/3118 
f 3353/3412/3353 3351/3410/3351 3118/3175/3118 3117/3174/3117 
f 3354/3413/3354 3355/3414/3355 3351/3410/3351 3353/3412/3353 
f 3355/3414/3355 3356/3415/3356 3352/3411/3352 3351/3410/3351 
f 3357/3416/3357 2066/2081/2066 2067/2082/2067 3042/3097/3042 
f 3357/3416/3357 3042/3097/3042 3041/3096/3041 3358/3417/3358 
f 3359/3418/3359 3357/3416/3357 3358/3417/3358 3360/3419/3360 
f 2026/2041/2026 2066/2081/2066 3357/3416/3357 3359/3418/3359 
f 3361/3420/3361 3362/3421/3362 3323/3382/3323 3322/3381/3322 
f 3352/3411/3352 3361/3420/3361 3322/3381/3322 3120/3177/3120 
f 3363/3422/3363 3361/3420/3361 3352/3411/3352 3356/3415/3356 
f 3363/3422/3363 3364/3423/3364 3362/3421/3362 3361/3420/3361 
f 3365/3424/3365 3366/3425/3366 2028/2043/2028 2027/2042/2027 
f 3359/3418/3359 3365/3424/3365 2027/2042/2027 2026/2041/2026 
f 3360/3419/3360 3367/3426/3367 3365/3424/3365 3359/3418/3359 
f 3367/3426/3367 3368/3427/3368 3366/3425/3366 3365/3424/3365 
f 3369/3428/3369 3368/3427/3368 3367/3426/3367 3370/3429/3370 
f 3371/3430/3371 3370/3429/3370 3367/3426/3367 3360/3419/3360 
f 3364/3423/3364 3369/3428/3369 3370/3429/3370 3371/3430/3371 
f 3372/3431/3372 3371/3430/3371 3360/3419/3360 3358/3417/3358 
f 3055/3110/3055 3372/3431/3372 3358/3417/3358 3041/3096/3041 
f 3056/3111/3056 3373/3432/3373 3372/3431/3372 3055/3110/3055 
f 3373/3432/3373 3364/3423/3364 3371/3430/3371 3372/3431/3372 
f 3374/3433/3374 3362/3421/3362 3364/3423/3364 3373/3432/3373 
f 3240/3297/3240 3374/3433/3374 3373/3432/3373 3056/3111/3056 
f 3241/3298/3241 3324/3383/3324 3374/3433/3374 3240/3297/3240 
f 3324/3383/3324 3323/3382/3323 3362/3421/3362 3374/3433/3374 
f 2029/2044/2029 2028/2043/2028 3366/3425/3366 3375/3434/3375 
f 3375/3434/3375 3366/3425/3366 3368/3427/3368 3376/3435/3376 
f 3377/3436/3377 3375/3434/3375 3376/3435/3376 3378/3437/3378 
f 3377/3436/3377 1988/2003/1988 2029/2044/2029 3375/3434/3375 
f 3379/3438/3379 3380/3439/3380 3368/3427/3368 3369/3428/3369 
f 3363/3422/3363 3379/3438/3379 3369/3428/3369 3364/3423/3364 
f 3356/3415/3356 3381/3440/3381 3379/3438/3379 3363/3422/3363 
f 3381/3440/3381 3382/3441/3382 3380/3439/3380 3379/3438/3379 
f 3383/3442/3383 3384/3443/3384 3382/3441/3382 3381/3440/3381 
f 3355/3414/3355 3383/3442/3383 3381/3440/3381 3356/3415/3356 
f 3385/3444/3385 3383/3442/3383 3355/3414/3355 3354/3413/3354 
f 3385/3444/3385 3386/3445/3386 3384/3443/3384 3383/3442/3383 
f 3387/3446/3387 3388/3447/3388 3350/3409/3350 3349/3408/3349 
f 3389/3448/3389 3387/3446/3387 3349/3408/3349 3348/3407/3348 
f 3390/3449/3390 3391/3450/3391 3387/3446/3387 3389/3448/3389 
f 3391/3450/3391 3392/3451/3392 3388/3447/3388 3387/3446/3387 
f 3393/3452/3393 3394/3453/3394 3395/3454/3395 3396/3455/3396 
f 3341/3400/3341 3396/3455/3396 3395/3454/3395 3343/3402/3343 
f 3342/3401/3342 3397/3456/3397 3396/3455/3396 3341/3400/3341 
f 3398/3457/3398 3393/3452/3393 3396/3455/3396 3397/3456/3397 
f 3399/3458/3399 3400/3459/3400 3401/3460/3401 3402/3461/3402 
f 3221/3278/3221 3399/3458/3399 3402/3461/3402 3191/3248/3191 
f 3212/3269/3212 3211/3268/3211 3399/3458/3399 3221/3278/3221 
f 3211/3268/3211 3210/3267/3210 3400/3459/3400 3399/3458/3399 
f 3403/3462/3403 3404/3463/3404 3405/3464/3405 3406/3465/3406 
f 3183/3240/3183 3403/3462/3403 3406/3465/3406 3184/3241/3184 
f 3191/3248/3191 3402/3461/3402 3403/3462/3403 3183/3240/3183 
f 3402/3461/3402 3401/3460/3401 3404/3463/3404 3403/3462/3403 
f 3407/3466/3407 3209/3266/3209 3182/3239/3182 3181/3238/3181 
f 3176/3233/3176 3407/3466/3407 3181/3238/3181 3085/3142/3085 
f 3408/3467/3408 3407/3466/3407 3176/3233/3176 3178/3235/3178 
f 3408/3467/3408 3210/3267/3210 3209/3266/3209 3407/3466/3407 
f 3409/3468/3409 3410/3469/3410 3411/3470/3411 3412/3471/3412 
f 3413/3472/3413 3409/3468/3409 3412/3471/3412 3414/3473/3414 
f 3405/3464/3405 3404/3463/3404 3409/3468/3409 3413/3472/3413 
f 3401/3460/3401 3410/3469/3410 3409/3468/3409 3404/3463/3404 
f 3415/3474/3415 2017/2032/2017 2274/2289/2274 3416/3475/3416 
f 3416/3475/3416 2274/2289/2274 2271/2286/2271 3417/3476/3417 
f 3418/3477/3418 3416/3475/3416 3417/3476/3417 3419/3478/3419 
f 3420/3479/3420 3415/3474/3415 3416/3475/3416 3418/3477/3418 
f 3421/3480/3421 3422/3481/3422 3178/3235/3178 3177/3234/3177 
f 2016/2031/2016 3421/3480/3421 3177/3234/3177 2018/2033/2018 
f 2017/2032/2017 3415/3474/3415 3421/3480/3421 2016/2031/2016 
f 3415/3474/3415 3420/3479/3420 3422/3481/3422 3421/3480/3421 
f 3423/3482/3423 3411/3470/3411 3424/3483/3424 3425/3484/3425 
f 3422/3481/3422 3425/3484/3425 3424/3483/3424 3178/3235/3178 
f 3420/3479/3420 3423/3482/3423 3425/3484/3425 3422/3481/3422 
f 3426/3485/3426 3410/3469/3410 3401/3460/3401 3400/3459/3400 
f 3426/3485/3426 3400/3459/3400 3210/3267/3210 3408/3467/3408 
f 3178/3235/3178 3424/3483/3424 3426/3485/3426 3408/3467/3408 
f 3424/3483/3424 3411/3470/3411 3410/3469/3410 3426/3485/3426 
f 3427/3486/3427 3428/3487/3428 3419/3478/3419 3417/3476/3417 
f 2270/2285/2270 3427/3486/3427 3417/3476/3417 2271/2286/2271 
f 3429/3488/3429 3427/3486/3427 2270/2285/2270 2264/2279/2264 
f 3429/3488/3429 3430/3489/3430 3428/3487/3428 3427/3486/3427 
f 3431/3490/3431 3432/3491/3432 3411/3470/3411 3423/3482/3423 
f 3418/3477/3418 3431/3490/3431 3423/3482/3423 3420/3479/3420 
f 3419/3478/3419 3433/3492/3433 3431/3490/3431 3418/3477/3418 
f 3433/3492/3433 3434/3493/3434 3432/3491/3432 3431/3490/3431 
f 3435/3494/3435 3436/3495/3436 3414/3473/3414 3412/3471/3412 
f 3432/3491/3432 3435/3494/3435 3412/3471/3412 3411/3470/3411 
f 3434/3493/3434 3437/3496/3437 3435/3494/3435 3432/3491/3432 
f 3437/3496/3437 3438/3497/3438 3436/3495/3436 3435/3494/3435 
f 2276/2291/2276 2040/2055/2040 2061/2076/2061 3439/3498/3439 
f 3439/3498/3439 2061/2076/2061 2059/2074/2059 3440/3499/3440 
f 3441/3500/3441 3442/3501/3442 3439/3498/3439 3440/3499/3440 
f 3442/3501/3442 2268/2283/2268 2276/2291/2276 3439/3498/3439 
f 3443/3502/3443 3444/3503/3444 3430/3489/3430 3429/3488/3429 
f 2266/2281/2266 3443/3502/3443 3429/3488/3429 2264/2279/2264 
f 2268/2283/2268 3442/3501/3442 3443/3502/3443 2266/2281/2266 
f 3442/3501/3442 3441/3500/3441 3444/3503/3444 3443/3502/3443 
f 3433/3492/3433 3419/3478/3419 3428/3487/3428 3445/3504/3445 
f 3445/3504/3445 3428/3487/3428 3430/3489/3430 3446/3505/3446 
f 3447/3506/3447 3448/3507/3448 3445/3504/3445 3446/3505/3446 
f 3434/3493/3434 3433/3492/3433 3445/3504/3445 3448/3507/3448 
f 3449/3508/3449 3450/3509/3450 3447/3506/3447 3446/3505/3446 
f 3444/3503/3444 3449/3508/3449 3446/3505/3446 3430/3489/3430 
f 3441/3500/3441 3451/3510/3451 3449/3508/3449 3444/3503/3444 
f 3451/3510/3451 3452/3511/3452 3450/3509/3450 3449/3508/3449 
f 3453/3512/3453 3454/3513/3454 3438/3497/3438 3437/3496/3437 
f 3448/3507/3448 3453/3512/3453 3437/3496/3437 3434/3493/3434 
f 3447/3506/3447 3455/3514/3455 3453/3512/3453 3448/3507/3448 
f 3455/3514/3455 3456/3515/3456 3454/3513/3454 3453/3512/3453 
f 3457/3516/3457 3451/3510/3451 3441/3500/3441 3440/3499/3440 
f 3458/3517/3458 3457/3516/3457 3440/3499/3440 2059/2074/2059 
f 3459/3518/3459 3460/3519/3460 3457/3516/3457 3458/3517/3458 
f 3460/3519/3460 3452/3511/3452 3451/3510/3451 3457/3516/3457 
f 3461/3520/3461 3459/3518/3459 3458/3517/3458 3462/3521/3462 
f 3462/3521/3462 3458/3517/3458 2059/2074/2059 2058/2073/2058 
f 2058/2073/2058 2046/2061/2046 3461/3520/3461 3462/3521/3462 
f 3463/3522/3463 3464/3523/3464 3456/3515/3456 3455/3514/3455 
f 3463/3522/3463 3455/3514/3455 3447/3506/3447 3450/3509/3450 
f 3452/3511/3452 3464/3523/3464 3463/3522/3463 3450/3509/3450 
f 3465/3524/3465 3466/3525/3466 3467/3526/3467 3468/3527/3468 
f 2009/2024/2009 3465/3524/3465 3468/3527/3468 2010/2025/2010 
f 2001/2016/2001 3465/3524/3465 2009/2024/2009 2003/2018/2003 
f 2001/2016/2001 2002/2017/2002 3466/3525/3466 3465/3524/3465 
f 3469/3528/3469 3466/3525/3466 2002/2017/2002 2012/2027/2012 
f 3377/3436/3377 3469/3528/3469 2012/2027/2012 1988/2003/1988 
f 3378/3437/3378 3470/3529/3470 3469/3528/3469 3377/3436/3377 
f 3470/3529/3470 3467/3526/3467 3466/3525/3466 3469/3528/3469 
f 3471/3530/3471 3472/3531/3472 1975/1990/1975 1974/1989/1974 
f 2008/2023/2008 3471/3530/3471 1974/1989/1974 1973/1988/1973 
f 2010/2025/2010 3473/3532/3473 3471/3530/3471 2008/2023/2008 
f 3473/3532/3473 3474/3533/3474 3472/3531/3472 3471/3530/3471 
f 3475/3534/3475 3476/3535/3476 3477/3536/3477 3478/3537/3478 
f 3475/3534/3475 3478/3537/3478 3378/3437/3378 3376/3435/3376 
f 3380/3439/3380 3475/3534/3475 3376/3435/3376 3368/3427/3368 
f 3382/3441/3382 3476/3535/3476 3475/3534/3475 3380/3439/3380 
f 3479/3538/3479 3480/3539/3480 3467/3526/3467 3470/3529/3470 
f 3478/3537/3478 3479/3538/3479 3470/3529/3470 3378/3437/3378 
f 3481/3540/3481 3479/3538/3479 3478/3537/3478 3477/3536/3477 
f 3481/3540/3481 3482/3541/3482 3480/3539/3480 3479/3538/3479 
f 3473/3532/3473 2010/2025/2010 3468/3527/3468 3483/3542/3483 
f 3480/3539/3480 3483/3542/3483 3468/3527/3468 3467/3526/3467 
f 3482/3541/3482 3484/3543/3484 3483/3542/3483 3480/3539/3480 
f 3484/3543/3484 3474/3533/3474 3473/3532/3473 3483/3542/3483 
f 3485/3544/3485 3486/3545/3486 3487/3546/3487 3488/3547/3488 
f 3485/3544/3485 3488/3547/3488 3477/3536/3477 3476/3535/3476 
f 3384/3443/3384 3485/3544/3485 3476/3535/3476 3382/3441/3382 
f 3384/3443/3384 3386/3445/3386 3486/3545/3486 3485/3544/3485 
f 3489/3548/3489 3490/3549/3490 3491/3550/3491 3492/3551/3492 
f 3481/3540/3481 3492/3551/3492 3491/3550/3491 3482/3541/3482 
f 3488/3547/3488 3492/3551/3492 3481/3540/3481 3477/3536/3477 
f 3487/3546/3487 3489/3548/3489 3492/3551/3492 3488/3547/3488 
f 3493/3552/3493 3494/3553/3494 3495/3554/3495 3496/3555/3496 
f 3484/3543/3484 3493/3552/3493 3496/3555/3496 3474/3533/3474 
f 3482/3541/3482 3491/3550/3491 3493/3552/3493 3484/3543/3484 
f 3490/3549/3490 3494/3553/3494 3493/3552/3493 3491/3550/3491 
f 3497/3556/3497 3498/3557/3498 2109/2124/2109 2107/2122/2107 
f 3472/3531/3472 3497/3556/3497 2107/2122/2107 1975/1990/1975 
f 3499/3558/3499 3497/3556/3497 3472/3531/3472 3474/3533/3474 
f 3499/3558/3499 3500/3559/3500 3498/3557/3498 3497/3556/3497 
f 3501/3560/3501 3499/3558/3499 3474/3533/3474 3496/3555/3496 
f 3501/3560/3501 3496/3555/3496 3495/3554/3495 3502/3561/3502 
f 3500/3559/3500 3499/3558/3499 3501/3560/3501 3502/3561/3502 
f 3503/3562/3503 2118/2133/2118 2123/2138/2123 3504/3563/3504 
f 3498/3557/3498 3504/3563/3504 2123/2138/2123 2109/2124/2109 
f 3500/3559/3500 3505/3564/3505 3504/3563/3504 3498/3557/3498 
f 3505/3564/3505 3506/3565/3506 3503/3562/3503 3504/3563/3504 
f 3507/3566/3507 3502/3561/3502 3495/3554/3495 3494/3553/3494 
f 3507/3566/3507 3494/3553/3494 3490/3549/3490 3508/3567/3508 
f 3509/3568/3509 3507/3566/3507 3508/3567/3508 3510/3569/3510 
f 3509/3568/3509 3500/3559/3500 3502/3561/3502 3507/3566/3507 
f 3511/3570/3511 3508/3567/3508 3490/3549/3490 3489/3548/3489 
f 3512/3571/3512 3511/3570/3511 3489/3548/3489 3487/3546/3487 
f 3513/3572/3513 3514/3573/3514 3511/3570/3511 3512/3571/3512 
f 3510/3569/3510 3508/3567/3508 3511/3570/3511 3514/3573/3514 
f 3515/3574/3515 3512/3571/3512 3487/3546/3487 3486/3545/3486 
f 3515/3574/3515 3486/3545/3486 3386/3445/3386 3516/3575/3516 
f 3517/3576/3517 3515/3574/3515 3516/3575/3516 3518/3577/3518 
f 3517/3576/3517 3513/3572/3513 3512/3571/3512 3515/3574/3515 
f 3519/3578/3519 3520/3579/3520 3521/3580/3521 3522/3581/3522 
f 2119/2134/2119 3519/3578/3519 3522/3581/3522 2104/2119/2104 
f 2118/2133/2118 3503/3562/3503 3519/3578/3519 2119/2134/2119 
f 3503/3562/3503 3506/3565/3506 3520/3579/3520 3519/3578/3519 
f 3523/3582/3523 3524/3583/3524 2199/2214/2199 2198/2213/2198 
f 2195/2210/2195 3523/3582/3523 2198/2213/2198 2187/2202/2187 
f 2192/2207/2192 3525/3584/3525 3523/3582/3523 2195/2210/2195 
f 3525/3584/3525 3526/3585/3526 3524/3583/3524 3523/3582/3523 
f 3527/3586/3527 2197/2212/2197 2199/2214/2199 3528/3587/3528 
f 3529/3588/3529 3527/3586/3527 3528/3587/3528 3530/3589/3530 
f 3531/3590/3531 3532/3591/3532 3527/3586/3527 3529/3588/3529 
f 3532/3591/3532 2045/2060/2045 2197/2212/2197 3527/3586/3527 
f 3533/3592/3533 3534/3593/3534 3459/3518/3459 3461/3520/3461 
f 2044/2059/2044 3533/3592/3533 3461/3520/3461 2046/2061/2046 
f 2045/2060/2045 3532/3591/3532 3533/3592/3533 2044/2059/2044 
f 3532/3591/3532 3531/3590/3531 3534/3593/3534 3533/3592/3533 
f 3535/3594/3535 3464/3523/3464 3452/3511/3452 3460/3519/3460 
f 3536/3595/3536 3535/3594/3535 3460/3519/3460 3459/3518/3459 
f 3537/3596/3537 3535/3594/3535 3536/3595/3536 3538/3597/3538 
f 3537/3596/3537 3456/3515/3456 3464/3523/3464 3535/3594/3535 
f 3539/3598/3539 3540/3599/3540 3541/3600/3541 3542/3601/3542 
f 3543/3602/3543 3539/3598/3539 3542/3601/3542 3544/3603/3544 
f 1870/1881/1870 1879/1890/1879 3539/3598/3539 3543/3602/3543 
f 1879/1890/1879 1877/1888/1877 3540/3599/3540 3539/3598/3539 
f 3545/3604/3545 3546/3605/3546 3547/3606/3547 3548/3607/3548 
f 3540/3599/3540 3545/3604/3545 3548/3607/3548 3541/3600/3541 
f 1877/1888/1877 1876/1887/1876 3545/3604/3545 3540/3599/3540 
f 1876/1887/1876 1863/1874/1863 3546/3605/3546 3545/3604/3545 
f 3549/3608/3549 3550/3609/3550 3551/3610/3551 3552/3611/3552 
f 3553/3612/3553 3549/3608/3549 3552/3611/3552 3554/3613/3554 
f 3541/3600/3541 3548/3607/3548 3549/3608/3549 3553/3612/3553 
f 3548/3607/3548 3547/3606/3547 3550/3609/3550 3549/3608/3549 
f 3555/3614/3555 3556/3615/3556 3392/3451/3392 3391/3450/3391 
f 3557/3616/3557 3555/3614/3555 3391/3450/3391 3390/3449/3390 
f 3558/3617/3558 3555/3614/3555 3557/3616/3557 3559/3618/3559 
f 3560/3619/3560 3556/3615/3556 3555/3614/3555 3558/3617/3558 
f 3561/3620/3561 3562/3621/3562 1867/1878/1867 2105/2120/2105 
f 3522/3581/3522 3561/3620/3561 2105/2120/2105 2104/2119/2104 
f 3521/3580/3521 3563/3622/3563 3561/3620/3561 3522/3581/3522 
f 3563/3622/3563 3564/3623/3564 3562/3621/3562 3561/3620/3561 
f 3565/3624/3565 3546/3605/3546 1863/1874/1863 1862/1873/1862 
f 3562/3621/3562 3565/3624/3565 1862/1873/1862 1867/1878/1867 
f 3564/3623/3564 3566/3625/3566 3565/3624/3565 3562/3621/3562 
f 3566/3625/3566 3547/3606/3547 3546/3605/3546 3565/3624/3565 
f 3567/3626/3567 3568/3627/3568 3569/3628/3569 3570/3629/3570 
f 3550/3609/3550 3567/3626/3567 3570/3629/3570 3551/3610/3551 
f 3547/3606/3547 3566/3625/3566 3567/3626/3567 3550/3609/3550 
f 3566/3625/3566 3564/3623/3564 3568/3627/3568 3567/3626/3567 
f 3563/3622/3563 3521/3580/3521 3520/3579/3520 3571/3630/3571 
f 3571/3630/3571 3520/3579/3520 3506/3565/3506 3572/3631/3572 
f 3568/3627/3568 3571/3630/3571 3572/3631/3572 3569/3628/3569 
f 3564/3623/3564 3563/3622/3563 3571/3630/3571 3568/3627/3568 
f 3573/3632/3573 3574/3633/3574 3575/3634/3575 3576/3635/3576 
f 3573/3632/3573 3576/3635/3576 3510/3569/3510 3514/3573/3514 
f 3513/3572/3513 3577/3636/3577 3573/3632/3573 3514/3573/3514 
f 3577/3636/3577 3578/3637/3578 3574/3633/3574 3573/3632/3573 
f 3579/3638/3579 3580/3639/3580 3581/3640/3581 3582/3641/3582 
f 3579/3638/3579 3582/3641/3582 3583/3642/3583 3584/3643/3584 
f 3554/3613/3554 3552/3611/3552 3579/3638/3579 3584/3643/3584 
f 3552/3611/3552 3551/3610/3551 3580/3639/3580 3579/3638/3579 
f 3585/3644/3585 3558/3617/3558 3559/3618/3559 3586/3645/3586 
f 3582/3641/3582 3585/3644/3585 3586/3645/3586 3583/3642/3583 
f 3581/3640/3581 3587/3646/3587 3585/3644/3585 3582/3641/3582 
f 3587/3646/3587 3560/3619/3560 3558/3617/3558 3585/3644/3585 
f 3576/3635/3576 3575/3634/3575 3588/3647/3588 3589/3648/3589 
f 3589/3648/3589 3588/3647/3588 3506/3565/3506 3505/3564/3505 
f 3509/3568/3509 3589/3648/3589 3505/3564/3505 3500/3559/3500 
f 3509/3568/3509 3510/3569/3510 3576/3635/3576 3589/3648/3589 
f 3590/3649/3590 3591/3650/3591 3592/3651/3592 3593/3652/3593 
f 3556/3615/3556 3590/3649/3590 3593/3652/3593 3392/3451/3392 
f 3560/3619/3560 3594/3653/3594 3590/3649/3590 3556/3615/3556 
f 3594/3653/3594 3595/3654/3595 3591/3650/3591 3590/3649/3590 
f 3596/3655/3596 3597/3656/3597 3595/3654/3595 3594/3653/3594 
f 3596/3655/3596 3594/3653/3594 3560/3619/3560 3587/3646/3587 
f 3598/3657/3598 3596/3655/3596 3587/3646/3587 3581/3640/3581 
f 3599/3658/3599 3597/3656/3597 3596/3655/3596 3598/3657/3598 
f 3597/3656/3597 3599/3658/3599 3600/3659/3600 3601/3660/3601 
f 3574/3633/3574 3601/3660/3601 3600/3659/3600 3575/3634/3575 
f 3578/3637/3578 3602/3661/3602 3601/3660/3601 3574/3633/3574 
f 3602/3661/3602 3595/3654/3595 3597/3656/3597 3601/3660/3601 
f 3603/3662/3603 3604/3663/3604 3599/3658/3599 3598/3657/3598 
f 3580/3639/3580 3603/3662/3603 3598/3657/3598 3581/3640/3581 
f 3551/3610/3551 3570/3629/3570 3603/3662/3603 3580/3639/3580 
f 3570/3629/3570 3569/3628/3569 3604/3663/3604 3603/3662/3603 
f 3605/3664/3605 3604/3663/3604 3569/3628/3569 3572/3631/3572 
f 3588/3647/3588 3605/3664/3605 3572/3631/3572 3506/3565/3506 
f 3575/3634/3575 3600/3659/3600 3605/3664/3605 3588/3647/3588 
f 3600/3659/3600 3599/3658/3599 3604/3663/3604 3605/3664/3605 
f 2182/2197/2182 1905/1920/1905 3606/3665/3606 3607/3666/3607 
f 3608/3667/3608 3607/3666/3607 3606/3665/3606 3609/3668/3609 
f 3610/3669/3610 3611/3670/3611 3607/3666/3607 3608/3667/3608 
f 3611/3670/3611 2183/2198/2183 2182/2197/2182 3607/3666/3607 
f 3525/3584/3525 2192/2207/2192 2191/2206/2191 3612/3671/3612 
f 3612/3671/3612 2191/2206/2191 2183/2198/2183 3611/3670/3611 
f 3613/3672/3613 3612/3671/3612 3611/3670/3611 3610/3669/3610 
f 3526/3585/3526 3525/3584/3525 3612/3671/3612 3613/3672/3613 
f 3614/3673/3614 3615/3674/3615 3530/3589/3530 3528/3587/3528 
f 3524/3583/3524 3614/3673/3614 3528/3587/3528 2199/2214/2199 
f 3526/3585/3526 3616/3675/3616 3614/3673/3614 3524/3583/3524 
f 3616/3675/3616 3617/3676/3617 3615/3674/3615 3614/3673/3614 
f 3618/3677/3618 3619/3678/3619 3617/3676/3617 3616/3675/3616 
f 3613/3672/3613 3618/3677/3618 3616/3675/3616 3526/3585/3526 
f 3610/3669/3610 3620/3679/3620 3618/3677/3618 3613/3672/3613 
f 3620/3679/3620 3621/3680/3621 3619/3678/3619 3618/3677/3618 
f 3622/3681/3622 3623/3682/3623 3624/3683/3624 3625/3684/3625 
f 3615/3674/3615 3622/3681/3622 3625/3684/3625 3530/3589/3530 
f 3617/3676/3617 3626/3685/3626 3622/3681/3622 3615/3674/3615 
f 3626/3685/3626 3627/3686/3627 3623/3682/3623 3622/3681/3622 
f 3628/3687/3628 3629/3688/3629 3174/3231/3174 3173/3230/3173 
f 3162/3219/3162 3628/3687/3628 3173/3230/3173 3164/3221/3164 
f 3163/3220/3163 3630/3689/3630 3628/3687/3628 3162/3219/3162 
f 3630/3689/3630 3631/3690/3631 3629/3688/3629 3628/3687/3628 
f 3632/3691/3632 3631/3690/3631 3633/3692/3633 3634/3693/3634 
f 3634/3693/3634 3633/3692/3633 3635/3694/3635 3636/3695/3636 
f 3637/3696/3637 3632/3691/3632 3634/3693/3634 3636/3695/3636 
f 3638/3697/3638 3639/3698/3639 3621/3680/3621 3620/3679/3620 
f 3608/3667/3608 3638/3697/3638 3620/3679/3620 3610/3669/3610 
f 3609/3668/3609 3640/3699/3640 3638/3697/3638 3608/3667/3608 
f 3640/3699/3640 3641/3700/3641 3639/3698/3639 3638/3697/3638 
f 3642/3701/3642 3643/3702/3643 3627/3686/3627 3626/3685/3626 
f 3619/3678/3619 3642/3701/3642 3626/3685/3626 3617/3676/3617 
f 3621/3680/3621 3644/3703/3644 3642/3701/3642 3619/3678/3619 
f 3644/3703/3644 3645/3704/3645 3643/3702/3643 3642/3701/3642 
f 3646/3705/3646 3647/3706/3647 3645/3704/3645 3644/3703/3644 
f 3639/3698/3639 3646/3705/3646 3644/3703/3644 3621/3680/3621 
f 3641/3700/3641 3648/3707/3648 3646/3705/3646 3639/3698/3639 
f 3648/3707/3648 3649/3708/3649 3647/3706/3647 3646/3705/3646 
f 3650/3709/3650 3651/3710/3651 3652/3711/3652 3653/3712/3653 
f 3643/3702/3643 3650/3709/3650 3653/3712/3653 3627/3686/3627 
f 3645/3704/3645 3654/3713/3654 3650/3709/3650 3643/3702/3643 
f 3654/3713/3654 3655/3714/3655 3651/3710/3651 3650/3709/3650 
f 3656/3715/3656 3657/3716/3657 3655/3714/3655 3654/3713/3654 
f 3647/3706/3647 3656/3715/3656 3654/3713/3654 3645/3704/3645 
f 3649/3708/3649 3658/3717/3658 3656/3715/3656 3647/3706/3647 
f 3658/3717/3658 3659/3718/3659 3657/3716/3657 3656/3715/3656 
f 3660/3719/3660 3661/3720/3661 3662/3721/3662 3663/3722/3663 
f 3651/3710/3651 3660/3719/3660 3663/3722/3663 3652/3711/3652 
f 3655/3714/3655 3664/3723/3664 3660/3719/3660 3651/3710/3651 
f 3664/3723/3664 3665/3724/3665 3661/3720/3661 3660/3719/3660 
f 3666/3725/3666 3667/3726/3667 3668/3727/3668 3669/3728/3669 
f 3670/3729/3670 3666/3725/3666 3669/3728/3669 3671/3730/3671 
f 3672/3731/3672 3673/3732/3673 3666/3725/3666 3670/3729/3670 
f 3673/3732/3673 3659/3718/3659 3667/3726/3667 3666/3725/3666 
f 3674/3733/3674 3675/3734/3675 3665/3724/3665 3664/3723/3664 
f 3657/3716/3657 3674/3733/3674 3664/3723/3664 3655/3714/3655 
f 3659/3718/3659 3673/3732/3673 3674/3733/3674 3657/3716/3657 
f 3673/3732/3673 3672/3731/3672 3675/3734/3675 3674/3733/3674 
f 3676/3735/3676 3677/3736/3677 3678/3737/3678 3679/3738/3679 
f 3661/3720/3661 3676/3735/3676 3679/3738/3679 3662/3721/3662 
f 3665/3724/3665 3680/3739/3680 3676/3735/3676 3661/3720/3661 
f 3680/3739/3680 3681/3740/3681 3677/3736/3677 3676/3735/3676 
f 3682/3741/3682 3671/3730/3671 3683/3742/3683 3684/3743/3684 
f 3397/3456/3397 3684/3743/3684 3683/3742/3683 3398/3457/3398 
f 3342/3401/3342 3685/3744/3685 3684/3743/3684 3397/3456/3397 
f 3685/3744/3685 3686/3745/3686 3682/3741/3682 3684/3743/3684 
f 3687/3746/3687 3636/3695/3636 3635/3694/3635 3688/3747/3688 
f 3677/3736/3677 3687/3746/3687 3688/3747/3688 3678/3737/3678 
f 3681/3740/3681 3689/3748/3689 3687/3746/3687 3677/3736/3677 
f 3689/3748/3689 3637/3696/3637 3636/3695/3636 3687/3746/3687 
f 3690/3749/3690 3691/3750/3691 3098/3155/3098 3097/3154/3097 
f 3171/3228/3171 3690/3749/3690 3097/3154/3097 3105/3162/3105 
f 3174/3231/3174 3692/3751/3692 3690/3749/3690 3171/3228/3171 
f 3692/3751/3692 3693/3752/3693 3691/3750/3691 3690/3749/3690 
f 3694/3753/3694 3695/3754/3695 3681/3740/3681 3680/3739/3680 
f 3675/3734/3675 3694/3753/3694 3680/3739/3680 3665/3724/3665 
f 3672/3731/3672 3696/3755/3696 3694/3753/3694 3675/3734/3675 
f 3696/3755/3696 3697/3756/3697 3695/3754/3695 3694/3753/3694 
f 3698/3757/3698 3699/3758/3699 3697/3756/3697 3700/3759/3700 
f 3701/3760/3701 3698/3757/3698 3700/3759/3700 3686/3745/3686 
f 3693/3752/3693 3699/3758/3699 3698/3757/3698 3701/3760/3701 
f 3702/3761/3702 3670/3729/3670 3671/3730/3671 3682/3741/3682 
f 3702/3761/3702 3682/3741/3682 3686/3745/3686 3700/3759/3700 
f 3697/3756/3697 3696/3755/3696 3702/3761/3702 3700/3759/3700 
f 3696/3755/3696 3672/3731/3672 3670/3729/3670 3702/3761/3702 
f 3703/3762/3703 3701/3760/3701 3686/3745/3686 3685/3744/3685 
f 3340/3399/3340 3703/3762/3703 3685/3744/3685 3342/3401/3342 
f 3098/3155/3098 3691/3750/3691 3703/3762/3703 3340/3399/3340 
f 3691/3750/3691 3693/3752/3693 3701/3760/3701 3703/3762/3703 
f 3704/3763/3704 3705/3764/3705 3637/3696/3637 3689/3748/3689 
f 3695/3754/3695 3704/3763/3704 3689/3748/3689 3681/3740/3681 
f 3697/3756/3697 3699/3758/3699 3704/3763/3704 3695/3754/3695 
f 3699/3758/3699 3693/3752/3693 3705/3764/3705 3704/3763/3704 
f 3706/3765/3706 3692/3751/3692 3174/3231/3174 3629/3688/3629 
f 3632/3691/3632 3706/3765/3706 3629/3688/3629 3631/3690/3631 
f 3637/3696/3637 3705/3764/3705 3706/3765/3706 3632/3691/3632 
f 3705/3764/3705 3693/3752/3693 3692/3751/3692 3706/3765/3706 
f 3707/3766/3707 3708/3767/3708 3709/3768/3709 3710/3769/3710 
f 3711/3770/3711 3707/3766/3707 3710/3769/3710 3712/3771/3712 
f 3394/3453/3394 3393/3452/3393 3707/3766/3707 3711/3770/3711 
f 3393/3452/3393 3398/3457/3398 3708/3767/3708 3707/3766/3707 
f 3713/3772/3713 3714/3773/3714 3709/3768/3709 3708/3767/3708 
f 3683/3742/3683 3713/3772/3713 3708/3767/3708 3398/3457/3398 
f 3671/3730/3671 3669/3728/3669 3713/3772/3713 3683/3742/3683 
f 3669/3728/3669 3668/3727/3668 3714/3773/3714 3713/3772/3713 
f 3715/3774/3715 3716/3775/3716 3717/3776/3717 3718/3777/3718 
f 3667/3726/3667 3715/3774/3715 3718/3777/3718 3668/3727/3668 
f 3659/3718/3659 3658/3717/3658 3715/3774/3715 3667/3726/3667 
f 3658/3717/3658 3649/3708/3649 3716/3775/3716 3715/3774/3715 
f 3719/3778/3719 3714/3773/3714 3668/3727/3668 3718/3777/3718 
f 3720/3779/3720 3719/3778/3719 3718/3777/3718 3717/3776/3717 
f 3721/3780/3721 3722/3781/3722 3719/3778/3719 3720/3779/3720 
f 3722/3781/3722 3709/3768/3709 3714/3773/3714 3719/3778/3719 
f 3723/3782/3723 3724/3783/3724 3712/3771/3712 3710/3769/3710 
f 3722/3781/3722 3723/3782/3723 3710/3769/3710 3709/3768/3709 
f 3721/3780/3721 3725/3784/3725 3723/3782/3723 3722/3781/3722 
f 3725/3784/3725 3726/3785/3726 3724/3783/3724 3723/3782/3723 
f 3727/3786/3727 3716/3775/3716 3649/3708/3649 3648/3707/3648 
f 3728/3787/3728 3727/3786/3727 3648/3707/3648 3641/3700/3641 
f 3729/3788/3729 3730/3789/3730 3727/3786/3727 3728/3787/3728 
f 3730/3789/3730 3717/3776/3717 3716/3775/3716 3727/3786/3727 
f 3731/3790/3731 3732/3791/3732 3733/3792/3733 3734/3793/3734 
f 3735/3794/3735 3731/3790/3731 3734/3793/3734 3736/3795/3736 
f 3726/3785/3726 3725/3784/3725 3731/3790/3731 3735/3794/3735 
f 3725/3784/3725 3721/3780/3721 3732/3791/3732 3731/3790/3731 
f 3737/3796/3737 3732/3791/3732 3721/3780/3721 3720/3779/3720 
f 3737/3796/3737 3720/3779/3720 3717/3776/3717 3730/3789/3730 
f 3729/3788/3729 3738/3797/3738 3737/3796/3737 3730/3789/3730 
f 3738/3797/3738 3733/3792/3733 3732/3791/3732 3737/3796/3737 
f 3739/3798/3739 3740/3799/3740 3729/3788/3729 3728/3787/3728 
f 3739/3798/3739 3728/3787/3728 3641/3700/3641 3640/3699/3640 
f 3609/3668/3609 3741/3800/3741 3739/3798/3739 3640/3699/3640 
f 3741/3800/3741 3742/3801/3742 3740/3799/3740 3739/3798/3739 
f 3743/3802/3743 3744/3803/3744 3742/3801/3742 3741/3800/3741 
f 3606/3665/3606 3743/3802/3743 3741/3800/3741 3609/3668/3609 
f 1905/1920/1905 1904/1919/1904 3743/3802/3743 3606/3665/3606 
f 1904/1919/1904 1903/1918/1903 3744/3803/3744 3743/3802/3743 
f 3745/3804/3745 1891/1906/1891 3746/3805/3746 3747/3806/3747 
f 3748/3807/3748 3747/3806/3747 3746/3805/3746 3749/3808/3749 
f 3750/3809/3750 3751/3810/3751 3747/3806/3747 3748/3807/3748 
f 3751/3810/3751 3752/3811/3752 3745/3804/3745 3747/3806/3747 
f 3753/3812/3753 3754/3813/3754 3733/3792/3733 3738/3797/3738 
f 3740/3799/3740 3753/3812/3753 3738/3797/3738 3729/3788/3729 
f 3742/3801/3742 3755/3814/3755 3753/3812/3753 3740/3799/3740 
f 3755/3814/3755 3756/3815/3756 3754/3813/3754 3753/3812/3753 
f 3757/3816/3757 3758/3817/3758 1886/1899/1886 1885/1898/1885 
f 1889/1902/1889 3757/3816/3757 1885/1898/1885 1883/1896/1883 
f 1891/1906/1891 3745/3804/3745 3757/3816/3757 1889/1902/1889 
f 3745/3804/3745 3752/3811/3752 3758/3817/3758 3757/3816/3757 
f 3759/3818/3759 1902/1917/1902 1895/1910/1895 1893/1908/1893 
f 3758/3817/3758 3759/3818/3759 1893/1908/1893 1886/1899/1886 
f 3752/3811/3752 3760/3819/3760 3759/3818/3759 3758/3817/3758 
f 3760/3819/3760 1903/1918/1903 1902/1917/1902 3759/3818/3759 
f 3761/3820/3761 3762/3821/3762 3752/3811/3752 3751/3810/3751 
f 3761/3820/3761 3751/3810/3751 3750/3809/3750 3763/3822/3763 
f 3763/3822/3763 3756/3815/3756 3762/3821/3762 3761/3820/3761 
f 3764/3823/3764 3762/3821/3762 3756/3815/3756 3755/3814/3755 
f 3744/3803/3744 3764/3823/3764 3755/3814/3755 3742/3801/3742 
f 1903/1918/1903 3760/3819/3760 3764/3823/3764 3744/3803/3744 
f 3760/3819/3760 3752/3811/3752 3762/3821/3762 3764/3823/3764 
f 3765/3824/3765 3754/3813/3754 3756/3815/3756 3763/3822/3763 
f 3766/3825/3766 3765/3824/3765 3763/3822/3763 3750/3809/3750 
f 3736/3795/3736 3734/3793/3734 3765/3824/3765 3766/3825/3766 
f 3734/3793/3734 3733/3792/3733 3754/3813/3754 3765/3824/3765 
f 3767/3826/3767 3768/3827/3768 3769/3828/3769 3770/3829/3770 
f 3746/3805/3746 3767/3826/3767 3770/3829/3770 3749/3808/3749 
f 1891/1906/1891 1890/1905/1890 3767/3826/3767 3746/3805/3746 
f 1890/1905/1890 1873/1904/1873 3768/3827/3768 3767/3826/3767 
f 3771/3830/3771 3768/3831/3768 1873/1884/1873 1871/1882/1871 
f 3543/3602/3543 3771/3830/3771 1871/1882/1871 1870/1881/1870 
f 3544/3603/3544 3772/3832/3772 3771/3830/3771 3543/3602/3543 
f 3772/3832/3772 3769/3833/3769 3768/3831/3768 3771/3830/3771 
f 3773/3834/3773 3774/3835/3774 3544/3603/3544 3542/3601/3542 
f 3553/3612/3553 3773/3834/3773 3542/3601/3542 3541/3600/3541 
f 3554/3613/3554 3775/3836/3775 3773/3834/3773 3553/3612/3553 
f 3775/3836/3775 3776/3837/3776 3774/3835/3774 3773/3834/3773 
f 3777/3838/3777 3778/3839/3778 3779/3840/3779 3780/3841/3780 
f 3766/3825/3766 3777/3838/3777 3780/3841/3780 3736/3795/3736 
f 3750/3809/3750 3748/3807/3748 3777/3838/3777 3766/3825/3766 
f 3749/3808/3749 3778/3839/3778 3777/3838/3777 3748/3807/3748 
f 3781/3842/3781 3782/3843/3782 3769/3833/3769 3772/3832/3772 
f 3774/3835/3774 3781/3842/3781 3772/3832/3772 3544/3603/3544 
f 3776/3837/3776 3783/3844/3783 3781/3842/3781 3774/3835/3774 
f 3783/3844/3783 3784/3845/3784 3782/3843/3782 3781/3842/3781 
f 3785/3846/3785 3778/3839/3778 3749/3808/3749 3770/3829/3770 
f 3782/3847/3782 3785/3846/3785 3770/3829/3770 3769/3828/3769 
f 3784/3848/3784 3786/3849/3786 3785/3846/3785 3782/3847/3782 
f 3786/3849/3786 3779/3840/3779 3778/3839/3778 3785/3846/3785 
f 3787/3850/3787 3788/3851/3788 3789/3852/3789 3790/3853/3790 
f 3735/3794/3735 3787/3850/3787 3790/3853/3790 3726/3785/3726 
f 3736/3795/3736 3780/3841/3780 3787/3850/3787 3735/3794/3735 
f 3780/3841/3780 3779/3840/3779 3788/3851/3788 3787/3850/3787 
f 3791/3854/3791 3792/3855/3792 3776/3837/3776 3775/3836/3775 
f 3584/3643/3584 3791/3854/3791 3775/3836/3775 3554/3613/3554 
f 3793/3856/3793 3791/3854/3791 3584/3643/3584 3583/3642/3583 
f 3793/3856/3793 3794/3857/3794 3792/3855/3792 3791/3854/3791 
f 3795/3858/3795 3796/3859/3796 3797/3860/3797 3798/3861/3798 
f 3788/3851/3788 3795/3858/3795 3798/3861/3798 3789/3852/3789 
f 3779/3840/3779 3786/3849/3786 3795/3858/3795 3788/3851/3788 
f 3786/3849/3786 3784/3848/3784 3796/3859/3796 3795/3858/3795 
f 3799/3862/3799 3796/3863/3796 3784/3845/3784 3783/3844/3783 
f 3792/3855/3792 3799/3862/3799 3783/3844/3783 3776/3837/3776 
f 3794/3857/3794 3800/3864/3800 3799/3862/3799 3792/3855/3792 
f 3800/3864/3800 3797/3865/3797 3796/3863/3796 3799/3862/3799 
f 3801/3866/3801 3802/3867/3802 3803/3868/3803 3804/3869/3804 
f 3724/3783/3724 3801/3866/3801 3804/3869/3804 3712/3771/3712 
f 3726/3785/3726 3790/3853/3790 3801/3866/3801 3724/3783/3724 
f 3790/3853/3790 3789/3852/3789 3802/3867/3802 3801/3866/3801 
f 3805/3870/3805 3793/3856/3793 3583/3642/3583 3586/3645/3586 
f 3806/3871/3806 3805/3870/3805 3586/3645/3586 3559/3618/3559 
f 3807/3872/3807 3805/3870/3805 3806/3871/3806 3808/3873/3808 
f 3794/3857/3794 3793/3856/3793 3805/3870/3805 3807/3872/3807 
f 3809/3874/3809 3810/3875/3810 3797/3865/3797 3800/3864/3800 
f 3807/3872/3807 3809/3874/3809 3800/3864/3800 3794/3857/3794 
f 3811/3876/3811 3809/3874/3809 3807/3872/3807 3808/3873/3808 
f 3811/3876/3811 3812/3877/3812 3810/3875/3810 3809/3874/3809 
f 3813/3878/3813 3802/3867/3802 3789/3852/3789 3798/3861/3798 
f 3810/3879/3810 3813/3878/3813 3798/3861/3798 3797/3860/3797 
f 3812/3880/3812 3814/3881/3814 3813/3878/3813 3810/3879/3810 
f 3814/3881/3814 3803/3868/3803 3802/3867/3802 3813/3878/3813 
f 3815/3882/3815 3816/3883/3816 3808/3873/3808 3806/3871/3806 
f 3815/3882/3815 3806/3871/3806 3559/3618/3559 3557/3616/3557 
f 3390/3449/3390 3817/3884/3817 3815/3882/3815 3557/3616/3557 
f 3817/3884/3817 3818/3885/3818 3816/3883/3816 3815/3882/3815 
f 3819/3886/3819 3820/3887/3820 3821/3888/3821 3822/3889/3822 
f 3711/3770/3711 3819/3886/3819 3822/3889/3822 3394/3453/3394 
f 3712/3771/3712 3804/3869/3804 3819/3886/3819 3711/3770/3711 
f 3804/3869/3804 3803/3868/3803 3820/3887/3820 3819/3886/3819 
f 3823/3890/3823 3824/3891/3824 3812/3877/3812 3811/3876/3811 
f 3816/3883/3816 3823/3890/3823 3811/3876/3811 3808/3873/3808 
f 3818/3885/3818 3825/3892/3825 3823/3890/3823 3816/3883/3816 
f 3825/3892/3825 3826/3893/3826 3824/3891/3824 3823/3890/3823 
f 3827/3894/3827 3828/3895/3828 3829/3896/3829 3830/3897/3830 
f 3395/3454/3395 3827/3894/3827 3830/3897/3830 3343/3402/3343 
f 3394/3453/3394 3822/3889/3822 3827/3894/3827 3395/3454/3395 
f 3822/3889/3822 3821/3888/3821 3828/3895/3828 3827/3894/3827 
f 3831/3898/3831 3832/3899/3832 3833/3900/3833 3834/3901/3834 
f 3344/3403/3344 3831/3898/3831 3834/3901/3834 3102/3159/3102 
f 3343/3402/3343 3830/3897/3830 3831/3898/3831 3344/3403/3344 
f 3830/3897/3830 3829/3896/3829 3832/3899/3832 3831/3898/3831 
f 3835/3902/3835 3836/3903/3836 3837/3904/3837 3838/3905/3838 
f 3832/3899/3832 3835/3902/3835 3838/3905/3838 3833/3900/3833 
f 3829/3896/3829 3839/3906/3839 3835/3902/3835 3832/3899/3832 
f 3839/3906/3839 3840/3907/3840 3836/3903/3836 3835/3902/3835 
f 3841/3908/3841 3101/3158/3101 3102/3159/3102 3834/3901/3834 
f 3842/3909/3842 3841/3908/3841 3834/3901/3834 3833/3900/3833 
f 3843/3910/3843 3844/3911/3844 3841/3908/3841 3842/3909/3842 
f 3844/3911/3844 3103/3160/3103 3101/3158/3101 3841/3908/3841 
f 3845/3912/3845 3846/3913/3846 3847/3914/3847 3848/3915/3848 
f 3128/3185/3128 3845/3912/3845 3848/3915/3848 3130/3187/3130 
f 3129/3186/3129 3849/3916/3849 3845/3912/3845 3128/3185/3128 
f 3849/3916/3849 3850/3917/3850 3846/3913/3846 3845/3912/3845 
f 3851/3918/3851 3852/3919/3852 3853/3920/3853 3854/3921/3854 
f 3842/3909/3842 3851/3918/3851 3854/3921/3854 3843/3910/3843 
f 3833/3900/3833 3838/3905/3838 3851/3918/3851 3842/3909/3842 
f 3838/3905/3838 3837/3904/3837 3852/3919/3852 3851/3918/3851 
f 3855/3922/3855 3852/3923/3852 3837/3924/3837 3856/3925/3856 
f 3846/3913/3846 3855/3922/3855 3856/3925/3856 3847/3914/3847 
f 3850/3917/3850 3857/3926/3857 3855/3922/3855 3846/3913/3846 
f 3857/3926/3857 3853/3927/3853 3852/3923/3852 3855/3922/3855 
f 3858/3928/3858 3146/3203/3146 3103/3160/3103 3844/3911/3844 
f 3859/3929/3859 3858/3928/3858 3844/3911/3844 3843/3910/3843 
f 3860/3930/3860 3861/3931/3861 3858/3928/3858 3859/3929/3859 
f 3147/3204/3147 3146/3203/3146 3858/3928/3858 3861/3931/3861 
f 3862/3932/3862 3863/3933/3863 3850/3917/3850 3849/3916/3849 
f 3137/3194/3137 3862/3932/3862 3849/3916/3849 3129/3186/3129 
f 3138/3195/3138 3864/3934/3864 3862/3932/3862 3137/3194/3137 
f 3864/3934/3864 3865/3935/3865 3863/3933/3863 3862/3932/3862 
f 3866/3936/3866 3867/3937/3867 3868/3938/3868 3869/3939/3869 
f 3859/3929/3859 3866/3936/3866 3869/3939/3869 3860/3930/3860 
f 3843/3910/3843 3854/3921/3854 3866/3936/3866 3859/3929/3859 
f 3854/3921/3854 3853/3920/3853 3867/3937/3867 3866/3936/3866 
f 3870/3940/3870 3867/3941/3867 3853/3927/3853 3857/3926/3857 
f 3863/3933/3863 3870/3940/3870 3857/3926/3857 3850/3917/3850 
f 3865/3935/3865 3871/3942/3871 3870/3940/3870 3863/3933/3863 
f 3868/3943/3868 3867/3941/3867 3870/3940/3870 3871/3942/3871 
f 3872/3944/3872 3166/3223/3166 3147/3204/3147 3861/3931/3861 
f 3872/3944/3872 3861/3931/3861 3860/3930/3860 3873/3945/3873 
f 3874/3946/3874 3875/3947/3875 3872/3944/3872 3873/3945/3873 
f 3875/3947/3875 3159/3216/3159 3166/3223/3166 3872/3944/3872 
f 3876/3948/3876 3877/3949/3877 3865/3935/3865 3864/3934/3864 
f 3142/3199/3142 3876/3948/3876 3864/3934/3864 3138/3195/3138 
f 3141/3198/3141 3878/3950/3878 3876/3948/3876 3142/3199/3142 
f 3878/3950/3878 3879/3951/3879 3877/3949/3877 3876/3948/3876 
f 3880/3952/3880 3881/3953/3881 3874/3946/3874 3873/3945/3873 
f 3869/3939/3869 3880/3952/3880 3873/3945/3873 3860/3930/3860 
f 3882/3954/3882 3880/3952/3880 3869/3939/3869 3868/3938/3868 
f 3883/3955/3883 3881/3953/3881 3880/3952/3880 3882/3954/3882 
f 3882/3956/3882 3868/3943/3868 3871/3942/3871 3884/3957/3884 
f 3877/3949/3877 3884/3957/3884 3871/3942/3871 3865/3935/3865 
f 3879/3951/3879 3885/3958/3885 3884/3957/3884 3877/3949/3877 
f 3885/3958/3885 3883/3959/3883 3882/3956/3882 3884/3957/3884 
f 3886/3960/3886 3151/3208/3151 3159/3216/3159 3875/3947/3875 
f 3887/3961/3887 3886/3960/3886 3875/3947/3875 3874/3946/3874 
f 3888/3962/3888 3889/3963/3889 3886/3960/3886 3887/3961/3887 
f 3889/3963/3889 3152/3209/3152 3151/3208/3151 3886/3960/3886 
f 3890/3964/3890 3891/3965/3891 3892/3966/3892 3893/3967/3893 
f 3878/3950/3878 3890/3964/3890 3893/3967/3893 3879/3951/3879 
f 3141/3198/3141 3140/3197/3140 3890/3964/3890 3878/3950/3878 
f 3140/3197/3140 3144/3201/3144 3891/3965/3891 3890/3964/3890 
f 3894/3968/3894 3895/3969/3895 3896/3970/3896 3897/3971/3897 
f 3887/3961/3887 3894/3968/3894 3897/3971/3897 3888/3962/3888 
f 3874/3946/3874 3881/3953/3881 3894/3968/3894 3887/3961/3887 
f 3881/3953/3881 3883/3955/3883 3895/3969/3895 3894/3968/3894 
f 3898/3972/3898 3896/3973/3896 3895/3974/3895 3899/3975/3899 
f 3899/3975/3899 3895/3974/3895 3883/3959/3883 3885/3958/3885 
f 3879/3951/3879 3893/3967/3893 3899/3975/3899 3885/3958/3885 
f 3893/3967/3893 3892/3966/3892 3898/3972/3898 3899/3975/3899 
f 3900/3976/3900 3901/3977/3901 3902/3978/3902 3903/3979/3903 
f 3333/3392/3333 3900/3976/3900 3903/3979/3903 3335/3394/3335 
f 3332/3391/3332 3904/3980/3904 3900/3976/3900 3333/3392/3333 
f 3904/3980/3904 3905/3981/3905 3901/3977/3901 3900/3976/3900 
f 3906/3982/3906 3107/3164/3107 3114/3171/3114 3907/3983/3907 
f 3908/3984/3908 3906/3982/3906 3907/3983/3907 3909/3985/3909 
f 3910/3986/3910 3911/3987/3911 3906/3982/3906 3908/3984/3908 
f 3911/3987/3911 3108/3165/3108 3107/3164/3107 3906/3982/3906 
f 3912/3988/3912 3910/3986/3910 3908/3984/3908 3913/3989/3913 
f 3913/3989/3913 3908/3984/3908 3909/3985/3909 3914/3990/3914 
f 3915/3991/3915 3916/3992/3916 3913/3989/3913 3914/3990/3914 
f 3916/3992/3916 3917/3993/3917 3912/3988/3912 3913/3989/3913 
f 3918/3994/3918 3919/3995/3919 3917/3996/3917 3916/3997/3916 
f 3920/3998/3920 3918/3994/3918 3916/3997/3916 3915/3999/3915 
f 3902/3978/3902 3901/3977/3901 3918/3994/3918 3920/3998/3920 
f 3905/3981/3905 3919/3995/3919 3918/3994/3918 3901/3977/3901 
f 3921/4000/3921 3224/3281/3224 3108/3165/3108 3911/3987/3911 
f 3922/4001/3922 3921/4000/3921 3911/3987/3911 3910/3986/3910 
f 3923/4002/3923 3924/4003/3924 3921/4000/3921 3922/4001/3922 
f 3924/4003/3924 3225/3282/3225 3224/3281/3224 3921/4000/3921 
f 3925/4004/3925 3926/4005/3926 3905/3981/3905 3904/3980/3904 
f 3338/3397/3338 3925/4004/3925 3904/3980/3904 3332/3391/3332 
f 3329/3388/3329 3927/4006/3927 3925/4004/3925 3338/3397/3338 
f 3927/4006/3927 3928/4007/3928 3926/4005/3926 3925/4004/3925 
f 3929/4008/3929 3923/4002/3923 3922/4001/3922 3930/4009/3930 
f 3912/3988/3912 3930/4009/3930 3922/4001/3922 3910/3986/3910 
f 3917/3993/3917 3931/4010/3931 3930/4009/3930 3912/3988/3912 
f 3932/4011/3932 3929/4008/3929 3930/4009/3930 3931/4010/3931 
f 3931/4012/3931 3917/3996/3917 3919/3995/3919 3933/4013/3933 
f 3926/4005/3926 3933/4013/3933 3919/3995/3919 3905/3981/3905 
f 3934/4014/3934 3933/4013/3933 3926/4005/3926 3928/4007/3928 
f 3934/4014/3934 3932/4015/3932 3931/4012/3931 3933/4013/3933 
f 3935/4016/3935 3247/3304/3247 3225/3282/3225 3924/4003/3924 
f 3936/4017/3936 3935/4016/3935 3924/4003/3924 3923/4002/3923 
f 3937/4018/3937 3938/4019/3938 3935/4016/3935 3936/4017/3936 
f 3938/4019/3938 3249/3306/3249 3247/3304/3247 3935/4016/3935 
f 3939/4020/3939 3305/3364/3305 3298/3357/3298 3301/3360/3301 
f 3938/4019/3938 3939/4020/3939 3301/3360/3301 3249/3306/3249 
f 3940/4021/3940 3939/4020/3939 3938/4019/3938 3937/4018/3937 
f 3940/4021/3940 3306/3365/3306 3305/3364/3305 3939/4020/3939 
f 3941/4022/3941 3942/4023/3942 3943/4024/3943 3944/4025/3944 
f 3941/4022/3941 3944/4025/3944 3932/4015/3932 3934/4014/3934 
f 3928/4007/3928 3945/4026/3945 3941/4022/3941 3934/4014/3934 
f 3945/4026/3945 3946/4027/3946 3942/4023/3942 3941/4022/3941 
f 3947/4028/3947 3948/4029/3948 3306/3365/3306 3940/4021/3940 
f 3947/4028/3947 3940/4021/3940 3937/4018/3937 3949/4030/3949 
f 3950/4031/3950 3947/4028/3947 3949/4030/3949 3943/4032/3943 
f 3951/4033/3951 3948/4029/3948 3947/4028/3947 3950/4031/3950 
f 3952/4034/3952 3944/4035/3944 3943/4032/3943 3949/4030/3949 
f 3936/4017/3936 3952/4034/3952 3949/4030/3949 3937/4018/3937 
f 3923/4002/3923 3929/4008/3929 3952/4034/3952 3936/4017/3936 
f 3932/4011/3932 3944/4035/3944 3952/4034/3952 3929/4008/3929 
f 3953/4036/3953 3954/4037/3954 3946/4027/3946 3945/4026/3945 
f 3927/4006/3927 3953/4036/3953 3945/4026/3945 3928/4007/3928 
f 3328/3387/3328 3953/4036/3953 3927/4006/3927 3329/3388/3329 
f 3328/3387/3328 3277/3334/3277 3954/4037/3954 3953/4036/3953 
f 3955/4038/3955 3276/3333/3276 3275/3332/3275 3278/3335/3278 
f 3956/4039/3956 3955/4038/3955 3278/3335/3278 3281/3338/3281 
f 3946/4027/3946 3954/4037/3954 3955/4038/3955 3956/4039/3956 
f 3954/4037/3954 3277/3334/3277 3276/3333/3276 3955/4038/3955 
f 3957/4040/3957 3956/4039/3956 3281/3338/3281 3958/4041/3958 
f 3957/4040/3957 3958/4041/3958 3951/4042/3951 3950/4043/3950 
f 3943/4024/3943 3942/4023/3942 3957/4040/3957 3950/4043/3950 
f 3946/4027/3946 3956/4039/3956 3957/4040/3957 3942/4023/3942 
f 3959/4044/3959 3960/4045/3960 3951/4042/3951 3958/4041/3958 
f 3280/3337/3280 3959/4044/3959 3958/4041/3958 3281/3338/3281 
f 3244/3301/3244 3289/3348/3289 3959/4044/3959 3280/3337/3280 
f 3289/3348/3289 3287/3347/3287 3960/4045/3960 3959/4044/3959 
f 3961/4046/3961 3285/3342/3285 3286/3343/3286 3307/3366/3307 
f 3948/4029/3948 3961/4046/3961 3307/3366/3307 3306/3365/3306 
f 3951/4033/3951 3960/4047/3960 3961/4046/3961 3948/4029/3948 
f 3287/3344/3287 3285/3342/3285 3961/4046/3961 3960/4047/3960 
f 3962/4048/3962 3963/4049/3963 3964/4050/3964 3965/4051/3965 
f 3347/3406/3347 3962/4048/3962 3965/4051/3965 3348/3407/3348 
f 3130/3187/3130 3848/3915/3848 3962/4048/3962 3347/3406/3347 
f 3848/3915/3848 3847/3914/3847 3963/4049/3963 3962/4048/3962 
f 3966/4052/3966 3967/4053/3967 3818/3885/3818 3817/3884/3817 
f 3389/3448/3389 3966/4052/3966 3817/3884/3817 3390/3449/3390 
f 3348/3407/3348 3965/4051/3965 3966/4052/3966 3389/3448/3389 
f 3965/4051/3965 3964/4050/3964 3967/4053/3967 3966/4052/3966 
f 3968/4054/3968 3967/4053/3967 3964/4050/3964 3969/4055/3969 
f 3970/4056/3970 3968/4054/3968 3969/4055/3969 3840/4057/3840 
f 3826/3893/3826 3825/3892/3825 3968/4054/3968 3970/4056/3970 
f 3825/3892/3825 3818/3885/3818 3967/4053/3967 3968/4054/3968 
f 3971/4058/3971 3963/4049/3963 3847/3914/3847 3856/3925/3856 
f 3836/4059/3836 3971/4058/3971 3856/3925/3856 3837/3924/3837 
f 3840/4057/3840 3969/4055/3969 3971/4058/3971 3836/4059/3836 
f 3969/4055/3969 3964/4050/3964 3963/4049/3963 3971/4058/3971 
f 3972/4060/3972 3970/4061/3970 3840/3907/3840 3839/3906/3839 
f 3828/3895/3828 3972/4060/3972 3839/3906/3839 3829/3896/3829 
f 3821/3888/3821 3973/4062/3973 3972/4060/3972 3828/3895/3828 
f 3973/4062/3973 3826/4063/3826 3970/4061/3970 3972/4060/3972 
f 3974/4064/3974 3824/4065/3824 3826/4063/3826 3973/4062/3973 
f 3820/3887/3820 3974/4064/3974 3973/4062/3973 3821/3888/3821 
f 3803/3868/3803 3814/3881/3814 3974/4064/3974 3820/3887/3820 
f 3814/3881/3814 3812/3880/3812 3824/4065/3824 3974/4064/3974 
f 3975/4066/3975 3976/4067/3976 3624/3683/3624 3623/3682/3623 
f 3653/3712/3653 3975/4066/3975 3623/3682/3623 3627/3686/3627 
f 3977/4068/3977 3975/4066/3975 3653/3712/3653 3652/3711/3652 
f 3977/4068/3977 3978/4069/3978 3976/4067/3976 3975/4066/3975 
f 3979/4070/3979 3977/4068/3977 3652/3711/3652 3663/3722/3663 
f 3980/4071/3980 3979/4070/3979 3663/3722/3663 3662/3721/3662 
f 3981/4072/3981 3982/4073/3982 3979/4070/3979 3980/4071/3980 
f 3978/4069/3978 3977/4068/3977 3979/4070/3979 3982/4073/3982 
f 3983/4074/3983 3984/4075/3984 3985/4076/3985 3986/4077/3986 
f 3983/4074/3983 3986/4077/3986 3987/4078/3987 3988/4079/3988 
f 3989/4080/3989 3990/4081/3990 3983/4074/3983 3988/4079/3988 
f 3990/4081/3990 3991/4082/3991 3984/4075/3984 3983/4074/3983 
f 3984/4075/3984 3991/4082/3991 3992/4083/3992 3993/4084/3993 
f 3982/4073/3982 3993/4084/3993 3992/4083/3992 3978/4069/3978 
f 3981/4072/3981 3994/4085/3994 3993/4084/3993 3982/4073/3982 
f 3994/4085/3994 3985/4076/3985 3984/4075/3984 3993/4084/3993 
f 3995/4086/3995 3980/4071/3980 3662/3721/3662 3679/3738/3679 
f 3996/4087/3996 3995/4086/3995 3679/3738/3679 3678/3737/3678 
f 3997/4088/3997 3998/4089/3998 3995/4086/3995 3996/4087/3996 
f 3998/4089/3998 3981/4072/3981 3980/4071/3980 3995/4086/3995 
f 3999/4090/3999 4000/4091/4000 3405/3464/3405 3413/3472/3413 
f 4001/4092/4001 3999/4090/3999 3413/3472/3413 3414/3473/3414 
f 3987/4078/3987 4002/4093/4002 3999/4090/3999 4001/4092/4001 
f 4003/4094/4003 4000/4091/4000 3999/4090/3999 4002/4093/4002 
f 4004/4095/4004 4005/4096/4005 4003/4094/4003 4002/4093/4002 
f 3986/4077/3986 4004/4095/4004 4002/4093/4002 3987/4078/3987 
f 3985/4076/3985 4006/4097/4006 4004/4095/4004 3986/4077/3986 
f 4006/4097/4006 4007/4098/4007 4005/4096/4005 4004/4095/4004 
f 4008/4099/4008 4009/4100/4009 4007/4098/4007 4006/4097/4006 
f 3994/4085/3994 4008/4099/4008 4006/4097/4006 3985/4076/3985 
f 3981/4072/3981 3998/4089/3998 4008/4099/4008 3994/4085/3994 
f 3998/4089/3998 3997/4088/3997 4009/4100/4009 4008/4099/4008 
f 4010/4101/4010 3996/4087/3996 3678/3737/3678 3688/3747/3688 
f 4011/4102/4011 4010/4101/4010 3688/3747/3688 3635/3694/3635 
f 4012/4103/4012 4013/4104/4013 4010/4101/4010 4011/4102/4011 
f 4013/4104/4013 3997/4088/3997 3996/4087/3996 4010/4101/4010 
f 4014/4105/4014 4015/4106/4015 3184/3241/3184 3406/3465/3406 
f 4000/4091/4000 4014/4105/4014 3406/3465/3406 3405/3464/3405 
f 4003/4094/4003 4016/4107/4016 4014/4105/4014 4000/4091/4000 
f 4017/4108/4017 4015/4106/4015 4014/4105/4014 4016/4107/4016 
f 4018/4109/4018 4009/4100/4009 3997/4088/3997 4013/4104/4013 
f 4019/4110/4019 4018/4109/4018 4013/4104/4013 4012/4103/4012 
f 4020/4111/4020 4021/4112/4021 4018/4109/4018 4019/4110/4019 
f 4021/4112/4021 4007/4098/4007 4009/4100/4009 4018/4109/4018 
f 4022/4113/4022 4023/4114/4023 4017/4108/4017 4016/4107/4016 
f 4005/4096/4005 4022/4113/4022 4016/4107/4016 4003/4094/4003 
f 4007/4098/4007 4021/4112/4021 4022/4113/4022 4005/4096/4005 
f 4021/4112/4021 4020/4111/4020 4023/4114/4023 4022/4113/4022 
f 4024/4115/4024 4011/4102/4011 3635/3694/3635 3633/3692/3633 
f 4025/4116/4025 4024/4115/4024 3633/3692/3633 3631/3690/3631 
f 4026/4117/4026 4027/4118/4027 4024/4115/4024 4025/4116/4025 
f 4027/4118/4027 4012/4103/4012 4011/4102/4011 4024/4115/4024 
f 4028/4119/4028 4029/4120/4029 3188/3245/3188 3185/3242/3185 
f 4028/4119/4028 3185/3242/3185 3184/3241/3184 4015/4106/4015 
f 4017/4108/4017 4030/4121/4030 4028/4119/4028 4015/4106/4015 
f 4030/4121/4030 4031/4122/4031 4029/4120/4029 4028/4119/4028 
f 4032/4123/4032 4031/4122/4031 4030/4121/4030 4033/4124/4033 
f 4023/4114/4023 4033/4124/4033 4030/4121/4030 4017/4108/4017 
f 4020/4111/4020 4034/4125/4034 4033/4124/4033 4023/4114/4023 
f 4035/4126/4035 4032/4123/4032 4033/4124/4033 4034/4125/4034 
f 4036/4127/4036 4037/4128/4037 4035/4126/4035 4034/4125/4034 
f 4036/4127/4036 4034/4125/4034 4020/4111/4020 4019/4110/4019 
f 4012/4103/4012 4027/4118/4027 4036/4127/4036 4019/4110/4019 
f 4027/4118/4027 4026/4117/4026 4037/4128/4037 4036/4127/4036 
f 4038/4129/4038 4039/4130/4039 4040/4131/4040 4041/4132/4041 
f 3199/3256/3199 4041/4132/4041 4040/4131/4040 3197/3254/3197 
f 3188/3245/3188 4029/4120/4029 4041/4132/4041 3199/3256/3199 
f 4029/4120/4029 4031/4122/4031 4038/4129/4038 4041/4132/4041 
f 4042/4133/4042 4026/4117/4026 4025/4116/4025 4043/4134/4043 
f 3630/3689/3630 4043/4134/4043 4025/4116/4025 3631/3690/3631 
f 4044/4135/4044 4043/4134/4043 3630/3689/3630 3163/3220/3163 
f 4044/4135/4044 4045/4136/4045 4042/4133/4042 4043/4134/4043 
f 4046/4137/4046 4047/4138/4047 4048/4139/4048 4049/4140/4049 
f 4038/4129/4038 4049/4140/4049 4048/4139/4048 4039/4130/4039 
f 4031/4122/4031 4032/4123/4032 4049/4140/4049 4038/4129/4038 
f 4032/4123/4032 4035/4126/4035 4046/4137/4046 4049/4140/4049 
f 4050/4141/4050 4051/4142/4051 4047/4138/4047 4046/4137/4046 
f 4037/4128/4037 4050/4141/4050 4046/4137/4046 4035/4126/4035 
f 4026/4117/4026 4042/4133/4042 4050/4141/4050 4037/4128/4037 
f 4042/4133/4042 4045/4136/4045 4051/4142/4051 4050/4141/4050 
f 3196/3253/3196 3197/3254/3197 4040/4131/4040 4052/4143/4052 
f 4052/4143/4052 4040/4131/4040 4039/4130/4039 4053/4144/4053 
f 4054/4145/4054 4055/4146/4055 4052/4143/4052 4053/4144/4053 
f 3112/3169/3112 3196/3253/3196 4052/4143/4052 4055/4146/4055 
f 4056/4147/4056 4057/4148/4057 4045/4136/4045 4044/4135/4044 
f 3161/3218/3161 4056/4147/4056 4044/4135/4044 3163/3220/3163 
f 3155/3212/3155 4058/4149/4058 4056/4147/4056 3161/3218/3161 
f 4058/4149/4058 4059/4150/4059 4057/4148/4057 4056/4147/4056 
f 4060/4151/4060 4061/4152/4061 4054/4145/4054 4053/4144/4053 
f 4060/4151/4060 4053/4144/4053 4039/4130/4039 4048/4139/4048 
f 4047/4138/4047 4062/4153/4062 4060/4151/4060 4048/4139/4048 
f 4062/4153/4062 4063/4154/4063 4061/4152/4061 4060/4151/4060 
f 4062/4153/4062 4047/4138/4047 4051/4142/4051 4064/4155/4064 
f 4057/4148/4057 4064/4155/4064 4051/4142/4051 4045/4136/4045 
f 4059/4150/4059 4065/4156/4065 4064/4155/4064 4057/4148/4057 
f 4063/4154/4063 4062/4153/4062 4064/4155/4064 4065/4156/4065 
f 4066/4157/4066 4067/4158/4067 4059/4150/4059 4058/4149/4058 
f 3153/3210/3153 4066/4157/4066 4058/4149/4058 3155/3212/3155 
f 3152/3209/3152 4068/4159/4068 4066/4157/4066 3153/3210/3153 
f 4069/4160/4069 4067/4158/4067 4066/4157/4066 4068/4159/4068 
f 4070/4161/4070 4071/4162/4071 3114/3171/3114 3113/3170/3113 
f 4070/4161/4070 3113/3170/3113 3112/3169/3112 4055/4146/4055 
f 4054/4145/4054 4072/4163/4072 4070/4161/4070 4055/4146/4055 
f 4072/4163/4072 4073/4164/4073 4071/4162/4071 4070/4161/4070 
f 4074/4165/4074 4075/4166/4075 4073/4164/4073 4072/4163/4072 
f 4061/4152/4061 4074/4165/4074 4072/4163/4072 4054/4145/4054 
f 4063/4154/4063 4076/4167/4076 4074/4165/4074 4061/4152/4061 
f 4076/4167/4076 4077/4168/4077 4075/4166/4075 4074/4165/4074 
f 4076/4167/4076 4063/4154/4063 4065/4156/4065 4078/4169/4078 
f 4067/4158/4067 4078/4169/4078 4065/4156/4065 4059/4150/4059 
f 4079/4170/4079 4078/4169/4078 4067/4158/4067 4069/4160/4069 
f 4079/4170/4079 4077/4168/4077 4076/4167/4076 4078/4169/4078 
f 4080/4171/4080 4068/4159/4068 3152/3209/3152 3889/3963/3889 
f 4081/4172/4081 4080/4171/4080 3889/3963/3889 3888/3962/3888 
f 4082/4173/4082 4080/4171/4080 4081/4172/4081 4083/4174/4083 
f 4082/4173/4082 4069/4160/4069 4068/4159/4068 4080/4171/4080 
f 4084/4175/4084 4085/4176/4085 3909/3985/3909 3907/3983/3907 
f 4071/4162/4071 4084/4175/4084 3907/3983/3907 3114/3171/3114 
f 4073/4164/4073 4086/4177/4086 4084/4175/4084 4071/4162/4071 
f 4086/4177/4086 4087/4178/4087 4085/4176/4085 4084/4175/4084 
f 4088/4179/4088 4089/4180/4089 4087/4178/4087 4086/4177/4086 
f 4075/4166/4075 4088/4179/4088 4086/4177/4086 4073/4164/4073 
f 4077/4168/4077 4090/4181/4090 4088/4179/4088 4075/4166/4075 
f 4091/4182/4091 4089/4180/4089 4088/4179/4088 4090/4181/4090 
f 4092/4183/4092 4090/4181/4090 4077/4168/4077 4079/4170/4079 
f 4082/4173/4082 4092/4183/4092 4079/4170/4079 4069/4160/4069 
f 4093/4184/4093 4092/4183/4092 4082/4173/4082 4083/4174/4083 
f 4091/4182/4091 4090/4181/4090 4092/4183/4092 4093/4184/4093 
f 4094/4185/4094 4081/4172/4081 3888/3962/3888 3897/3971/3897 
f 4095/4186/4095 4094/4185/4094 3897/3971/3897 3896/3970/3896 
f 4096/4187/4096 4097/4188/4097 4094/4185/4094 4095/4186/4095 
f 4097/4188/4097 4083/4174/4083 4081/4172/4081 4094/4185/4094 
f 4098/4189/4098 4099/4190/4099 4087/4178/4087 4089/4180/4089 
f 4100/4191/4100 4098/4189/4098 4089/4180/4089 4091/4182/4091 
f 4101/4192/4101 4102/4193/4102 4098/4189/4098 4100/4191/4100 
f 4102/4193/4102 4103/4194/4103 4099/4190/4099 4098/4189/4098 
f 4104/4195/4104 3914/3990/3914 3909/3985/3909 4085/4176/4085 
f 4099/4190/4099 4104/4195/4104 4085/4176/4085 4087/4178/4087 
f 4103/4194/4103 4105/4196/4105 4104/4195/4104 4099/4190/4099 
f 4105/4196/4105 3915/3991/3915 3914/3990/3914 4104/4195/4104 
f 4106/4197/4106 4093/4184/4093 4083/4174/4083 4097/4188/4097 
f 4106/4197/4106 4097/4188/4097 4096/4187/4096 4107/4198/4107 
f 4100/4191/4100 4106/4197/4106 4107/4198/4107 4101/4192/4101 
f 4100/4191/4100 4091/4182/4091 4093/4184/4093 4106/4197/4106 
f 4108/4199/4108 4096/4200/4096 4095/4201/4095 4109/4202/4109 
f 3898/3972/3898 4109/4202/4109 4095/4201/4095 3896/3973/3896 
f 3892/3966/3892 4110/4203/4110 4109/4202/4109 3898/3972/3898 
f 4111/4204/4111 4108/4199/4108 4109/4202/4109 4110/4203/4110 
f 4112/4205/4112 4113/4206/4113 3902/3978/3902 3920/3998/3920 
f 4112/4205/4112 3920/3998/3920 3915/3999/3915 4105/4207/4105 
f 4103/4208/4103 4114/4209/4114 4112/4205/4112 4105/4207/4105 
f 4115/4210/4115 4113/4206/4113 4112/4205/4112 4114/4209/4114 
f 4116/4211/4116 4117/4212/4117 4118/4213/4118 4119/4214/4119 
f 4114/4209/4114 4119/4214/4119 4118/4213/4118 4115/4210/4115 
f 4103/4208/4103 4102/4215/4102 4119/4214/4119 4114/4209/4114 
f 4102/4215/4102 4101/4216/4101 4116/4211/4116 4119/4214/4119 
f 4120/4217/4120 4121/4218/4121 4117/4212/4117 4116/4211/4116 
f 4120/4217/4120 4116/4211/4116 4101/4216/4101 4107/4219/4107 
f 4096/4200/4096 4108/4199/4108 4120/4217/4120 4107/4219/4107 
f 4108/4199/4108 4111/4204/4111 4121/4218/4121 4120/4217/4120 
f 4122/4220/4122 3903/3979/3903 3902/3978/3902 4113/4206/4113 
f 4122/4220/4122 4113/4206/4113 4115/4210/4115 4123/4221/4123 
f 4124/4222/4124 4122/4220/4122 4123/4221/4123 4125/4223/4125 
f 4124/4222/4124 3335/3394/3335 3903/3979/3903 4122/4220/4122 
f 4126/4224/4126 4127/4225/4127 4111/4204/4111 4110/4203/4110 
f 3891/3965/3891 4126/4224/4126 4110/4203/4110 3892/3966/3892 
f 3144/3201/3144 4128/4226/4128 4126/4224/4126 3891/3965/3891 
f 4128/4226/4128 4129/4227/4129 4127/4225/4127 4126/4224/4126 
f 4130/4228/4130 4131/4229/4131 4125/4223/4125 4123/4221/4123 
f 4118/4213/4118 4130/4228/4130 4123/4221/4123 4115/4210/4115 
f 4117/4212/4117 4132/4230/4132 4130/4228/4130 4118/4213/4118 
f 4132/4230/4132 4133/4231/4133 4131/4229/4131 4130/4228/4130 
f 4134/4232/4134 4135/4233/4135 4133/4231/4133 4132/4230/4132 
f 4121/4218/4121 4134/4232/4134 4132/4230/4132 4117/4212/4117 
f 4111/4204/4111 4127/4225/4127 4134/4232/4134 4121/4218/4121 
f 4129/4227/4129 4135/4233/4135 4134/4232/4134 4127/4225/4127 
f 4136/4234/4136 3336/3395/3336 3335/3394/3335 4124/4222/4124 
f 4136/4234/4136 4124/4222/4124 4125/4223/4125 4137/4235/4137 
f 4138/4236/4138 4139/4237/4139 4136/4234/4136 4137/4235/4137 
f 4139/4237/4139 3313/3372/3313 3336/3395/3336 4136/4234/4136 
f 4140/4238/4140 4141/4239/4141 4129/4227/4129 4128/4226/4128 
f 3143/3200/3143 4140/4238/4140 4128/4226/4128 3144/3201/3144 
f 4142/4240/4142 4140/4238/4140 3143/3200/3143 3135/3192/3135 
f 4142/4240/4142 4143/4241/4143 4141/4239/4141 4140/4238/4140 
f 4144/4242/4144 4145/4243/4145 4146/4244/4146 4147/4245/4147 
f 4147/4245/4147 4146/4244/4146 4138/4236/4138 4137/4235/4137 
f 4125/4223/4125 4131/4229/4131 4147/4245/4147 4137/4235/4137 
f 4133/4231/4133 4144/4242/4144 4147/4245/4147 4131/4229/4131 
f 4148/4246/4148 4144/4242/4144 4133/4231/4133 4135/4233/4135 
f 4141/4239/4141 4148/4246/4148 4135/4233/4135 4129/4227/4129 
f 4143/4241/4143 4149/4247/4149 4148/4246/4148 4141/4239/4141 
f 4149/4247/4149 4145/4243/4145 4144/4242/4144 4148/4246/4148 
f 4150/4248/4150 4151/4249/4151 4152/4250/4152 4153/4251/4153 
f 3312/3371/3312 4150/4248/4150 4153/4251/4153 3123/3180/3123 
f 3313/3372/3313 4139/4237/4139 4150/4248/4150 3312/3371/3312 
f 4139/4237/4139 4138/4236/4138 4151/4249/4151 4150/4248/4150 
f 4154/4252/4154 4155/4253/4155 4143/4241/4143 4142/4240/4142 
f 3134/3191/3134 4154/4252/4154 4142/4240/4142 3135/3192/3135 
f 3126/3183/3126 4156/4254/4156 4154/4252/4154 3134/3191/3134 
f 4157/4255/4157 4155/4253/4155 4154/4252/4154 4156/4254/4156 
f 4158/4256/4158 4159/4257/4159 4160/4258/4160 4161/4259/4161 
f 4151/4249/4151 4158/4256/4158 4161/4259/4161 4152/4250/4152 
f 4138/4236/4138 4146/4244/4146 4158/4256/4158 4151/4249/4151 
f 4146/4244/4146 4145/4243/4145 4159/4257/4159 4158/4256/4158 
f 4162/4260/4162 4159/4257/4159 4145/4243/4145 4149/4247/4149 
f 4155/4253/4155 4162/4260/4162 4149/4247/4149 4143/4241/4143 
f 4157/4255/4157 4163/4261/4163 4162/4260/4162 4155/4253/4155 
f 4163/4261/4163 4160/4258/4160 4159/4257/4159 4162/4260/4162 
f 4164/4262/4164 4165/4263/4165 4166/4264/4166 4167/4265/4167 
f 3116/3173/3116 4164/4262/4164 4167/4265/4167 3117/3174/3117 
f 3123/3180/3123 4153/4251/4153 4164/4262/4164 3116/3173/3116 
f 4153/4251/4153 4152/4250/4152 4165/4263/4165 4164/4262/4164 
f 4156/4254/4156 3126/3183/3126 3125/3182/3125 4168/4266/4168 
f 4168/4266/4168 3125/3182/3125 3132/3189/3132 4169/4267/4169 
f 4170/4268/4170 4168/4266/4168 4169/4267/4169 4171/4269/4171 
f 4157/4255/4157 4156/4254/4156 4168/4266/4168 4170/4268/4170 
f 4163/4261/4163 4157/4255/4157 4170/4268/4170 4172/4270/4172 
f 4173/4271/4173 4172/4270/4172 4170/4268/4170 4171/4269/4171 
f 4174/4272/4174 4175/4273/4175 4172/4270/4172 4173/4271/4173 
f 4160/4258/4160 4163/4261/4163 4172/4270/4172 4175/4273/4175 
f 4176/4274/4176 4165/4263/4165 4152/4250/4152 4161/4259/4161 
f 4175/4273/4175 4176/4274/4176 4161/4259/4161 4160/4258/4160 
f 4174/4272/4174 4177/4275/4177 4176/4274/4176 4175/4273/4175 
f 4177/4275/4177 4166/4264/4166 4165/4263/4165 4176/4274/4176 
f 4178/4276/4178 4179/4277/4179 4180/4278/4180 4181/4279/4181 
f 3388/3447/3388 4178/4276/4178 4181/4279/4181 3350/3409/3350 
f 3392/3451/3392 3593/3652/3593 4178/4276/4178 3388/3447/3388 
f 3593/3652/3593 3592/3651/3592 4179/4277/4179 4178/4276/4178 
f 4182/4280/4182 3353/3412/3353 3117/3174/3117 4167/4265/4167 
f 4182/4280/4182 4167/4265/4167 4166/4264/4166 4183/4281/4183 
f 4184/4282/4184 4185/4283/4185 4182/4280/4182 4183/4281/4183 
f 4185/4283/4185 3354/3413/3354 3353/3412/3353 4182/4280/4182 
f 4186/4284/4186 4169/4267/4169 3132/3189/3132 3346/3405/3346 
f 4186/4284/4186 3346/3405/3346 3350/3409/3350 4181/4279/4181 
f 4187/4285/4187 4186/4284/4186 4181/4279/4181 4180/4278/4180 
f 4187/4285/4187 4171/4269/4171 4169/4267/4169 4186/4284/4186 
f 4188/4286/4188 4189/4287/4189 4190/4288/4190 4191/4289/4191 
f 3591/3650/3591 4188/4286/4188 4191/4289/4191 3592/3651/3592 
f 3595/3654/3595 3602/3661/3602 4188/4286/4188 3591/3650/3591 
f 3602/3661/3602 3578/3637/3578 4189/4287/4189 4188/4286/4188 
f 4192/4290/4192 4193/4291/4193 4174/4272/4174 4173/4271/4173 
f 4187/4285/4187 4192/4290/4192 4173/4271/4173 4171/4269/4171 
f 4180/4278/4180 4194/4292/4194 4192/4290/4192 4187/4285/4187 
f 4194/4292/4194 4195/4293/4195 4193/4291/4193 4192/4290/4192 
f 4196/4294/4196 4183/4281/4183 4166/4264/4166 4177/4275/4177 
f 4193/4291/4193 4196/4294/4196 4177/4275/4177 4174/4272/4174 
f 4195/4293/4195 4197/4295/4197 4196/4294/4196 4193/4291/4193 
f 4197/4295/4197 4184/4282/4184 4183/4281/4183 4196/4294/4196 
f 4198/4296/4198 4199/4297/4199 3518/3577/3518 3516/3575/3516 
f 3385/3444/3385 4198/4296/4198 3516/3575/3516 3386/3445/3386 
f 3354/3413/3354 4185/4283/4185 4198/4296/4198 3385/3444/3385 
f 4185/4283/4185 4184/4282/4184 4199/4297/4199 4198/4296/4198 
f 4200/4298/4200 4197/4295/4197 4195/4293/4195 4201/4299/4201 
f 4202/4300/4202 4200/4298/4200 4201/4299/4201 4190/4288/4190 
f 3518/3577/3518 4199/4297/4199 4200/4298/4200 4202/4300/4202 
f 4184/4282/4184 4197/4295/4197 4200/4298/4200 4199/4297/4199 
f 4203/4301/4203 4201/4299/4201 4195/4293/4195 4194/4292/4194 
f 4179/4277/4179 4203/4301/4203 4194/4292/4194 4180/4278/4180 
f 3592/3651/3592 4191/4289/4191 4203/4301/4203 4179/4277/4179 
f 4190/4288/4190 4201/4299/4201 4203/4301/4203 4191/4289/4191 
f 4204/4302/4204 4189/4287/4189 3578/3637/3578 3577/3636/3577 
f 3517/3576/3517 4204/4302/4204 3577/3636/3577 3513/3572/3513 
f 3518/3577/3518 4202/4300/4202 4204/4302/4204 3517/3576/3517 
f 4202/4300/4202 4190/4288/4190 4189/4287/4189 4204/4302/4204 
f 4205/4303/4205 3988/4079/3988 3987/4078/3987 4001/4092/4001 
f 3436/3495/3436 4205/4303/4205 4001/4092/4001 3414/3473/3414 
f 4206/4304/4206 4205/4303/4205 3436/3495/3436 3438/3497/3438 
f 3989/4080/3989 3988/4079/3988 4205/4303/4205 4206/4304/4206 
f 4207/4305/4207 4208/4306/4208 3989/4080/3989 4206/4304/4206 
f 3454/3513/3454 4207/4305/4207 4206/4304/4206 3438/3497/3438 
f 3456/3515/3456 3537/3596/3537 4207/4305/4207 3454/3513/3454 
f 3537/3596/3537 3538/3597/3538 4208/4306/4208 4207/4305/4207 
f 3990/4081/3990 3989/4080/3989 4208/4306/4208 4209/4307/4209 
f 4210/4308/4210 4209/4307/4209 4208/4306/4208 3538/3597/3538 
f 4211/4309/4211 4212/4310/4212 4209/4307/4209 4210/4308/4210 
f 3991/4082/3991 3990/4081/3990 4209/4307/4209 4212/4310/4212 
f 4213/4311/4213 4210/4308/4210 3538/3597/3538 3536/3595/3536 
f 3534/3593/3534 4213/4311/4213 3536/3595/3536 3459/3518/3459 
f 3531/3590/3531 4214/4312/4214 4213/4311/4213 3534/3593/3534 
f 4214/4312/4214 4211/4309/4211 4210/4308/4210 4213/4311/4213 
f 4215/4313/4215 4211/4309/4211 4214/4312/4214 4216/4314/4216 
f 3529/3588/3529 4216/4314/4216 4214/4312/4214 3531/3590/3531 
f 3625/3684/3625 4216/4314/4216 3529/3588/3529 3530/3589/3530 
f 3625/3684/3625 3624/3683/3624 4215/4313/4215 4216/4314/4216 
f 4217/4315/4217 4212/4310/4212 4211/4309/4211 4215/4313/4215 
f 3976/4067/3976 4217/4315/4217 4215/4313/4215 3624/3683/3624 
f 3992/4083/3992 4217/4315/4217 3976/4067/3976 3978/4069/3978 
f 3991/4082/3991 4212/4310/4212 4217/4315/4217 3992/4083/3992 
f 4218/4316/4218 4219/4317/4219 4220/4318/4220 4221/4319/4221 
f 4221/4319/4221 4220/4318/4220 4222/4320/4222 4223/4321/4223 
f 4224/4322/4224 4225/4323/4225 4221/4319/4221 4223/4321/4223 
f 4226/4324/4226 4218/4316/4218 4221/4319/4221 4225/4323/4225 
f 4227/4325/4227 4228/4326/4228 4229/4327/4229 4230/4328/4230 
f 4231/4329/4231 4227/4325/4227 4230/4328/4230 4232/4330/4232 
f 4219/4317/4219 4218/4316/4218 4227/4325/4227 4231/4329/4231 
f 4218/4316/4218 4226/4324/4226 4228/4326/4228 4227/4325/4227 
f 4233/4331/4233 4234/4332/4234 4235/4333/4235 4236/4334/4236 
f 4237/4335/4237 4233/4331/4233 4236/4334/4236 4238/4336/4238 
f 4232/4330/4232 4230/4328/4230 4233/4331/4233 4237/4335/4237 
f 4230/4328/4230 4229/4327/4229 4234/4332/4234 4233/4331/4233 
f 4239/4337/4239 4240/4338/4240 4241/4339/4241 4242/4340/4242 
f 4243/4341/4243 4239/4337/4239 4242/4340/4242 4244/4342/4244 
f 4238/4336/4238 4236/4334/4236 4239/4337/4239 4243/4341/4243 
f 4236/4334/4236 4235/4333/4235 4240/4338/4240 4239/4337/4239 
f 4245/4343/4245 4246/4344/4246 4247/4345/4247 4248/4346/4248 
f 4249/4347/4249 4245/4343/4245 4248/4346/4248 4250/4348/4250 
f 4244/4342/4244 4242/4340/4242 4245/4343/4245 4249/4347/4249 
f 4242/4340/4242 4241/4339/4241 4246/4344/4246 4245/4343/4245 
f 4251/4349/4251 4252/4350/4252 4253/4351/4253 4254/4352/4254 
f 4255/4353/4255 4254/4352/4254 4253/4351/4253 4256/4354/4256 
f 4250/4348/4250 4248/4346/4248 4254/4352/4254 4255/4353/4255 
f 4247/4345/4247 4251/4349/4251 4254/4352/4254 4248/4346/4248 
f 4257/4355/4257 4258/4356/4258 4259/4357/4259 4260/4358/4260 
f 4260/4358/4260 4259/4357/4259 4261/4359/4261 4262/4360/4262 
f 4253/4351/4253 4260/4358/4260 4262/4360/4262 4256/4354/4256 
f 4252/4350/4252 4257/4355/4257 4260/4358/4260 4253/4351/4253 
f 4263/4361/4263 4264/4362/4264 4265/4363/4265 4266/4364/4266 
f 4263/4361/4263 4266/4364/4266 4267/4365/4267 4268/4366/4268 
f 4259/4357/4259 4263/4361/4263 4268/4366/4268 4261/4359/4261 
f 4258/4356/4258 4264/4362/4264 4263/4361/4263 4259/4357/4259 
f 4269/4367/4269 4270/4368/4270 4271/4369/4271 4272/4370/4272 
f 4273/4371/4273 4269/4367/4269 4272/4370/4272 4274/4372/4274 
f 4275/4373/4275 4269/4367/4269 4273/4371/4273 4276/4374/4276 
f 4277/4375/4277 4270/4368/4270 4269/4367/4269 4275/4373/4275 
f 4278/4376/4278 4277/4375/4277 4275/4373/4275 4279/4377/4279 
f 4279/4377/4279 4275/4373/4275 4276/4374/4276 4280/4378/4280 
f 4281/4379/4281 4279/4377/4279 4280/4378/4280 4282/4380/4282 
f 4283/4381/4283 4278/4376/4278 4279/4377/4279 4281/4379/4281 
f 4284/4382/4284 4283/4381/4283 4281/4379/4281 4285/4383/4285 
f 4285/4383/4285 4281/4379/4281 4282/4380/4282 4286/4384/4286 
f 4287/4385/4287 4285/4383/4285 4286/4384/4286 4288/4386/4288 
f 4289/4387/4289 4284/4382/4284 4285/4383/4285 4287/4385/4287 
f 4290/4388/4290 4289/4387/4289 4287/4385/4287 4291/4389/4291 
f 4291/4389/4291 4287/4385/4287 4288/4386/4288 4292/4390/4292 
f 4293/4391/4293 4291/4389/4291 4292/4390/4292 4294/4392/4294 
f 4295/4393/4295 4290/4388/4290 4291/4389/4291 4293/4391/4293 
f 4296/4394/4296 4295/4393/4295 4293/4391/4293 4297/4395/4297 
f 4297/4395/4297 4293/4391/4293 4294/4392/4294 4298/4396/4298 
f 4299/4397/4299 4300/4398/4300 4297/4395/4297 4298/4396/4298 
f 4300/4398/4300 4301/4399/4301 4296/4394/4296 4297/4395/4297 
f 4302/4400/4302 4303/4401/4303 4301/4399/4301 4300/4398/4300 
f 4304/4402/4304 4302/4400/4302 4300/4398/4300 4299/4397/4299 
f 4305/4403/4305 4306/4404/4306 4302/4400/4302 4304/4402/4304 
f 4306/4404/4306 4307/4405/4307 4303/4401/4303 4302/4400/4302 
f 4308/4406/4308 4309/4407/4309 4307/4405/4307 4306/4404/4306 
f 4310/4408/4310 4308/4406/4308 4306/4404/4306 4305/4403/4305 
f 4311/4409/4311 4312/4410/4312 4308/4406/4308 4310/4408/4310 
f 4312/4410/4312 4313/4411/4313 4309/4407/4309 4308/4406/4308 
f 4314/4412/4314 4315/4413/4315 4313/4411/4313 4312/4410/4312 
f 4316/4414/4316 4314/4412/4314 4312/4410/4312 4311/4409/4311 
f 4317/4415/4317 4318/4416/4318 4314/4412/4314 4316/4414/4316 
f 4318/4416/4318 4319/4417/4319 4315/4413/4315 4314/4412/4314 
f 4225/4323/4225 4224/4322/4224 4320/4418/4320 4321/4419/4321 
f 4321/4419/4321 4320/4418/4320 4271/4369/4271 4270/4368/4270 
f 4322/4420/4322 4321/4419/4321 4270/4368/4270 4277/4375/4277 
f 4226/4324/4226 4225/4323/4225 4321/4419/4321 4322/4420/4322 
f 4323/4421/4323 4228/4326/4228 4226/4324/4226 4322/4420/4322 
f 4323/4421/4323 4322/4420/4322 4277/4375/4277 4278/4376/4278 
f 4283/4381/4283 4324/4422/4324 4323/4421/4323 4278/4376/4278 
f 4324/4422/4324 4229/4327/4229 4228/4326/4228 4323/4421/4323 
f 4325/4423/4325 4234/4332/4234 4229/4327/4229 4324/4422/4324 
f 4284/4382/4284 4325/4423/4325 4324/4422/4324 4283/4381/4283 
f 4289/4387/4289 4326/4424/4326 4325/4423/4325 4284/4382/4284 
f 4326/4424/4326 4235/4333/4235 4234/4332/4234 4325/4423/4325 
f 4327/4425/4327 4240/4338/4240 4235/4333/4235 4326/4424/4326 
f 4290/4388/4290 4327/4425/4327 4326/4424/4326 4289/4387/4289 
f 4295/4393/4295 4328/4426/4328 4327/4425/4327 4290/4388/4290 
f 4328/4426/4328 4241/4339/4241 4240/4338/4240 4327/4425/4327 
f 4329/4427/4329 4246/4344/4246 4241/4339/4241 4328/4426/4328 
f 4296/4394/4296 4329/4427/4329 4328/4426/4328 4295/4393/4295 
f 4301/4399/4301 4330/4428/4330 4329/4427/4329 4296/4394/4296 
f 4330/4428/4330 4247/4345/4247 4246/4344/4246 4329/4427/4329 
f 4251/4349/4251 4247/4345/4247 4330/4428/4330 4331/4429/4331 
f 4331/4429/4331 4330/4428/4330 4301/4399/4301 4303/4401/4303 
f 4332/4430/4332 4331/4429/4331 4303/4401/4303 4307/4405/4307 
f 4252/4350/4252 4251/4349/4251 4331/4429/4331 4332/4430/4332 
f 4257/4355/4257 4252/4350/4252 4332/4430/4332 4333/4431/4333 
f 4309/4407/4309 4333/4431/4333 4332/4430/4332 4307/4405/4307 
f 4313/4411/4313 4334/4432/4334 4333/4431/4333 4309/4407/4309 
f 4258/4356/4258 4257/4355/4257 4333/4431/4333 4334/4432/4334 
f 4335/4433/4335 4264/4362/4264 4258/4356/4258 4334/4432/4334 
f 4315/4413/4315 4335/4433/4335 4334/4432/4334 4313/4411/4313 
f 4319/4417/4319 4336/4434/4336 4335/4433/4335 4315/4413/4315 
f 4336/4434/4336 4265/4363/4265 4264/4362/4264 4335/4433/4335 
f 4337/4435/4337 4273/4371/4273 4274/4372/4274 4338/4436/4338 
f 4337/4435/4337 4338/4436/4338 4339/4437/4339 4340/4438/4340 
f 4341/4439/4341 4337/4435/4337 4340/4438/4340 4342/4440/4342 
f 4276/4374/4276 4273/4371/4273 4337/4435/4337 4341/4439/4341 
f 4280/4378/4280 4276/4374/4276 4341/4439/4341 4343/4441/4343 
f 4343/4441/4343 4341/4439/4341 4342/4440/4342 4344/4442/4344 
f 4345/4443/4345 4343/4441/4343 4344/4442/4344 4346/4444/4346 
f 4282/4380/4282 4280/4378/4280 4343/4441/4343 4345/4443/4345 
f 4286/4384/4286 4282/4380/4282 4345/4443/4345 4347/4445/4347 
f 4347/4445/4347 4345/4443/4345 4346/4444/4346 4348/4446/4348 
f 4349/4447/4349 4347/4445/4347 4348/4446/4348 4350/4448/4350 
f 4288/4386/4288 4286/4384/4286 4347/4445/4347 4349/4447/4349 
f 4292/4390/4292 4288/4386/4288 4349/4447/4349 4351/4449/4351 
f 4351/4449/4351 4349/4447/4349 4350/4448/4350 4352/4450/4352 
f 4353/4451/4353 4351/4449/4351 4352/4450/4352 4354/4452/4354 
f 4294/4392/4294 4292/4390/4292 4351/4449/4351 4353/4451/4353 
f 4298/4396/4298 4294/4392/4294 4353/4451/4353 4355/4453/4355 
f 4356/4454/4356 4355/4453/4355 4353/4451/4353 4354/4452/4354 
f 4357/4455/4357 4358/4456/4358 4355/4453/4355 4356/4454/4356 
f 4358/4456/4358 4299/4397/4299 4298/4396/4298 4355/4453/4355 
f 4359/4457/4359 4304/4402/4304 4299/4397/4299 4358/4456/4358 
f 4360/4458/4360 4359/4457/4359 4358/4456/4358 4357/4455/4357 
f 4361/4459/4361 4362/4460/4362 4359/4457/4359 4360/4458/4360 
f 4362/4460/4362 4305/4403/4305 4304/4402/4304 4359/4457/4359 
f 4363/4461/4363 4310/4408/4310 4305/4403/4305 4362/4460/4362 
f 4364/4462/4364 4363/4461/4363 4362/4460/4362 4361/4459/4361 
f 4365/4463/4365 4366/4464/4366 4363/4461/4363 4364/4462/4364 
f 4366/4464/4366 4311/4409/4311 4310/4408/4310 4363/4461/4363 
f 4367/4465/4367 4316/4414/4316 4311/4409/4311 4366/4464/4366 
f 4368/4466/4368 4367/4465/4367 4366/4464/4366 4365/4463/4365 
f 4369/4467/4369 4370/4468/4370 4367/4465/4367 4368/4466/4368 
f 4370/4468/4370 4317/4415/4317 4316/4414/4316 4367/4465/4367 
f 4371/4469/4371 2395/2424/2395 2393/2422/2393 4372/4470/4372 
f 4372/4470/4372 2393/2422/2393 2392/2421/2392 4373/4471/4373 
f 4374/4472/4374 4372/4470/4372 4373/4471/4373 4375/4473/4375 
f 4376/4474/4376 4371/4469/4371 4372/4470/4372 4374/4472/4374 
f 4373/4471/4373 2392/2421/2392 2402/2431/2402 4377/4475/4377 
f 4377/4475/4377 2402/2431/2402 2404/2433/2404 4378/4476/4378 
f 4379/4477/4379 4377/4475/4377 4378/4476/4378 4380/4478/4380 
f 4375/4473/4375 4373/4471/4373 4377/4475/4377 4379/4477/4379 
f 4381/4479/4381 4378/4476/4378 2404/2433/2404 2409/2438/2409 
f 4382/4480/4382 4381/4479/4381 2409/2438/2409 2412/2441/2412 
f 4383/4481/4383 4384/4482/4384 4381/4479/4381 4382/4480/4382 
f 4384/4482/4384 4380/4478/4380 4378/4476/4378 4381/4479/4381 
f 4385/4483/4385 4382/4480/4382 2412/2441/2412 2420/2449/2420 
f 4386/4484/4386 4385/4483/4385 2420/2449/2420 2419/2448/2419 
f 4387/4485/4387 4388/4486/4388 4385/4483/4385 4386/4484/4386 
f 4388/4486/4388 4383/4481/4383 4382/4480/4382 4385/4483/4385 
f 4389/4487/4389 4386/4484/4386 2419/2448/2419 2575/4488/2575 
f 4390/4489/4390 4389/4487/4389 2575/4488/2575 2580/4490/2580 
f 4391/4491/4391 4392/4492/4392 4389/4487/4389 4390/4489/4390 
f 4392/4492/4392 4387/4485/4387 4386/4484/4386 4389/4487/4389 
f 4390/4489/4390 2580/4490/2580 2597/4493/2597 4393/4494/4393 
f 4393/4494/4393 2597/4493/2597 2596/4495/2596 4394/4496/4394 
f 4395/4497/4395 4393/4494/4393 4394/4496/4394 4396/4498/4396 
f 4391/4491/4391 4390/4489/4390 4393/4494/4393 4395/4497/4395 
f 4394/4496/4394 2596/4495/2596 2996/4499/2996 4397/4500/4397 
f 4397/4500/4397 2996/4499/2996 2995/4501/2995 4398/4502/4398 
f 4399/4503/4399 4397/4500/4397 4398/4502/4398 4400/4504/4400 
f 4396/4498/4396 4394/4496/4394 4397/4500/4397 4399/4503/4399 
f 4398/4502/4398 2995/4501/2995 3001/4505/3001 4401/4506/4401 
f 4402/4507/4402 4401/4506/4401 3001/4505/3001 3000/4508/3000 
f 4403/4509/4403 4404/4510/4404 4401/4506/4401 4402/4507/4402 
f 4400/4504/4400 4398/4502/4398 4401/4506/4401 4404/4510/4404 
f 4405/4511/4405 4402/4507/4402 3000/4508/3000 3007/4512/3007 
f 4406/4513/4406 4405/4511/4405 3007/4512/3007 3005/4514/3005 
f 4407/4515/4407 4408/4516/4408 4405/4511/4405 4406/4513/4406 
f 4408/4516/4408 4403/4509/4403 4402/4507/4402 4405/4511/4405 
f 4409/4517/4409 4406/4513/4406 3005/4514/3005 3004/4518/3004 
f 4410/4519/4410 4409/4517/4409 3004/4518/3004 2916/4520/2916 
f 4411/4521/4411 4412/4522/4412 4409/4517/4409 4410/4519/4410 
f 4412/4522/4412 4407/4515/4407 4406/4513/4406 4409/4517/4409 
f 4413/4523/4413 4410/4519/4410 2916/4520/2916 2915/4524/2915 
f 4414/4525/4414 4413/4523/4413 2915/4524/2915 2910/4526/2910 
f 4415/4527/4415 4416/4528/4416 4413/4523/4413 4414/4525/4414 
f 4416/4528/4416 4411/4521/4411 4410/4519/4410 4413/4523/4413 
f 4417/4529/4417 4414/4525/4414 2910/4526/2910 2909/4530/2909 
f 4417/4529/4417 2909/4530/2909 2658/4531/2658 4418/4532/4418 
f 4419/4533/4419 4417/4529/4417 4418/4532/4418 4420/4534/4420 
f 4419/4533/4419 4415/4527/4415 4414/4525/4414 4417/4529/4417 
f 4418/4532/4418 2658/4531/2658 2657/4535/2657 4421/4536/4421 
f 4421/4536/4421 2657/4535/2657 2654/4537/2654 4422/4538/4422 
f 4423/4539/4423 4421/4536/4421 4422/4538/4422 4424/4540/4424 
f 4420/4534/4420 4418/4532/4418 4421/4536/4421 4423/4539/4423 
f 4422/4538/4422 2654/4537/2654 2653/4541/2653 4425/4542/4425 
f 4425/4542/4425 2653/4541/2653 2443/4543/2443 4426/4544/4426 
f 4427/4545/4427 4425/4542/4425 4426/4544/4426 4428/4546/4428 
f 4424/4540/4424 4422/4538/4422 4425/4542/4425 4427/4545/4427 
f 4429/4547/4429 4426/4544/4426 2443/4543/2443 2442/4548/2442 
f 4430/4549/4430 4429/4547/4429 2442/4548/2442 2447/4550/2447 
f 4431/4551/4431 4432/4552/4432 4429/4547/4429 4430/4549/4430 
f 4432/4552/4432 4428/4546/4428 4426/4544/4426 4429/4547/4429 
f 4433/4553/4433 4430/4549/4430 2447/4550/2447 2737/4554/2737 
f 4434/4555/4434 4433/4553/4433 2737/4554/2737 2736/4556/2736 
f 4435/4557/4435 4436/4558/4436 4433/4553/4433 4434/4555/4434 
f 4436/4558/4436 4431/4551/4431 4430/4549/4430 4433/4553/4433 
f 4437/4559/4437 4434/4555/4434 2736/4556/2736 2734/4560/2734 
f 4438/4561/4438 4437/4559/4437 2734/4560/2734 2733/4562/2733 
f 4439/4563/4439 4440/4564/4440 4437/4559/4437 4438/4561/4438 
f 4440/4564/4440 4435/4557/4435 4434/4555/4434 4437/4559/4437 
f 4438/4561/4438 2733/4562/2733 2741/4565/2741 4441/4566/4441 
f 4441/4566/4441 2741/4565/2741 2742/4567/2742 4442/4568/4442 
f 4443/4569/4443 4441/4566/4441 4442/4568/4442 4444/4570/4444 
f 4439/4563/4439 4438/4561/4438 4441/4566/4441 4443/4569/4443 
f 4442/4568/4442 2742/4567/2742 2837/4571/2837 4445/4572/4445 
f 4445/4572/4445 2837/4571/2837 2835/4573/2835 4446/4574/4446 
f 4447/4575/4447 4445/4572/4445 4446/4574/4446 4448/4576/4448 
f 4444/4570/4444 4442/4568/4442 4445/4572/4445 4447/4575/4447 
f 4446/4574/4446 2835/4573/2835 2833/4577/2833 4449/4578/4449 
f 4449/4578/4449 2833/4577/2833 2834/4579/2834 4450/4580/4450 
f 4451/4581/4451 4449/4578/4449 4450/4580/4450 4452/4582/4452 
f 4448/4576/4448 4446/4574/4446 4449/4578/4449 4451/4581/4451 
f 4450/4580/4450 2834/4579/2834 2843/4583/2843 4453/4584/4453 
f 4453/4584/4453 2843/4583/2843 2841/4585/2841 4454/4586/4454 
f 4455/4587/4455 4453/4584/4453 4454/4586/4454 4456/4588/4456 
f 4452/4582/4452 4450/4580/4450 4453/4584/4453 4455/4587/4455 
f 4457/4589/4457 4454/4586/4454 2841/4585/2841 2840/4590/2840 
f 4458/4591/4458 4457/4589/4457 2840/4590/2840 2460/4592/2460 
f 4459/4593/4459 4460/4594/4460 4457/4589/4457 4458/4591/4458 
f 4460/4594/4460 4456/4588/4456 4454/4586/4454 4457/4589/4457 
f 4461/4595/4461 4458/4591/4458 2460/4592/2460 2458/4596/2458 
f 4462/4597/4462 4461/4595/4461 2458/4596/2458 2454/4598/2454 
f 4463/4599/4463 4464/4600/4464 4461/4595/4461 4462/4597/4462 
f 4464/4600/4464 4459/4593/4459 4458/4591/4458 4461/4595/4461 
f 4462/4597/4462 2454/4598/2454 2452/4601/2452 4465/4602/4465 
f 4465/4602/4465 2452/4601/2452 2395/2424/2395 4371/4469/4371 
f 4466/4603/4466 4465/4602/4465 4371/4469/4371 4376/4474/4376 
f 4463/4599/4463 4462/4597/4462 4465/4602/4465 4466/4603/4466 
f 4467/4604/4467 4376/4474/4376 4374/4472/4374 4468/4605/4468 
f 4468/4605/4468 4374/4472/4374 4375/4473/4375 4469/4606/4469 
f 4370/4468/4370 4468/4605/4468 4469/4606/4469 4317/4415/4317 
f 4369/4467/4369 4467/4604/4467 4468/4605/4468 4370/4468/4370 
f 4469/4606/4469 4375/4473/4375 4379/4477/4379 4470/4607/4470 
f 4470/4607/4470 4379/4477/4379 4380/4478/4380 4471/4608/4471 
f 4319/4417/4319 4318/4416/4318 4470/4607/4470 4471/4608/4471 
f 4317/4415/4317 4469/4606/4469 4470/4607/4470 4318/4416/4318 
f 4472/4609/4472 4471/4608/4471 4380/4478/4380 4384/4482/4384 
f 4473/4610/4473 4472/4609/4472 4384/4482/4384 4383/4481/4383 
f 4265/4363/4265 4336/4434/4336 4472/4609/4472 4473/4610/4473 
f 4336/4434/4336 4319/4417/4319 4471/4608/4471 4472/4609/4472 
f 4474/4611/4474 4473/4610/4473 4383/4481/4383 4388/4486/4388 
f 4475/4612/4475 4474/4611/4474 4388/4486/4388 4387/4485/4387 
f 4267/4365/4267 4266/4364/4266 4474/4611/4474 4475/4612/4475 
f 4266/4364/4266 4265/4363/4265 4473/4610/4473 4474/4611/4474 
f 4476/4613/4476 4475/4612/4475 4387/4485/4387 4392/4492/4392 
f 4477/4614/4477 4476/4613/4476 4392/4492/4392 4391/4491/4391 
f 4261/4359/4261 4268/4366/4268 4476/4613/4476 4477/4614/4477 
f 4268/4366/4268 4267/4365/4267 4475/4612/4475 4476/4613/4476 
f 4477/4614/4477 4391/4491/4391 4395/4497/4395 4478/4615/4478 
f 4478/4615/4478 4395/4497/4395 4396/4498/4396 4479/4616/4479 
f 4262/4360/4262 4478/4615/4478 4479/4616/4479 4256/4354/4256 
f 4262/4360/4262 4261/4359/4261 4477/4614/4477 4478/4615/4478 
f 4479/4616/4479 4396/4498/4396 4399/4503/4399 4480/4617/4480 
f 4480/4617/4480 4399/4503/4399 4400/4504/4400 4481/4618/4481 
f 4255/4353/4255 4480/4617/4480 4481/4618/4481 4250/4348/4250 
f 4256/4354/4256 4479/4616/4479 4480/4617/4480 4255/4353/4255 
f 4481/4618/4481 4400/4504/4400 4404/4510/4404 4482/4619/4482 
f 4482/4619/4482 4404/4510/4404 4403/4509/4403 4483/4620/4483 
f 4249/4347/4249 4482/4619/4482 4483/4620/4483 4244/4342/4244 
f 4250/4348/4250 4481/4618/4481 4482/4619/4482 4249/4347/4249 
f 4484/4621/4484 4483/4620/4483 4403/4509/4403 4408/4516/4408 
f 4485/4622/4485 4484/4621/4484 4408/4516/4408 4407/4515/4407 
f 4238/4336/4238 4243/4341/4243 4484/4621/4484 4485/4622/4485 
f 4244/4342/4244 4483/4620/4483 4484/4621/4484 4243/4341/4243 
f 4486/4623/4486 4485/4622/4485 4407/4515/4407 4412/4522/4412 
f 4487/4624/4487 4486/4623/4486 4412/4522/4412 4411/4521/4411 
f 4232/4330/4232 4237/4335/4237 4486/4623/4486 4487/4624/4487 
f 4237/4335/4237 4238/4336/4238 4485/4622/4485 4486/4623/4486 
f 4488/4625/4488 4487/4624/4487 4411/4521/4411 4416/4528/4416 
f 4489/4626/4489 4488/4625/4488 4416/4528/4416 4415/4527/4415 
f 4219/4317/4219 4231/4329/4231 4488/4625/4488 4489/4626/4489 
f 4231/4329/4231 4232/4330/4232 4487/4624/4487 4488/4625/4488 
f 4489/4626/4489 4415/4527/4415 4419/4533/4419 4490/4627/4490 
f 4490/4627/4490 4419/4533/4419 4420/4534/4420 4491/4628/4491 
f 4220/4318/4220 4490/4627/4490 4491/4628/4491 4222/4320/4222 
f 4219/4317/4219 4489/4626/4489 4490/4627/4490 4220/4318/4220 
f 4491/4628/4491 4420/4534/4420 4423/4539/4423 4492/4629/4492 
f 4492/4629/4492 4423/4539/4423 4424/4540/4424 4493/4630/4493 
f 4223/4321/4223 4492/4629/4492 4493/4630/4493 4224/4322/4224 
f 4222/4320/4222 4491/4628/4491 4492/4629/4492 4223/4321/4223 
f 4493/4630/4493 4424/4540/4424 4427/4545/4427 4494/4631/4494 
f 4494/4631/4494 4427/4545/4427 4428/4546/4428 4495/4632/4495 
f 4320/4418/4320 4494/4631/4494 4495/4632/4495 4271/4369/4271 
f 4224/4322/4224 4493/4630/4493 4494/4631/4494 4320/4418/4320 
f 4496/4633/4496 4495/4632/4495 4428/4546/4428 4432/4552/4432 
f 4497/4634/4497 4496/4633/4496 4432/4552/4432 4431/4551/4431 
f 4274/4372/4274 4272/4370/4272 4496/4633/4496 4497/4634/4497 
f 4272/4370/4272 4271/4369/4271 4495/4632/4495 4496/4633/4496 
f 4498/4635/4498 4497/4634/4497 4431/4551/4431 4436/4558/4436 
f 4499/4636/4499 4498/4635/4498 4436/4558/4436 4435/4557/4435 
f 4339/4437/4339 4338/4436/4338 4498/4635/4498 4499/4636/4499 
f 4338/4436/4338 4274/4372/4274 4497/4634/4497 4498/4635/4498 
f 4500/4637/4500 4499/4636/4499 4435/4557/4435 4440/4564/4440 
f 4501/4638/4501 4500/4637/4500 4440/4564/4440 4439/4563/4439 
f 4342/4440/4342 4340/4438/4340 4500/4637/4500 4501/4638/4501 
f 4340/4438/4340 4339/4437/4339 4499/4636/4499 4500/4637/4500 
f 4501/4638/4501 4439/4563/4439 4443/4569/4443 4502/4639/4502 
f 4502/4639/4502 4443/4569/4443 4444/4570/4444 4503/4640/4503 
f 4344/4442/4344 4502/4639/4502 4503/4640/4503 4346/4444/4346 
f 4342/4440/4342 4501/4638/4501 4502/4639/4502 4344/4442/4344 
f 4503/4640/4503 4444/4570/4444 4447/4575/4447 4504/4641/4504 
f 4504/4641/4504 4447/4575/4447 4448/4576/4448 4505/4642/4505 
f 4348/4446/4348 4504/4641/4504 4505/4642/4505 4350/4448/4350 
f 4346/4444/4346 4503/4640/4503 4504/4641/4504 4348/4446/4348 
f 4505/4642/4505 4448/4576/4448 4451/4581/4451 4506/4643/4506 
f 4506/4643/4506 4451/4581/4451 4452/4582/4452 4507/4644/4507 
f 4352/4450/4352 4506/4643/4506 4507/4644/4507 4354/4452/4354 
f 4350/4448/4350 4505/4642/4505 4506/4643/4506 4352/4450/4352 
f 4507/4644/4507 4452/4582/4452 4455/4587/4455 4508/4645/4508 
f 4508/4645/4508 4455/4587/4455 4456/4588/4456 4509/4646/4509 
f 4356/4454/4356 4508/4645/4508 4509/4646/4509 4357/4455/4357 
f 4354/4452/4354 4507/4644/4507 4508/4645/4508 4356/4454/4356 
f 4510/4647/4510 4509/4646/4509 4456/4588/4456 4460/4594/4460 
f 4511/4648/4511 4510/4647/4510 4460/4594/4460 4459/4593/4459 
f 4360/4458/4360 4510/4647/4510 4511/4648/4511 4361/4459/4361 
f 4357/4455/4357 4509/4646/4509 4510/4647/4510 4360/4458/4360 
f 4512/4649/4512 4511/4648/4511 4459/4593/4459 4464/4600/4464 
f 4513/4650/4513 4512/4649/4512 4464/4600/4464 4463/4599/4463 
f 4364/4462/4364 4512/4649/4512 4513/4650/4513 4365/4463/4365 
f 4361/4459/4361 4511/4648/4511 4512/4649/4512 4364/4462/4364 
f 4513/4650/4513 4463/4599/4463 4466/4603/4466 4514/4651/4514 
f 4514/4651/4514 4466/4603/4466 4376/4474/4376 4467/4604/4467 
f 4368/4466/4368 4514/4651/4514 4467/4604/4467 4369/4467/4369 
f 4365/4463/4365 4513/4650/4513 4514/4651/4514 4368/4466/4368 
# 4512 polygons

